entry_time,exit_time,direction,entry_price,sl_price,tp_price,exit_price,exit_reason,pnl_pct,mae_pct,mfe_pct,duration_minutes,smallest_tf
2026-05-02 02:29:00+00:00,2026-05-02 03:29:00+00:00,SELL,78270.2,,,78382.22,TRANSITION,-0.001431196036294836,0.0031110179864111756,0.0004209775878942061,60,5
2026-05-02 03:29:00+00:00,2026-05-02 04:29:00+00:00,BUY,78382.22,,,78278.59,TRANSITION,-0.001322111060391051,0.0015495861178722215,0.0016917101863152871,60,5
2026-05-02 04:29:00+00:00,2026-05-02 06:59:00+00:00,SELL,78278.59,,,78327.8,TRANSITION,-0.0006286521001464948,0.0010810107846859517,0.003047959857222729,150,2
2026-05-02 06:59:00+00:00,2026-05-02 07:59:00+00:00,BUY,78327.8,,,78220.0,TRANSITION,-0.0013762674299546637,0.0015396832286877177,0.00018358743638899731,60,2
2026-05-02 07:59:00+00:00,2026-05-02 08:29:00+00:00,SELL,78220.0,,,78283.4,TRANSITION,-0.0008105343901814648,0.0009570442342112066,0.000699309639478357,30,16
2026-05-02 08:29:00+00:00,2026-05-02 09:59:00+00:00,BUY,78283.4,,,78293.57,TRANSITION,0.00012991259960621034,0.0008098779562460775,0.001412815488341153,90,2
2026-05-02 09:59:00+00:00,2026-05-02 12:29:00+00:00,SELL,78293.57,,,78242.85,TRANSITION,0.0006478182052498202,0.00023501291357635342,0.0025435038918267994,150,2
2026-05-02 12:29:00+00:00,2026-05-02 15:29:00+00:00,BUY,78242.85,,,78374.95,TRANSITION,0.0016883331831597554,0.0007396202975736427,0.0030874386605292676,180,3
2026-05-02 15:29:00+00:00,2026-05-02 15:59:00+00:00,SELL,78374.95,,,78487.67,TRANSITION,-0.0014382146336297651,0.0014383422254176357,1.275917878705034e-07,30,1
2026-05-02 15:59:00+00:00,2026-05-02 16:59:00+00:00,BUY,78487.67,,,78455.02,TRANSITION,-0.0004159889062829127,0.0007338732312985118,0.0013879887121123907,60,2
2026-05-02 16:59:00+00:00,2026-05-02 18:59:00+00:00,SELL,78455.02,,,78466.62,TRANSITION,-0.00014785542085122492,0.0004880503503790273,0.001841564759017466,120,2
2026-05-02 18:59:00+00:00,2026-05-02 23:59:00+00:00,BUY,78466.62,,,78686.85,SESSION_RESET,0.0028066711679439037,0.0006155483694848632,0.009339767661713995,300,1
2026-05-03 01:29:00+00:00,2026-05-03 02:59:00+00:00,SELL,78280.68,,,78171.85,TRANSITION,0.001390253636018328,0.0003629247983027676,0.00219632736966507,90,3
2026-05-03 02:59:00+00:00,2026-05-03 03:29:00+00:00,BUY,78171.85,,,78109.94,TRANSITION,-0.0007919730695896731,0.0007919730695896731,0.00022386575218572924,30,9
2026-05-03 03:29:00+00:00,2026-05-03 03:59:00+00:00,SELL,78109.94,,,78203.08,TRANSITION,-0.0011924218607772508,0.0013781856700951784,0.0,30,2
2026-05-03 03:59:00+00:00,2026-05-03 04:59:00+00:00,BUY,78203.08,,,78163.19,TRANSITION,-0.0005100822115957507,0.001062362249671007,0.0004267095362483849,60,1
2026-05-03 04:59:00+00:00,2026-05-03 05:59:00+00:00,SELL,78163.19,,,78249.42,TRANSITION,-0.0011032047182311254,0.001248157860496708,2.558749202031613e-07,60,12
2026-05-03 05:59:00+00:00,2026-05-03 06:29:00+00:00,BUY,78249.42,,,78115.33,TRANSITION,-0.0017136229252561427,0.0021129869077623387,0.0,30,2
2026-05-03 06:29:00+00:00,2026-05-03 06:59:00+00:00,SELL,78115.33,,,78288.3,TRANSITION,-0.002214290075968458,0.0028410556545046023,0.0,30,1
2026-05-03 06:59:00+00:00,2026-05-03 10:29:00+00:00,BUY,78288.3,,,78430.59,TRANSITION,0.00181751296170684,1.2773300747765919e-07,0.004041089153807086,210,6
2026-05-03 10:29:00+00:00,2026-05-03 11:29:00+00:00,SELL,78430.59,,,78508.7,TRANSITION,-0.0009959124367163448,0.0015820357847620649,0.0006450289357761623,60,2
2026-05-03 11:29:00+00:00,2026-05-03 13:29:00+00:00,BUY,78508.7,,,78643.99,TRANSITION,0.0017232485062166124,0.0,0.004713745100861522,120,23
2026-05-03 13:29:00+00:00,2026-05-03 14:29:00+00:00,SELL,78643.99,,,78693.38,TRANSITION,-0.0006280200178042774,0.0018050966132312442,0.000724785199733635,60,3
2026-05-03 14:29:00+00:00,2026-05-03 15:59:00+00:00,BUY,78693.38,,,78668.36,TRANSITION,-0.00031794288159949505,0.0007621988024915244,0.0015479065710482592,90,2
2026-05-03 15:59:00+00:00,2026-05-03 17:29:00+00:00,SELL,78668.36,,,78734.07,TRANSITION,-0.000835278630443121,0.0016104314364758885,0.0013945886249567983,90,10
2026-05-03 17:29:00+00:00,2026-05-03 19:29:00+00:00,BUY,78734.07,,,78681.7,TRANSITION,-0.0006651504234445125,0.001301342608098456,0.001127339155717401,120,1
2026-05-03 19:29:00+00:00,2026-05-03 20:29:00+00:00,SELL,78681.7,,,78921.69,TRANSITION,-0.0030501374525462115,0.0040327039197170745,2.2876984101803983e-05,60,1
2026-05-03 20:29:00+00:00,2026-05-03 23:29:00+00:00,BUY,78921.69,,,78657.46,TRANSITION,-0.0033480023045628637,0.0037846376579113083,0.006656091627029245,180,2
2026-05-03 23:29:00+00:00,2026-05-03 23:59:00+00:00,SELL,78657.46,,,78568.57,SESSION_RESET,0.0011300898859434236,0.0010067703686336652,0.002199918481985156,30,3
2026-05-04 00:59:00+00:00,2026-05-04 05:29:00+00:00,BUY,78547.14,,,80004.17,TRANSITION,0.01854975241619235,0.0017142571963790685,0.026587473458613457,270,2
2026-05-04 05:29:00+00:00,2026-05-04 08:29:00+00:00,SELL,80004.17,,,79740.01,TRANSITION,0.0033018278922211618,0.00132330602267351,0.006301796518856433,180,5
2026-05-04 08:29:00+00:00,2026-05-04 09:29:00+00:00,BUY,79740.01,,,79725.42,TRANSITION,-0.00018296962842112146,0.0014903434298540535,0.001043892520204164,60,1
2026-05-04 09:29:00+00:00,2026-05-04 09:59:00+00:00,SELL,79725.42,,,79838.48,TRANSITION,-0.0014181173332169046,0.0025660573503407287,0.0004080254453347356,30,1
2026-05-04 09:59:00+00:00,2026-05-04 10:29:00+00:00,BUY,79838.48,,,78508.32,TRANSITION,-0.01666063782777414,0.02049738421873758,0.0005200499809115113,30,1
2026-05-04 10:29:00+00:00,2026-05-04 12:29:00+00:00,SELL,78508.32,,,78960.0,TRANSITION,-0.005753275576397418,0.007852798276666661,0.0007116443199906697,120,1
2026-05-04 12:29:00+00:00,2026-05-04 13:59:00+00:00,BUY,78960.0,,,78790.0,TRANSITION,-0.0021529888551165147,0.004790526849037421,0.0020875126646403464,90,15
2026-05-04 13:59:00+00:00,2026-05-04 14:29:00+00:00,SELL,78790.0,,,79246.84,TRANSITION,-0.00579819774083001,0.0077083386216524495,0.003680670135804036,30,7
2026-05-04 14:29:00+00:00,2026-05-04 16:59:00+00:00,BUY,79246.84,,,80025.03,TRANSITION,0.009819823730510924,0.00018372972348168926,0.016383366201100282,150,1
2026-05-04 16:59:00+00:00,2026-05-04 17:29:00+00:00,SELL,80025.03,,,80448.16,TRANSITION,-0.005287470682610236,0.0059984982198694435,4.411119870868947e-05,30,3
2026-05-04 17:29:00+00:00,2026-05-04 18:59:00+00:00,BUY,80448.16,,,80114.91,TRANSITION,-0.004142419167821862,0.005131751925712117,0.0040874769541031355,90,21
2026-05-04 18:59:00+00:00,2026-05-04 19:59:00+00:00,SELL,80114.91,,,80053.31,TRANSITION,0.0007688955776147763,0.00028821102089481856,0.0026825218926165365,60,3
2026-05-04 19:59:00+00:00,2026-05-04 20:59:00+00:00,BUY,80053.31,,,79936.7,TRANSITION,-0.0014566543219762004,0.0019026071501602828,0.0012592858433960778,60,3
2026-05-04 20:59:00+00:00,2026-05-04 21:29:00+00:00,SELL,79936.7,,,80201.24,TRANSITION,-0.00330936853785568,0.004393476338152527,0.0,30,105
2026-05-04 21:29:00+00:00,2026-05-04 22:59:00+00:00,BUY,80201.24,,,80067.23,TRANSITION,-0.0016709217962217206,0.001975031807488372,0.0024432290573063093,90,1
2026-05-04 22:59:00+00:00,2026-05-04 23:59:00+00:00,SELL,80067.23,,,79861.01,SESSION_RESET,0.0025755855422999042,-1.2489504126421398e-07,0.004025616972136946,60,2
2026-05-05 00:59:00+00:00,2026-05-05 04:29:00+00:00,BUY,80170.66,,,80793.69,TRANSITION,0.007771296880928744,0.001121357863338143,0.011392197594481478,210,2
2026-05-05 04:29:00+00:00,2026-05-05 04:59:00+00:00,SELL,80793.69,,,80902.44,TRANSITION,-0.0013460209578248004,0.0019529990522773944,0.0008501901571769074,30,1
2026-05-05 04:59:00+00:00,2026-05-05 06:29:00+00:00,BUY,80902.44,,,80824.93,TRANSITION,-0.00095806751934811,0.0011426107791063203,0.0052047873957819036,90,12
2026-05-05 06:29:00+00:00,2026-05-05 06:59:00+00:00,SELL,80824.93,,,80976.0,TRANSITION,-0.0018691015259772819,0.0018691015259772819,0.00030844443663598616,30,10
2026-05-05 06:59:00+00:00,2026-05-05 07:59:00+00:00,BUY,80976.0,,,80855.59,TRANSITION,-0.001486983797668488,0.001852400711321873,0.001983180201541154,60,1
2026-05-05 07:59:00+00:00,2026-05-05 10:29:00+00:00,SELL,80855.59,,,80732.38,TRANSITION,0.0015238278516054593,0.0004935960519242206,0.004054512495672863,150,6
2026-05-05 10:29:00+00:00,2026-05-05 16:29:00+00:00,BUY,80732.38,,,81419.99,TRANSITION,0.008517152597260238,0.00029182838410062565,0.012138128468403907,360,10
2026-05-05 16:29:00+00:00,2026-05-05 17:29:00+00:00,SELL,81419.99,,,81418.14,TRANSITION,2.272169279320497e-05,0.0004700319909151244,0.004543724458821619,60,6
2026-05-05 17:29:00+00:00,2026-05-05 17:59:00+00:00,BUY,81418.14,,,81270.6,TRANSITION,-0.0018121268798328431,0.0020892150078594992,0.0,30,10
2026-05-05 17:59:00+00:00,2026-05-05 18:29:00+00:00,SELL,81270.6,,,81459.38,TRANSITION,-0.0023228572202001565,0.0040408216501415534,-1.2304572618833022e-07,30,5
2026-05-05 18:29:00+00:00,2026-05-05 21:29:00+00:00,BUY,81459.38,,,81474.85,TRANSITION,0.0001899106032970195,0.0006358997576461165,0.00407687856205131,180,2
2026-05-05 21:29:00+00:00,2026-05-05 22:29:00+00:00,SELL,81474.85,,,81438.84,TRANSITION,0.0004419768799820964,0.0015360568322616633,0.0020813784867354987,60,1
2026-05-05 22:29:00+00:00,2026-05-05 22:59:00+00:00,BUY,81438.84,,,81111.27,TRANSITION,-0.004022282242723404,0.007626827690571174,0.0,30,5
2026-05-05 22:59:00+00:00,2026-05-05 23:59:00+00:00,SELL,81111.27,,,80905.52,SESSION_RESET,0.002536638866584138,0.0013655315716298703,0.003960855254763044,60,2
2026-05-06 00:59:00+00:00,2026-05-06 02:29:00+00:00,BUY,81030.01,,,81144.57,TRANSITION,0.0014137971845247486,0.00041972103915567535,0.00622263282455477,90,6
2026-05-06 02:29:00+00:00,2026-05-06 02:59:00+00:00,SELL,81144.57,,,81363.54,TRANSITION,-0.0026985169802487903,0.0030969416684318908,0.00120229856415546,30,2
2026-05-06 02:59:00+00:00,2026-05-06 04:29:00+00:00,BUY,81363.54,,,81431.84,TRANSITION,0.0008394423349820192,6.600007816763311e-05,0.004883022543021149,90,3
2026-05-06 04:29:00+00:00,2026-05-06 05:59:00+00:00,SELL,81431.84,,,81333.0,TRANSITION,0.0012137758400153614,0.0007872841876101607,0.004566272848556492,90,1
2026-05-06 05:59:00+00:00,2026-05-06 07:59:00+00:00,BUY,81333.0,,,81359.82,TRANSITION,0.00032975544981750317,0.0014958258025648075,0.003418046795273751,120,1
2026-05-06 07:59:00+00:00,2026-05-06 08:29:00+00:00,SELL,81359.82,,,81570.0,TRANSITION,-0.002583339048685125,0.0032092008069829953,0.00038274420961125486,30,2
2026-05-06 08:29:00+00:00,2026-05-06 12:59:00+00:00,BUY,81570.0,,,82220.47,TRANSITION,0.007974377834988368,1.225940909648155e-05,0.015692043643496384,270,2
2026-05-06 12:59:00+00:00,2026-05-06 19:59:00+00:00,SELL,82220.47,,,81464.87,TRANSITION,0.009189925574495083,0.0,0.013189781084929351,420,2
2026-05-06 19:59:00+00:00,2026-05-06 22:29:00+00:00,BUY,81464.87,,,81249.99,TRANSITION,-0.0026377013797479836,0.002760330925465116,0.0028862747832287053,150,2
2026-05-06 22:29:00+00:00,2026-05-06 23:29:00+00:00,SELL,81249.99,,,81386.21,TRANSITION,-0.0016765540524989746,0.001828923302021222,0.003076800378683188,60,2
2026-05-06 23:29:00+00:00,2026-05-06 23:59:00+00:00,BUY,81386.21,,,81447.01,SESSION_RESET,0.0007470553058065777,0.0007824421360818689,0.0007506185630218743,30,5
2026-05-07 01:29:00+00:00,2026-05-07 02:29:00+00:00,BUY,81210.01,,,80898.0,TRANSITION,-0.0038420140571340253,0.004020070924754242,0.0009193447950567115,60,1
2026-05-07 02:29:00+00:00,2026-05-07 02:59:00+00:00,SELL,80898.0,,,81113.34,TRANSITION,-0.002661870503597079,0.003163242601794781,7.367302034668846e-05,30,5
2026-05-07 02:59:00+00:00,2026-05-07 03:59:00+00:00,BUY,81113.34,,,80834.91,TRANSITION,-0.003432604304051504,0.0034363028325549894,1.2328428356313802e-07,60,1
2026-05-07 03:59:00+00:00,2026-05-07 04:59:00+00:00,SELL,80834.91,,,80979.19,TRANSITION,-0.001784872402282613,0.0019135296866167478,0.0013585714389984101,60,2
2026-05-07 04:59:00+00:00,2026-05-07 08:59:00+00:00,BUY,80979.19,,,81231.24,TRANSITION,0.003112528045785626,0.0012939126706503095,0.009003918167124229,240,2
2026-05-07 08:59:00+00:00,2026-05-07 12:29:00+00:00,SELL,81231.24,,,81062.0,TRANSITION,0.0020834348952448,1.231053470901258e-07,0.008110672691934913,210,4
2026-05-07 12:29:00+00:00,2026-05-07 13:29:00+00:00,BUY,81062.0,,,80964.25,TRANSITION,-0.0012058671140608424,0.0024045792109742945,0.001455675902395697,60,2
2026-05-07 13:29:00+00:00,2026-05-07 17:59:00+00:00,SELL,80964.25,,,80094.52,TRANSITION,0.010742148540868296,2.0008831058094695e-05,0.01808514251660455,270,3
2026-05-07 17:59:00+00:00,2026-05-07 19:29:00+00:00,BUY,80094.52,,,79972.66,TRANSITION,-0.0015214524039846992,0.0020003865432991065,0.0021791753043777975,90,2
2026-05-07 19:29:00+00:00,2026-05-07 20:29:00+00:00,SELL,79972.66,,,80178.25,TRANSITION,-0.0025707535550273867,0.0049838282232952166,-1.2504273328861777e-07,60,13
2026-05-07 20:29:00+00:00,2026-05-07 20:59:00+00:00,BUY,80178.25,,,79879.99,TRANSITION,-0.0037199614608699337,0.003975392328967086,1.2472210349766066e-07,30,1
2026-05-07 20:59:00+00:00,2026-05-07 21:29:00+00:00,SELL,79879.99,,,79919.7,TRANSITION,-0.0004971207432548733,0.0004971207432548733,0.0027540063537815317,30,2
2026-05-07 21:29:00+00:00,2026-05-07 21:59:00+00:00,BUY,79919.7,,,79735.01,TRANSITION,-0.0023109446106529723,0.0023110697362477223,0.00019044115530965662,30,3
2026-05-07 21:59:00+00:00,2026-05-07 23:59:00+00:00,SELL,79735.01,,,80006.0,SESSION_RESET,-0.003398632545477893,0.004176584413797704,0.0019070669207917285,120,2
2026-05-08 04:29:00+00:00,2026-05-08 05:59:00+00:00,BUY,79729.75,,,79600.01,TRANSITION,-0.0016272470439203089,0.0022386875664354303,0.000617084588876763,90,2
2026-05-08 05:59:00+00:00,2026-05-08 07:59:00+00:00,SELL,79600.01,,,79682.4,TRANSITION,-0.0010350501212248518,0.0015953515583729857,0.0044149491941017725,120,1
2026-05-08 07:59:00+00:00,2026-05-08 12:59:00+00:00,BUY,79682.4,,,80025.82,TRANSITION,0.0043098601447749164,0.0002051896027227,0.010260735118420202,300,12
2026-05-08 12:59:00+00:00,2026-05-08 14:59:00+00:00,SELL,80025.82,,,80150.97,TRANSITION,-0.0015638702608732303,0.005197947362488589,0.005951579127836657,120,1
2026-05-08 14:59:00+00:00,2026-05-08 15:29:00+00:00,BUY,80150.97,,,79713.36,TRANSITION,-0.005459821634098759,0.006534044441383634,0.0006117206067499724,30,9
2026-05-08 15:29:00+00:00,2026-05-08 15:59:00+00:00,SELL,79713.36,,,80142.14,TRANSITION,-0.005379023039550695,0.0060753931335976,0.0011084716539360602,30,2
2026-05-08 15:59:00+00:00,2026-05-08 16:59:00+00:00,BUY,80142.14,,,79802.34,TRANSITION,-0.004239966639273707,0.005001613383420963,0.0004996123138213379,60,6
2026-05-08 16:59:00+00:00,2026-05-08 17:29:00+00:00,SELL,79802.34,,,80001.23,TRANSITION,-0.0024922828077472343,0.0030436450860964657,0.0007968438018233113,30,30
2026-05-08 17:29:00+00:00,2026-05-08 19:29:00+00:00,BUY,80001.23,,,80029.93,TRANSITION,0.00035874448430351746,0.0005836160269036155,0.003734442582945404,120,14
2026-05-08 19:29:00+00:00,2026-05-08 19:59:00+00:00,SELL,80029.93,,,80179.94,TRANSITION,-0.0018744237312216733,0.0018959156905424069,9.546428442458239e-05,30,30
2026-05-08 19:59:00+00:00,2026-05-08 20:59:00+00:00,BUY,80179.94,,,80133.09,TRANSITION,-0.0005843107390702191,0.0011247202230384255,0.0014965089771829547,60,1
2026-05-08 20:59:00+00:00,2026-05-08 21:29:00+00:00,SELL,80133.09,,,80200.17,TRANSITION,-0.0008371073672561703,0.0015185986213685548,0.0002092768418139064,30,1
2026-05-08 21:29:00+00:00,2026-05-08 22:59:00+00:00,BUY,80200.17,,,80262.0,TRANSITION,0.000770945996747909,0.0003705727805814023,0.002604982009389734,90,2
2026-05-08 22:59:00+00:00,2026-05-08 23:59:00+00:00,SELL,80262.0,,,80193.17,SESSION_RESET,0.0008575664698113895,0.0004643542398644947,0.0018810894321097894,60,1
2026-05-09 00:59:00+00:00,2026-05-09 04:59:00+00:00,BUY,80238.76,,,80379.9,TRANSITION,0.0017590002637129416,0.00026545774137073355,0.0053328341564601546,240,2
2026-05-09 04:59:00+00:00,2026-05-09 05:29:00+00:00,SELL,80379.9,,,80450.06,TRANSITION,-0.0008728550296778609,0.0010803695948864215,0.00045906999137836925,30,2
2026-05-09 05:29:00+00:00,2026-05-09 05:59:00+00:00,BUY,80450.06,,,80379.49,TRANSITION,-0.0008771901475274528,0.0008952137512390181,0.0003782470765094217,30,2
2026-05-09 05:59:00+00:00,2026-05-09 08:29:00+00:00,SELL,80379.49,,,80404.89,TRANSITION,-0.0003160010097102405,0.0006036365744543729,0.003041696333231341,150,2
2026-05-09 08:29:00+00:00,2026-05-09 09:29:00+00:00,BUY,80404.89,,,80255.29,TRANSITION,-0.0018605833550671585,0.0021682760837058107,0.000591381942068485,60,2
2026-05-09 09:29:00+00:00,2026-05-09 11:29:00+00:00,SELL,80255.29,,,80340.93,TRANSITION,-0.0010670947672109766,0.0013803451460958323,0.0011093349734328894,120,3
2026-05-09 11:29:00+00:00,2026-05-09 13:29:00+00:00,BUY,80340.93,,,80346.48,TRANSITION,6.908060436944048e-05,0.000832701339155449,0.0010090747020230783,120,5
2026-05-09 13:29:00+00:00,2026-05-09 13:59:00+00:00,SELL,80346.48,,,80391.18,TRANSITION,-0.0005563404893406294,0.0005563404893406294,0.0003457525457244529,30,2
2026-05-09 13:59:00+00:00,2026-05-09 14:29:00+00:00,BUY,80391.18,,,80324.11,TRANSITION,-0.0008342955035613663,0.001697574286134208,0.00044432735033869594,30,1
2026-05-09 14:29:00+00:00,2026-05-09 14:59:00+00:00,SELL,80324.11,,,80332.22,TRANSITION,-0.00010096594907806114,0.0005999444002554442,0.0008621321792423221,30,2
2026-05-09 14:59:00+00:00,2026-05-09 19:29:00+00:00,BUY,80332.22,,,80825.89,TRANSITION,0.006145354877532306,0.0012226725465821953,0.009308593737357176,270,3
2026-05-09 19:29:00+00:00,2026-05-09 19:59:00+00:00,SELL,80825.89,,,80938.53,TRANSITION,-0.0013936128634030435,0.0016345010243623743,0.00037475615795871345,30,2
2026-05-09 19:59:00+00:00,2026-05-09 22:29:00+00:00,BUY,80938.53,,,80758.76,TRANSITION,-0.0022210682600734668,0.002604569171196928,0.0,150,6
2026-05-09 22:29:00+00:00,2026-05-09 22:59:00+00:00,SELL,80758.76,,,80782.38,TRANSITION,-0.0002924760112712218,0.0007984273161203872,0.0010989519898522465,30,2
2026-05-09 22:59:00+00:00,2026-05-09 23:29:00+00:00,BUY,80782.38,,,80673.25,TRANSITION,-0.001350913404631117,0.0015097351674957632,0.0008370637260253454,30,2
2026-05-09 23:29:00+00:00,2026-05-09 23:59:00+00:00,SELL,80673.25,,,80678.4,SESSION_RESET,-6.383776530627165e-05,0.0004220729919769305,0.000636766214327492,30,5
2026-05-10 01:29:00+00:00,2026-05-10 01:59:00+00:00,SELL,80603.57,,,80685.56,TRANSITION,-0.0010172006029012198,0.0010813416825084662,0.0003620187046306704,30,2
2026-05-10 01:59:00+00:00,2026-05-10 03:59:00+00:00,BUY,80685.56,,,80775.0,TRANSITION,0.0011085007032237532,0.000924081087123863,0.002498464409244932,120,2
2026-05-10 03:59:00+00:00,2026-05-10 04:29:00+00:00,SELL,80775.0,,,80792.78,TRANSITION,-0.00022011761064684413,0.00038588672237695144,0.0003406994738471566,30,1
2026-05-10 04:29:00+00:00,2026-05-10 04:59:00+00:00,BUY,80792.78,,,80759.93,TRANSITION,-0.0004065957378865515,0.0008664140533349639,0.0005844581656925429,30,2
2026-05-10 04:59:00+00:00,2026-05-10 06:59:00+00:00,SELL,80759.93,,,80733.75,TRANSITION,0.0003241706623568522,0.0007007187846746655,0.0012501249072404083,120,1
2026-05-10 06:59:00+00:00,2026-05-10 09:29:00+00:00,BUY,80733.75,,,80820.02,TRANSITION,0.0010685741712729072,0.00022815736912998904,0.0022301701580813836,150,2
2026-05-10 09:29:00+00:00,2026-05-10 10:29:00+00:00,SELL,80820.02,,,80813.57,TRANSITION,7.98069587213303e-05,0.00029262551531160445,0.0015963866378652723,60,2
2026-05-10 10:29:00+00:00,2026-05-10 11:29:00+00:00,BUY,80813.57,,,80792.94,TRANSITION,-0.0002552789092228527,0.0007866253155256844,0.0020025102219836,60,3
2026-05-10 11:29:00+00:00,2026-05-10 12:29:00+00:00,SELL,80792.94,,,80927.32,TRANSITION,-0.001663264141644117,0.001756094034949151,0.00010817776899819759,60,2
2026-05-10 12:29:00+00:00,2026-05-10 14:29:00+00:00,BUY,80927.32,,,80909.94,TRANSITION,-0.0002147606024764524,0.0007646367135351158,0.0008982133598392703,120,1
2026-05-10 14:29:00+00:00,2026-05-10 14:59:00+00:00,SELL,80909.94,,,80990.11,TRANSITION,-0.0009908547701308176,0.0011051794130609695,0.0011583249227474543,30,10
2026-05-10 14:59:00+00:00,2026-05-10 20:59:00+00:00,BUY,80990.11,,,80734.88,TRANSITION,-0.003151372433004424,0.008770700521335216,0.00732188164703073,360,2
2026-05-10 20:59:00+00:00,2026-05-10 21:29:00+00:00,SELL,80734.88,,,80839.99,TRANSITION,-0.0013019156032683839,0.0025956563012169915,0.0020178391297541224,30,2
2026-05-10 21:29:00+00:00,2026-05-10 21:59:00+00:00,BUY,80839.99,,,80720.47,TRANSITION,-0.0014784761848684552,0.0015550471987936464,0.0012222910962754654,30,1
2026-05-10 21:59:00+00:00,2026-05-10 22:29:00+00:00,SELL,80720.47,,,81503.71,TRANSITION,-0.009703114959563606,0.012357831910542627,0.0006666214901870327,30,2
2026-05-10 22:29:00+00:00,2026-05-10 23:59:00+00:00,BUY,81503.71,,,82210.07,SESSION_RESET,0.008666599348667692,0.00044930470036284105,0.011970129948685777,90,3
2026-05-11 01:29:00+00:00,2026-05-11 02:29:00+00:00,BUY,81626.88,,,81241.58,TRANSITION,-0.004720258816703553,0.005942527755562959,0.0006121757930721002,60,3
2026-05-11 02:29:00+00:00,2026-05-11 04:59:00+00:00,SELL,81241.58,,,80824.61,TRANSITION,0.0051324703433882155,0.0004370914499692739,0.008820360214560102,150,2
2026-05-11 04:59:00+00:00,2026-05-11 06:59:00+00:00,BUY,80824.61,,,80822.86,TRANSITION,-2.1651821147049147e-05,0.0007779808649866007,0.0027825683291264154,120,1
2026-05-11 06:59:00+00:00,2026-05-11 09:29:00+00:00,SELL,80822.86,,,80918.98,TRANSITION,-0.001189267491895181,0.0015730697973320843,0.002486796433583336,150,2
2026-05-11 09:29:00+00:00,2026-05-11 10:59:00+00:00,BUY,80918.98,,,80940.0,TRANSITION,0.0002597660029822926,0.0008105638504093417,0.003472856429974823,90,2
2026-05-11 10:59:00+00:00,2026-05-11 11:29:00+00:00,SELL,80940.0,,,81100.33,TRANSITION,-0.0019808500123548525,0.002701507289350179,0.0004941932295527551,30,1
2026-05-11 11:29:00+00:00,2026-05-11 12:59:00+00:00,BUY,81100.33,,,81054.65,TRANSITION,-0.000563252948539267,0.0008700334511585547,0.0031581869025687644,90,2
2026-05-11 12:59:00+00:00,2026-05-11 14:59:00+00:00,SELL,81054.65,,,80953.38,TRANSITION,0.0012494039515313375,0.003425343271484109,0.007299766268807441,120,1
2026-05-11 14:59:00+00:00,2026-05-11 18:59:00+00:00,BUY,80953.38,,,81858.96,TRANSITION,0.011186438416777677,0.0015732511724649493,0.014624219519926037,240,2
2026-05-11 18:59:00+00:00,2026-05-11 19:29:00+00:00,SELL,81858.96,,,81902.53,TRANSITION,-0.000532256945360562,0.002716990296480543,0.0014643479467612327,30,1
2026-05-11 19:29:00+00:00,2026-05-11 20:59:00+00:00,BUY,81902.53,,,81821.02,TRANSITION,-0.0009952073519584165,0.0017585537345427404,0.002302492975491743,90,2
2026-05-11 20:59:00+00:00,2026-05-11 21:59:00+00:00,SELL,81821.02,,,81821.18,TRANSITION,-1.955487721724082e-06,0.0010428860456640817,0.002701261851783369,60,2
2026-05-11 21:59:00+00:00,2026-05-11 23:29:00+00:00,BUY,81821.18,,,81625.16,TRANSITION,-0.002395712210456871,0.002748310400803256,0.0018187222428228515,90,1
2026-05-11 23:29:00+00:00,2026-05-11 23:59:00+00:00,SELL,81625.16,,,81745.65,TRANSITION,-0.0014761379947064199,0.0024135940437972157,0.00011601814930593904,30,1
2026-05-11 23:59:00+00:00,2026-05-11 23:59:00+00:00,BUY,81745.65,,,81745.65,SESSION_RESET,0.0,0.0,0.0,0,480
2026-05-12 02:29:00+00:00,2026-05-12 03:29:00+00:00,BUY,81267.13,,,81171.31,TRANSITION,-0.0011790744917410886,0.002016805564562311,0.00033580612481323745,60,2
2026-05-12 03:29:00+00:00,2026-05-12 04:29:00+00:00,SELL,81171.31,,,81211.96,TRANSITION,-0.0005007927061914946,0.0006862030439079656,0.0021104747477895536,60,7
2026-05-12 04:29:00+00:00,2026-05-12 05:59:00+00:00,BUY,81211.96,,,81224.03,TRANSITION,0.00014862342935686358,0.00037432910128026376,0.0011485992949806757,90,5
2026-05-12 05:59:00+00:00,2026-05-12 11:59:00+00:00,SELL,81224.03,,,80784.87,TRANSITION,0.0054067743252828445,0.0009353143398573202,0.008956216528532158,360,1
2026-05-12 11:59:00+00:00,2026-05-12 13:29:00+00:00,BUY,80784.87,,,80661.67,TRANSITION,-0.001525038042395774,0.002050879081689344,0.0026506200975505026,90,1
2026-05-12 13:29:00+00:00,2026-05-12 17:29:00+00:00,SELL,80661.67,,,80426.27,TRANSITION,0.0029183625878312983,0.0028060415808400263,0.010142115827753154,240,2
2026-05-12 17:29:00+00:00,2026-05-12 20:59:00+00:00,BUY,80426.27,,,80696.87,TRANSITION,0.003364572297086403,0.0001392579812540988,0.005843613038376589,210,2
2026-05-12 20:59:00+00:00,2026-05-12 23:29:00+00:00,SELL,80696.87,,,80657.89,TRANSITION,0.0004830422790871062,0.001178112608332975,0.0024767999056220565,150,6
2026-05-12 23:29:00+00:00,2026-05-12 23:59:00+00:00,BUY,80657.89,,,80504.47,TRANSITION,-0.0019021077789165852,0.0027025254441939398,7.922349568032858e-05,30,5
2026-05-12 23:59:00+00:00,2026-05-12 23:59:00+00:00,SELL,80504.47,,,80504.47,SESSION_RESET,0.0,0.0,0.0,0,2
2026-05-13 00:59:00+00:00,2026-05-13 05:29:00+00:00,BUY,80718.0,,,81124.8,TRANSITION,0.005039768081468853,0.0004321217076736869,0.0072101637800739025,270,4
2026-05-13 05:29:00+00:00,2026-05-13 06:29:00+00:00,SELL,81124.8,,,81112.07,TRANSITION,0.00015691872275797197,0.0004383369820325926,0.0015506971974045287,60,2
2026-05-13 06:29:00+00:00,2026-05-13 06:59:00+00:00,BUY,81112.07,,,80980.05,TRANSITION,-0.0016276245939723158,0.0017152810919509839,0.00010639600246905429,30,2
2026-05-13 06:59:00+00:00,2026-05-13 07:59:00+00:00,SELL,80980.05,,,81026.92,TRANSITION,-0.0005787845277941337,0.0008515677626772501,0.0011228691511058287,60,7
2026-05-13 07:59:00+00:00,2026-05-13 10:29:00+00:00,BUY,81026.92,,,80974.02,TRANSITION,-0.000652869441415201,0.0010279299768520586,0.003674334406392359,150,2
2026-05-13 10:29:00+00:00,2026-05-13 17:29:00+00:00,SELL,80974.02,,,79331.97,TRANSITION,0.020278726435960605,0.0007499936399353264,0.027408420626764112,420,1
2026-05-13 17:29:00+00:00,2026-05-13 19:29:00+00:00,BUY,79331.97,,,79495.94,TRANSITION,0.002066884258641266,9.680838632908734e-05,0.00589963919968203,120,7
2026-05-13 19:29:00+00:00,2026-05-13 19:59:00+00:00,SELL,79495.94,,,79642.41,TRANSITION,-0.0018424840312599759,0.0018912915552667378,0.0004967549286165461,30,3
2026-05-13 19:59:00+00:00,2026-05-13 21:29:00+00:00,BUY,79642.41,,,79418.65,TRANSITION,-0.002809558374740409,0.0037922006629383023,0.0014764746571581209,90,1
2026-05-13 21:29:00+00:00,2026-05-13 22:59:00+00:00,SELL,79418.65,,,79428.46,TRANSITION,-0.0001235226234645417,0.001369577548850353,0.0024005696394989616,90,30
2026-05-13 22:59:00+00:00,2026-05-13 23:59:00+00:00,BUY,79428.46,,,79313.61,TRANSITION,-0.0014459552659085398,0.002450381135426831,0.0008882206705252545,60,15
2026-05-13 23:59:00+00:00,2026-05-13 23:59:00+00:00,SELL,79313.61,,,79313.61,SESSION_RESET,0.0,0.0,0.0,0,32
2026-05-14 01:59:00+00:00,2026-05-14 02:59:00+00:00,BUY,79604.6,,,79370.24,TRANSITION,-0.002944050971928765,0.004803491255530518,0.0008983149214994454,60,3
2026-05-14 02:59:00+00:00,2026-05-14 04:29:00+00:00,SELL,79370.24,,,79317.66,TRANSITION,0.0006624649238808116,0.0011309024641981019,0.005647456779770418,90,10
2026-05-14 04:29:00+00:00,2026-05-14 06:59:00+00:00,BUY,79317.66,,,79804.71,TRANSITION,0.0061404988498148195,0.0001482645857178504,0.008577408864557988,150,2
2026-05-14 06:59:00+00:00,2026-05-14 08:29:00+00:00,SELL,79804.71,,,79784.25,TRANSITION,0.0002563758454858918,0.0016650646308969746,0.0020082774563055746,90,1
2026-05-14 08:29:00+00:00,2026-05-14 09:29:00+00:00,BUY,79784.25,,,79735.51,TRANSITION,-0.0006108975142337646,0.0007498973794953484,0.0019142875943559778,60,3
2026-05-14 09:29:00+00:00,2026-05-14 12:29:00+00:00,SELL,79735.51,,,79423.19,TRANSITION,0.003916949926074248,0.00026926522449033266,0.006335947434210894,180,2
2026-05-14 12:29:00+00:00,2026-05-14 13:59:00+00:00,BUY,79423.19,,,79701.73,TRANSITION,0.003507036169159078,0.00025093426743508495,0.008014283989348754,90,5
2026-05-14 13:59:00+00:00,2026-05-14 14:29:00+00:00,SELL,79701.73,,,80143.4,TRANSITION,-0.0055415359240006245,0.006852674339691224,0.0017591838972628557,30,2
2026-05-14 14:29:00+00:00,2026-05-14 19:29:00+00:00,BUY,80143.4,,,81349.17,TRANSITION,0.01504515655687186,0.000659817277529904,0.023766523506614526,300,15
2026-05-14 19:29:00+00:00,2026-05-14 20:59:00+00:00,SELL,81349.17,,,81412.04,TRANSITION,-0.0007728413209378208,0.0029627837628829414,0.0022489473463588763,90,3
2026-05-14 20:59:00+00:00,2026-05-14 21:59:00+00:00,BUY,81412.04,,,81396.61,TRANSITION,-0.0001895297059254751,0.0017646038595764085,0.0014007756100941355,60,2
2026-05-14 21:59:00+00:00,2026-05-14 22:29:00+00:00,SELL,81396.61,,,81450.0,TRANSITION,-0.0006559241226385156,0.0012789230411439226,0.0007510140778590737,30,3
2026-05-14 22:29:00+00:00,2026-05-14 23:59:00+00:00,BUY,81450.0,,,81089.99,TRANSITION,-0.0044200122774707765,0.00478907305095159,0.0013469613259669295,90,2
2026-05-14 23:59:00+00:00,2026-05-14 23:59:00+00:00,SELL,81089.99,,,81089.99,SESSION_RESET,0.0,0.0,0.0,0,15
2026-05-15 01:29:00+00:00,2026-05-15 02:59:00+00:00,SELL,81390.19,,,81299.14,TRANSITION,0.0011186851879815356,0.0010029464238872604,0.007865689956000869,90,2
2026-05-15 02:59:00+00:00,2026-05-15 04:29:00+00:00,BUY,81299.14,,,80912.59,TRANSITION,-0.004754662841451987,0.0047830764261467046,0.0005125515472857186,90,9
2026-05-15 04:29:00+00:00,2026-05-15 06:29:00+00:00,SELL,80912.59,,,80524.85,TRANSITION,0.004792084890620739,0.0016180423837625054,0.007397983428784031,120,2
2026-05-15 06:29:00+00:00,2026-05-15 08:29:00+00:00,BUY,80524.85,,,80529.35,TRANSITION,5.588337016461378e-05,0.00030934550017793877,0.0059425133980378665,120,1
2026-05-15 08:29:00+00:00,2026-05-15 10:59:00+00:00,SELL,80529.35,,,80716.23,TRANSITION,-0.0023206445848624148,0.0030669563333119653,0.00199119948192809,150,2
2026-05-15 10:59:00+00:00,2026-05-15 11:59:00+00:00,BUY,80716.23,,,80628.53,TRANSITION,-0.001086522499873905,0.001562882706489069,0.00042531718837712996,60,2
2026-05-15 11:59:00+00:00,2026-05-15 16:29:00+00:00,SELL,80628.53,,,79312.0,TRANSITION,0.01632833936076968,8.570167408488649e-05,0.02442720957457613,270,2
2026-05-15 16:29:00+00:00,2026-05-15 18:29:00+00:00,BUY,79312.0,,,79282.49,TRANSITION,-0.00037207484365537073,0.002092747629614635,0.003151351623966138,120,2
2026-05-15 18:29:00+00:00,2026-05-15 23:59:00+00:00,SELL,79282.49,,,79113.21,SESSION_RESET,0.0021351498924920094,0.0006852711109351099,0.004680352496497108,330,2
2026-05-16 00:59:00+00:00,2026-05-16 01:59:00+00:00,SELL,79111.92,,,79168.0,TRANSITION,-0.0007088691565063994,0.0009370269360167806,0.0012883014342212685,60,2
2026-05-16 01:59:00+00:00,2026-05-16 03:59:00+00:00,BUY,79168.0,,,79083.18,TRANSITION,-0.0010713924818109208,0.0013670927647533842,0.0005528748989491218,120,2
2026-05-16 03:59:00+00:00,2026-05-16 05:59:00+00:00,SELL,79083.18,,,79027.37,TRANSITION,0.0007057126433205857,0.0005883678425679568,0.002822091878449919,120,1
2026-05-16 05:59:00+00:00,2026-05-16 06:29:00+00:00,BUY,79027.37,,,78824.77,TRANSITION,-0.0025636687643786106,0.002877104476588242,0.00026028956803202466,30,2
2026-05-16 06:29:00+00:00,2026-05-16 11:29:00+00:00,SELL,78824.77,,,78135.28,TRANSITION,0.008747123524749963,0.0009425971049456016,0.015030427618120599,300,10
2026-05-16 11:29:00+00:00,2026-05-16 12:29:00+00:00,BUY,78135.28,,,77987.16,TRANSITION,-0.0018956865579798953,0.002772883132945879,0.0007499813144587928,60,2
2026-05-16 12:29:00+00:00,2026-05-16 13:59:00+00:00,SELL,77987.16,,,78014.6,TRANSITION,-0.00035185279217761397,0.0016650176772688128,0.001971606608062267,90,15
2026-05-16 13:59:00+00:00,2026-05-16 17:59:00+00:00,BUY,78014.6,,,78201.5,TRANSITION,0.0023957054192419646,0.0015304827557919764,0.004486980642084793,240,2
2026-05-16 17:59:00+00:00,2026-05-16 19:29:00+00:00,SELL,78201.5,,,78285.04,TRANSITION,-0.001068265953977783,0.001614419160757786,0.000748195367096472,90,2
2026-05-16 19:29:00+00:00,2026-05-16 20:29:00+00:00,BUY,78285.04,,,78272.43,TRANSITION,-0.00016107802972318316,0.0007539116030341114,0.0004330329268530582,60,2
2026-05-16 20:29:00+00:00,2026-05-16 23:59:00+00:00,SELL,78272.43,,,78148.05,SESSION_RESET,0.001589065268575284,0.00045865447131267976,0.0018794612611360863,210,1
2026-05-17 00:59:00+00:00,2026-05-17 02:29:00+00:00,SELL,77945.85,,,77895.53,TRANSITION,0.0006455763841180381,0.002157266871809008,0.0028822573620019983,90,2
2026-05-17 02:29:00+00:00,2026-05-17 05:59:00+00:00,BUY,77895.53,,,78121.41,TRANSITION,0.002899781283983878,0.0005494538646826449,0.005500058860887237,210,1
2026-05-17 05:59:00+00:00,2026-05-17 06:59:00+00:00,SELL,78121.41,,,78104.8,TRANSITION,0.0002126177702117842,0.0010573285863630887,0.0013365094152806957,60,2
2026-05-17 06:59:00+00:00,2026-05-17 08:29:00+00:00,BUY,78104.8,,,78066.25,TRANSITION,-0.0004935676168430482,0.0006530968647254626,0.001330135919943453,90,2
2026-05-17 08:29:00+00:00,2026-05-17 09:29:00+00:00,SELL,78066.25,,,78150.0,TRANSITION,-0.0010728067506765087,0.0011351896626262353,0.00042579219573125697,60,2
2026-05-17 09:29:00+00:00,2026-05-17 12:59:00+00:00,BUY,78150.0,,,78364.83,TRANSITION,0.0027489443378119227,0.0007366602687141009,0.00575802943058228,210,1
2026-05-17 12:59:00+00:00,2026-05-17 16:29:00+00:00,SELL,78364.83,,,78141.36,TRANSITION,0.0028516618998599393,0.0,0.006569656311383586,210,3
2026-05-17 16:29:00+00:00,2026-05-17 16:59:00+00:00,BUY,78141.36,,,78034.36,TRANSITION,-0.0013693132548499283,0.0014861527877170894,0.0006692998432584602,30,1
2026-05-17 16:59:00+00:00,2026-05-17 17:59:00+00:00,SELL,78034.36,,,78089.98,TRANSITION,-0.0007127629418629863,0.0007442875164222753,0.0022768175455017284,60,1
2026-05-17 17:59:00+00:00,2026-05-17 22:29:00+00:00,BUY,78089.98,,,77999.84,TRANSITION,-0.0011543094261261102,0.0018263546744408867,0.005063133580006099,270,4
2026-05-17 22:29:00+00:00,2026-05-17 23:59:00+00:00,SELL,77999.84,,,77457.67,SESSION_RESET,0.006950911694177812,0.0016391059263712057,0.016213879413085885,90,9
2026-05-18 00:59:00+00:00,2026-05-18 01:29:00+00:00,BUY,77209.95,,,76900.0,TRANSITION,-0.004014378975766687,0.004712086978426905,0.0010567290873779416,30,3
2026-05-18 01:29:00+00:00,2026-05-18 01:59:00+00:00,SELL,76900.0,,,77109.22,TRANSITION,-0.0027206762028608735,0.0033851755526658907,0.0020162548764629767,30,9
2026-05-18 01:59:00+00:00,2026-05-18 02:59:00+00:00,BUY,77109.22,,,76835.41,TRANSITION,-0.0035509372290369124,0.0052083265788449235,0.001462989769576163,60,1
2026-05-18 02:59:00+00:00,2026-05-18 03:29:00+00:00,SELL,76835.41,,,76963.01,TRANSITION,-0.001660692641582719,0.002327442516412703,5.336081371902518e-06,30,3
2026-05-18 03:29:00+00:00,2026-05-18 04:29:00+00:00,BUY,76963.01,,,76817.04,TRANSITION,-0.0018966254048535937,0.0024817116690212613,0.0009694267414956949,60,3
2026-05-18 04:29:00+00:00,2026-05-18 04:59:00+00:00,SELL,76817.04,,,77038.49,TRANSITION,-0.002882823915110653,0.0032900252339846795,0.000468385660264909,30,9
2026-05-18 04:59:00+00:00,2026-05-18 05:59:00+00:00,BUY,77038.49,,,76931.4,TRANSITION,-0.0013900843591302355,0.0020010776431366125,0.0005508934559852844,60,1
2026-05-18 05:59:00+00:00,2026-05-18 06:59:00+00:00,SELL,76931.4,,,76912.52,TRANSITION,0.0002454134462649855,0.00047314880529938014,0.004524420457706378,60,20
2026-05-18 06:59:00+00:00,2026-05-18 08:29:00+00:00,BUY,76912.52,,,76980.54,TRANSITION,0.0008843813724994256,0.0018331215776053785,0.003502160636525764,90,1
2026-05-18 08:29:00+00:00,2026-05-18 08:59:00+00:00,SELL,76980.54,,,77040.42,TRANSITION,-0.0007778589238267835,0.0007779888267866064,0.001171724698215901,30,2
2026-05-18 08:59:00+00:00,2026-05-18 09:59:00+00:00,BUY,77040.42,,,76933.16,TRANSITION,-0.0013922561689045149,0.002119017523528558,0.00010020713801925229,60,1
2026-05-18 09:59:00+00:00,2026-05-18 11:59:00+00:00,SELL,76933.16,,,77285.83,TRANSITION,-0.004584109114977186,0.006113358660946625,0.003439089204187138,120,8
2026-05-18 11:59:00+00:00,2026-05-18 13:29:00+00:00,BUY,77285.83,,,77280.91,TRANSITION,-6.36597937810625e-05,0.00012770775703638485,0.0066528366195976445,90,20
2026-05-18 13:29:00+00:00,2026-05-18 17:29:00+00:00,SELL,77280.91,,,76666.0,TRANSITION,0.007956816243494072,9.05786435485814e-05,0.015914797069548008,240,1
2026-05-18 17:29:00+00:00,2026-05-18 18:29:00+00:00,BUY,76666.0,,,76354.74,TRANSITION,-0.004059948347376865,0.0068056243967338165,0.0011897059974435395,60,2
2026-05-18 18:29:00+00:00,2026-05-18 19:29:00+00:00,SELL,76354.74,,,76638.35,TRANSITION,-0.0037143732006683612,0.007398885779716986,0.0018753256182917042,60,1
2026-05-18 19:29:00+00:00,2026-05-18 20:59:00+00:00,BUY,76638.35,,,76909.92,TRANSITION,0.00354352618499736,0.0002655328565921085,0.0070955337634486335,90,2
2026-05-18 20:59:00+00:00,2026-05-18 21:29:00+00:00,SELL,76909.92,,,77018.82,TRANSITION,-0.0014159421827510514,0.00218281334839517,0.0014292044511292985,30,1
2026-05-18 21:29:00+00:00,2026-05-18 23:29:00+00:00,BUY,77018.82,,,77033.77,TRANSITION,0.00019410840103752677,0.0010598708211837658,0.00264831374980799,120,2
2026-05-18 23:29:00+00:00,2026-05-18 23:59:00+00:00,SELL,77033.77,,,77001.87,SESSION_RESET,0.00041410410005908747,0.0011004264752976457,0.0011030227392480098,30,2
2026-05-19 04:59:00+00:00,2026-05-19 05:59:00+00:00,BUY,76927.25,,,76911.24,TRANSITION,-0.00020811870955993826,0.0036693109398815643,0.0009456986958457504,60,10
2026-05-19 05:59:00+00:00,2026-05-19 06:29:00+00:00,SELL,76911.24,,,77009.99,TRANSITION,-0.0012839475738526643,0.0017470788404919143,0.0003264802387791509,30,2
2026-05-19 06:29:00+00:00,2026-05-19 08:59:00+00:00,BUY,77009.99,,,77048.71,TRANSITION,0.0005027919105040938,0.000844176190647594,0.003986885337863293,150,3
2026-05-19 08:59:00+00:00,2026-05-19 10:29:00+00:00,SELL,77048.71,,,76837.54,TRANSITION,0.0027407337514153422,0.0003288828586487237,0.004405265188735967,90,1
2026-05-19 10:29:00+00:00,2026-05-19 11:59:00+00:00,BUY,76837.54,,,76714.62,TRANSITION,-0.0015997388776371323,0.00265117805697569,0.0034674457303032814,90,2
2026-05-19 11:59:00+00:00,2026-05-19 12:29:00+00:00,SELL,76714.62,,,76849.98,TRANSITION,-0.0017644615850277378,0.0017647222915267607,0.0008415605786745431,30,1
2026-05-19 12:29:00+00:00,2026-05-19 13:29:00+00:00,BUY,76849.98,,,76601.01,TRANSITION,-0.0032396885464381535,0.0032398186700893865,0.0017294734494401104,60,2
2026-05-19 13:29:00+00:00,2026-05-19 16:29:00+00:00,SELL,76601.01,,,76612.0,TRANSITION,-0.0001434706931410596,0.005844701003289727,0.0059568405168546525,180,3
2026-05-19 16:29:00+00:00,2026-05-19 18:29:00+00:00,BUY,76612.0,,,76773.9,TRANSITION,0.0021132459666892154,1.3052785457580158e-07,0.005265624184200954,120,2
2026-05-19 18:29:00+00:00,2026-05-19 20:59:00+00:00,SELL,76773.9,,,77022.23,TRANSITION,-0.003234562787614043,0.003802073360868847,0.0003790350626969748,150,2
2026-05-19 20:59:00+00:00,2026-05-19 21:59:00+00:00,BUY,77022.23,,,76982.34,TRANSITION,-0.0005179024289481026,0.00062929884008813,0.00024148872345043532,60,2
2026-05-19 21:59:00+00:00,2026-05-19 23:29:00+00:00,SELL,76982.34,,,76903.88,TRANSITION,0.0010191947919482812,0.0,0.004408673469785401,90,2
2026-05-19 23:29:00+00:00,2026-05-19 23:59:00+00:00,BUY,76903.88,,,76834.36,SESSION_RESET,-0.000903985598646051,0.0010579440205097659,0.0009907172433952919,30,2
2026-05-20 01:29:00+00:00,2026-05-20 01:59:00+00:00,SELL,76578.3,,,76820.98,TRANSITION,-0.003169043971986751,0.0044942235594157024,0.0005446712711042998,30,1
2026-05-20 01:59:00+00:00,2026-05-20 04:29:00+00:00,BUY,76820.98,,,76772.83,TRANSITION,-0.0006267819025479001,0.002876557940291779,0.0011538514608899733,150,10
2026-05-20 04:29:00+00:00,2026-05-20 05:29:00+00:00,SELL,76772.83,,,77165.0,TRANSITION,-0.0051081873626385565,0.006568078837265736,0.0010528464301759065,60,2
2026-05-20 05:29:00+00:00,2026-05-20 07:59:00+00:00,BUY,77165.0,,,77282.64,TRANSITION,0.0015245253677185176,0.00012959243180198278,0.003981209097388795,150,1
2026-05-20 07:59:00+00:00,2026-05-20 08:59:00+00:00,SELL,77282.64,,,77458.04,TRANSITION,-0.002269591204441181,0.004566096603325205,0.0009356564423782323,60,12
2026-05-20 08:59:00+00:00,2026-05-20 11:29:00+00:00,BUY,77458.04,,,77467.9,TRANSITION,0.00012729472628019743,0.0011890308610957789,0.002646077799025207,150,2
2026-05-20 11:29:00+00:00,2026-05-20 12:29:00+00:00,SELL,77467.9,,,77501.54,TRANSITION,-0.00043424437734854594,0.0008492549817409296,0.001803327571807124,60,1
2026-05-20 12:29:00+00:00,2026-05-20 13:29:00+00:00,BUY,77501.54,,,77303.08,TRANSITION,-0.002560723309498003,0.0028423951317611703,0.003180710989743034,60,5
2026-05-20 13:29:00+00:00,2026-05-20 14:29:00+00:00,SELL,77303.08,,,77412.9,TRANSITION,-0.001420641971833366,0.003508398371707723,0.005322815080589301,60,2
2026-05-20 14:29:00+00:00,2026-05-20 16:29:00+00:00,BUY,77412.9,,,77088.0,TRANSITION,-0.004196974922784112,0.005096308238032544,0.005685615704876054,120,15
2026-05-20 16:29:00+00:00,2026-05-20 16:59:00+00:00,SELL,77088.0,,,77338.6,TRANSITION,-0.0032508302200083775,0.003549709422997087,0.0007409713574096532,30,2
2026-05-20 16:59:00+00:00,2026-05-20 18:59:00+00:00,BUY,77338.6,,,77415.09,TRANSITION,0.0009890274714048442,0.0013930947806141466,0.004849583519743021,120,2
2026-05-20 18:59:00+00:00,2026-05-20 19:29:00+00:00,SELL,77415.09,,,77562.71,TRANSITION,-0.0019068633776697787,0.0019069925514522384,0.0008316208119113484,30,2
2026-05-20 19:29:00+00:00,2026-05-20 21:29:00+00:00,BUY,77562.71,,,77615.51,TRANSITION,0.0006807394945327253,0.0011154844899050596,0.0026287116579603704,120,1
2026-05-20 21:29:00+00:00,2026-05-20 22:59:00+00:00,SELL,77615.51,,,77504.69,TRANSITION,0.0014278074060196531,0.0005772042211666575,0.0050105964645467665,90,2
2026-05-20 22:59:00+00:00,2026-05-20 23:29:00+00:00,BUY,77504.69,,,77394.19,TRANSITION,-0.0014257201725469775,0.0015193919232501841,0.0,30,1
2026-05-20 23:29:00+00:00,2026-05-20 23:59:00+00:00,SELL,77394.19,,,77552.23,TRANSITION,-0.002042013748060334,0.002133881109163287,1.2920866552532206e-07,30,1
2026-05-20 23:59:00+00:00,2026-05-20 23:59:00+00:00,BUY,77552.23,,,77552.23,SESSION_RESET,0.0,0.0,0.0,0,3
2026-05-21 05:29:00+00:00,2026-05-21 07:59:00+00:00,SELL,77869.36,,,77889.01,TRANSITION,-0.0002523457236581138,0.0005776341297783355,0.004473646630715863,150,5
2026-05-21 07:59:00+00:00,2026-05-21 09:59:00+00:00,BUY,77889.01,,,77633.02,TRANSITION,-0.0032865997398091296,0.0032865997398091296,0.003992732735979123,120,4
2026-05-21 09:59:00+00:00,2026-05-21 13:29:00+00:00,SELL,77633.02,,,77303.73,TRANSITION,0.004241622958890536,0.000579521445900091,0.007114240821753461,210,1
2026-05-21 13:29:00+00:00,2026-05-21 13:59:00+00:00,BUY,77303.73,,,77122.68,TRANSITION,-0.002342060337838846,0.0075579794144473335,0.00015096296129563547,30,2
2026-05-21 13:59:00+00:00,2026-05-21 15:29:00+00:00,SELL,77122.68,,,77272.0,TRANSITION,-0.001936136036766448,0.0025561871034566483,0.004329206402059552,90,5
2026-05-21 15:29:00+00:00,2026-05-21 16:29:00+00:00,BUY,77272.0,,,77182.01,TRANSITION,-0.0011645874314111869,0.0026171187493528826,0.0016839217310279965,60,1
2026-05-21 16:29:00+00:00,2026-05-21 16:59:00+00:00,SELL,77182.01,,,77207.93,TRANSITION,-0.0003358295540631587,0.0013665101491915172,0.0022448236318281262,30,3
2026-05-21 16:59:00+00:00,2026-05-21 18:59:00+00:00,BUY,77207.93,,,77387.74,TRANSITION,0.0023289058520285706,0.0003380481771754698,0.011530292289924242,120,1
2026-05-21 18:59:00+00:00,2026-05-21 19:59:00+00:00,SELL,77387.74,,,77690.56,TRANSITION,-0.003913022915515978,0.005359634484738662,0.00028131070890562344,60,1
2026-05-21 19:59:00+00:00,2026-05-21 21:59:00+00:00,BUY,77690.56,,,77672.29,TRANSITION,-0.0002351637058608417,0.0005812804026641524,0.001580500899980746,120,1
2026-05-21 21:59:00+00:00,2026-05-21 22:29:00+00:00,SELL,77672.29,,,77698.95,TRANSITION,-0.0003432369510414009,0.0010083390099610426,0.0009307051459406386,30,3
2026-05-21 22:29:00+00:00,2026-05-21 22:59:00+00:00,BUY,77698.95,,,77628.0,TRANSITION,-0.0009131397528537656,0.0018484162269888505,0.0002245847595108697,30,1
2026-05-21 22:59:00+00:00,2026-05-21 23:29:00+00:00,SELL,77628.0,,,77655.11,TRANSITION,-0.00034922965940125446,0.0011495852012161235,0.001205364043901775,30,60
2026-05-21 23:29:00+00:00,2026-05-21 23:59:00+00:00,BUY,77655.11,,,77615.52,TRANSITION,-0.0005098183493655022,0.0007208797978651492,0.0011625764228522608,30,3
2026-05-21 23:59:00+00:00,2026-05-21 23:59:00+00:00,SELL,77615.52,,,77615.52,SESSION_RESET,0.0,0.0,0.0,0,4
2026-05-22 01:59:00+00:00,2026-05-22 04:59:00+00:00,BUY,77616.0,,,77655.42,TRANSITION,0.000507884972170664,0.0002942692228406064,0.0036590393733250876,180,2
2026-05-22 04:59:00+00:00,2026-05-22 07:29:00+00:00,SELL,77655.42,,,77509.05,TRANSITION,0.001884865216104624,0.0009088869778825708,0.004721499156143823,150,1
2026-05-22 07:29:00+00:00,2026-05-22 07:59:00+00:00,BUY,77509.05,,,77408.06,TRANSITION,-0.0013029446238859235,0.001406932480787765,0.0004429160207743708,30,2
2026-05-22 07:59:00+00:00,2026-05-22 08:29:00+00:00,SELL,77408.06,,,77490.56,TRANSITION,-0.001065780488491767,0.0016398809116260288,0.0005185506522188958,30,1
2026-05-22 08:29:00+00:00,2026-05-22 08:59:00+00:00,BUY,77490.56,,,77267.38,TRANSITION,-0.0028800927493618966,0.0035431412548831455,6.349160465478961e-05,30,15
2026-05-22 08:59:00+00:00,2026-05-22 10:29:00+00:00,SELL,77267.38,,,77347.24,TRANSITION,-0.001033553874869325,0.0011986947143800572,0.0008720368155359306,90,1
2026-05-22 10:29:00+00:00,2026-05-22 13:29:00+00:00,BUY,77347.24,,,77306.59,TRANSITION,-0.0005255520429689376,0.0021046646266887886,0.0030731542586393138,180,2
2026-05-22 13:29:00+00:00,2026-05-22 15:29:00+00:00,SELL,77306.59,,,76912.96,TRANSITION,0.005091803945821309,0.0008380915520915895,0.009528165710064259,120,1
2026-05-22 15:29:00+00:00,2026-05-22 17:59:00+00:00,BUY,76912.96,,,76750.0,TRANSITION,-0.002118758659138933,0.003457934787583346,0.002350189096869952,150,1
2026-05-22 17:59:00+00:00,2026-05-22 23:59:00+00:00,SELL,76750.0,,,75539.5,SESSION_RESET,0.01577198697068404,0.0019283387622149838,0.01812143322475579,360,1
2026-05-23 00:59:00+00:00,2026-05-23 01:29:00+00:00,SELL,75352.64,,,75468.0,TRANSITION,-0.001530935080708527,0.0019556050060090873,1.3270935158690273e-07,30,2
2026-05-23 01:29:00+00:00,2026-05-23 04:29:00+00:00,BUY,75468.0,,,75588.0,TRANSITION,0.0015900779138177772,0.0015635766152541474,0.002605342661790366,180,2
2026-05-23 04:29:00+00:00,2026-05-23 08:59:00+00:00,SELL,75588.0,,,74684.3,TRANSITION,0.011955601418214492,0.000828570672593595,0.017177329734878476,270,15
2026-05-23 08:59:00+00:00,2026-05-23 09:59:00+00:00,BUY,74684.3,,,74656.91,TRANSITION,-0.0003667437466776741,0.0008007037623704434,0.0009125077158116789,60,4
2026-05-23 09:59:00+00:00,2026-05-23 11:29:00+00:00,SELL,74656.91,,,74853.96,TRANSITION,-0.0026394073904211,0.0029018077496108454,0.0,90,1
2026-05-23 11:29:00+00:00,2026-05-23 12:29:00+00:00,BUY,74853.96,,,74736.9,TRANSITION,-0.0015638451192163008,0.0025905109095097105,0.0,60,2
2026-05-23 12:29:00+00:00,2026-05-23 12:59:00+00:00,SELL,74736.9,,,74753.93,TRANSITION,-0.00022786602066715152,0.0005768234968268765,0.0002189012388793298,30,2
2026-05-23 12:59:00+00:00,2026-05-23 16:59:00+00:00,BUY,74753.93,,,75444.7,TRANSITION,0.009240584408070641,0.0,0.013007610435999952,240,2
2026-05-23 16:59:00+00:00,2026-05-23 17:29:00+00:00,SELL,75444.7,,,75474.8,TRANSITION,-0.00039896772072797455,0.0009980820388974033,0.00029226705123094014,30,1
2026-05-23 17:29:00+00:00,2026-05-23 22:29:00+00:00,BUY,75474.8,,,76545.28,TRANSITION,0.01418327706731248,0.0013657538675160682,0.02556323435106804,300,1
2026-05-23 22:29:00+00:00,2026-05-23 22:59:00+00:00,SELL,76545.28,,,76584.45,TRANSITION,-0.0005117232571361454,0.0009650497065265859,0.001949434374007139,30,2
2026-05-23 22:59:00+00:00,2026-05-23 23:59:00+00:00,BUY,76584.45,,,76752.01,SESSION_RESET,0.002187911514674293,0.0006018192988262827,0.0031018046091602527,60,2
2026-05-24 02:29:00+00:00,2026-05-24 05:59:00+00:00,SELL,76752.82,,,76822.23,TRANSITION,-0.0009043315932885454,0.0033718630794280697,0.001318909194476639,210,1
2026-05-24 05:59:00+00:00,2026-05-24 07:59:00+00:00,BUY,76822.23,,,76799.99,TRANSITION,-0.00028949953678760284,0.001382542527078319,0.0031723890337472162,120,9
2026-05-24 07:59:00+00:00,2026-05-24 08:59:00+00:00,SELL,76799.99,,,76830.69,TRANSITION,-0.0003997396353827271,0.0008044271880764416,0.0008537761528355274,60,2
2026-05-24 08:59:00+00:00,2026-05-24 12:29:00+00:00,BUY,76830.69,,,77083.84,TRANSITION,0.0032949072824934172,0.00011492803201431285,0.009273117292061178,210,1
2026-05-24 12:29:00+00:00,2026-05-24 12:59:00+00:00,SELL,77083.84,,,77118.73,TRANSITION,-0.0004526240519413592,0.0005670449214777884,0.0005073696380460624,30,2
2026-05-24 12:59:00+00:00,2026-05-24 13:29:00+00:00,BUY,77118.73,,,76959.48,TRANSITION,-0.002064997699002564,0.002102213042149363,0.0001142394331441619,30,2
2026-05-24 13:29:00+00:00,2026-05-24 16:59:00+00:00,SELL,76959.48,,,76671.7,TRANSITION,0.0037393703803611828,0.0007635186724235834,0.009928861265694562,210,1
2026-05-24 16:59:00+00:00,2026-05-24 19:29:00+00:00,BUY,76671.7,,,76660.73,TRANSITION,-0.0001430775631686941,0.0013766487504516388,0.0016732379743765711,150,2
2026-05-24 19:29:00+00:00,2026-05-24 19:59:00+00:00,SELL,76660.73,,,76773.34,TRANSITION,-0.00146893983399324,0.0016016022805939736,0.0002119729358173344,30,1
2026-05-24 19:59:00+00:00,2026-05-24 21:29:00+00:00,BUY,76773.34,,,76534.65,TRANSITION,-0.0031090219599668625,0.0038568075845077376,0.00029749910580934095,90,5
2026-05-24 21:29:00+00:00,2026-05-24 22:29:00+00:00,SELL,76534.65,,,76847.83,TRANSITION,-0.0040920027726004836,0.006237174926650878,0.005574599217478543,60,1
2026-05-24 22:29:00+00:00,2026-05-24 23:59:00+00:00,BUY,76847.83,,,77064.96,SESSION_RESET,0.0028254538872471043,0.0022240055444636953,0.004920633412810738,90,2
2026-05-25 01:29:00+00:00,2026-05-25 04:29:00+00:00,SELL,77175.86,,,77175.44,TRANSITION,5.4421162264761775e-06,0.00400565669109485,0.0033897905381294175,180,3
2026-05-25 04:29:00+00:00,2026-05-25 06:29:00+00:00,BUY,77175.44,,,77277.15,TRANSITION,0.0013179063183830484,0.000527369847194873,0.006149106503312423,120,1
2026-05-25 06:29:00+00:00,2026-05-25 07:59:00+00:00,SELL,77277.15,,,77401.12,TRANSITION,-0.0016042258287217008,0.003142584839114872,0.0011973785265113794,90,1
2026-05-25 07:59:00+00:00,2026-05-25 11:29:00+00:00,BUY,77401.12,,,77416.44,TRANSITION,0.00019792995243488707,0.0015607009304256627,0.003861055240544398,210,1
2026-05-25 11:29:00+00:00,2026-05-25 12:29:00+00:00,SELL,77416.44,,,77394.75,TRANSITION,0.00028017304851530667,0.0012880984969084236,0.0016784548604921942,60,2
2026-05-25 12:29:00+00:00,2026-05-25 13:29:00+00:00,BUY,77394.75,,,77334.01,TRANSITION,-0.0007848077550480522,0.0013986736826464327,0.0007138727110042994,60,10
2026-05-25 13:29:00+00:00,2026-05-25 14:29:00+00:00,SELL,77334.01,,,77619.97,TRANSITION,-0.0036977262655849144,0.003698114193225015,0.0004656424773523934,60,18
2026-05-25 14:29:00+00:00,2026-05-25 15:29:00+00:00,BUY,77619.97,,,77603.0,TRANSITION,-0.00021862930377325787,0.0009645713596642119,0.0036788213136387826,60,2
2026-05-25 15:29:00+00:00,2026-05-25 15:59:00+00:00,SELL,77603.0,,,77628.82,TRANSITION,-0.00033271909591133056,0.0010323054521088177,0.0005927605891524813,30,1
2026-05-25 15:59:00+00:00,2026-05-25 17:59:00+00:00,BUY,77628.82,,,77564.01,TRANSITION,-0.0008348703484094208,0.001545044739827326,0.002299017297956952,120,5
2026-05-25 17:59:00+00:00,2026-05-25 18:29:00+00:00,SELL,77564.01,,,77638.01,TRANSITION,-0.0009540507253299566,0.0012119022727164314,0.00026597387112902116,30,4
2026-05-25 18:29:00+00:00,2026-05-25 18:59:00+00:00,BUY,77638.01,,,77543.39,TRANSITION,-0.001218732937642211,0.0012188617405313469,2.576057784067366e-05,30,1
2026-05-25 18:59:00+00:00,2026-05-25 21:29:00+00:00,SELL,77543.39,,,77353.59,TRANSITION,0.0024476618832372805,0.0,0.004170439285669603,150,1
2026-05-25 21:29:00+00:00,2026-05-25 22:29:00+00:00,BUY,77353.59,,,77297.07,TRANSITION,-0.0007306706773401148,0.0010236111859836501,0.0012455789059047657,60,2
2026-05-25 22:29:00+00:00,2026-05-25 23:59:00+00:00,SELL,77297.07,,,77322.01,TRANSITION,-0.00032265129842551306,0.0009103837959187242,0.0035868112465323714,90,2
2026-05-25 23:59:00+00:00,2026-05-25 23:59:00+00:00,BUY,77322.01,,,77322.01,SESSION_RESET,0.0,0.0,0.0,0,2
2026-05-26 03:59:00+00:00,2026-05-26 06:29:00+00:00,BUY,76664.01,,,76844.23,TRANSITION,0.002350777111711234,0.0007463736895578665,0.004242146999615611,150,8
2026-05-26 06:29:00+00:00,2026-05-26 07:59:00+00:00,SELL,76844.23,,,76730.84,TRANSITION,0.0014755824868047922,0.002804504645306607,0.003129707981978608,90,2
2026-05-26 07:59:00+00:00,2026-05-26 08:59:00+00:00,BUY,76730.84,,,76726.37,TRANSITION,-5.825558536829734e-05,0.0004904155877869981,0.0015791564382717335,60,1
2026-05-26 08:59:00+00:00,2026-05-26 09:29:00+00:00,SELL,76726.37,,,76737.44,TRANSITION,-0.00014427894868487828,0.0010117773068112654,0.000998092311678524,30,1
2026-05-26 09:29:00+00:00,2026-05-26 09:59:00+00:00,BUY,76737.44,,,76672.19,TRANSITION,-0.0008503020168512267,0.0011369938846018319,0.0007211603618780676,30,2
2026-05-26 09:59:00+00:00,2026-05-26 10:29:00+00:00,SELL,76672.19,,,77229.75,TRANSITION,-0.007271997839112169,0.007778309188768504,0.0011118764182945602,30,1
2026-05-26 10:29:00+00:00,2026-05-26 11:59:00+00:00,BUY,77229.75,,,77183.55,TRANSITION,-0.0005982150660852468,0.0007477688326066056,0.005075764197087262,90,2
2026-05-26 11:59:00+00:00,2026-05-26 12:59:00+00:00,SELL,77183.55,,,77132.5,TRANSITION,0.0006614103652916056,0.0006344616177929256,0.00395952246301188,60,2
2026-05-26 12:59:00+00:00,2026-05-26 13:29:00+00:00,BUY,77132.5,,,76798.04,TRANSITION,-0.004336174764204536,0.0043794768742100015,0.0002495705441934334,30,2
2026-05-26 13:29:00+00:00,2026-05-26 13:59:00+00:00,SELL,76798.04,,,77231.56,TRANSITION,-0.005644935730130666,0.008671705684155496,0.0013823269448020932,30,1
2026-05-26 13:59:00+00:00,2026-05-26 14:59:00+00:00,BUY,77231.56,,,76908.01,TRANSITION,-0.004189349535345433,0.006563767454651868,0.010985664409730974,60,2
2026-05-26 14:59:00+00:00,2026-05-26 20:29:00+00:00,SELL,76908.01,,,76161.5,TRANSITION,0.009706531218269655,0.0013521348426516985,0.014676104608609583,330,2
2026-05-26 20:29:00+00:00,2026-05-26 21:29:00+00:00,BUY,76161.5,,,76048.64,TRANSITION,-0.0014818510664837297,0.004089992975453477,0.00024290487976208453,60,2
2026-05-26 21:29:00+00:00,2026-05-26 23:59:00+00:00,SELL,76048.64,,,75930.01,SESSION_RESET,0.0015599227021022948,0.00040027014289804956,0.004874117406964783,150,5
2026-05-27 01:29:00+00:00,2026-05-27 02:59:00+00:00,SELL,75880.49,,,75879.0,TRANSITION,1.963614098966992e-05,0.0013786152408873556,0.002602777077480654,90,2
2026-05-27 02:59:00+00:00,2026-05-27 03:59:00+00:00,BUY,75879.0,,,75683.0,TRANSITION,-0.002583059871637739,0.003576483612066641,0.0011585550679371565,60,2
2026-05-27 03:59:00+00:00,2026-05-27 05:29:00+00:00,SELL,75683.0,,,75655.0,TRANSITION,0.0003699641927513444,0.0004047144008562644,0.004916559861527765,90,2
2026-05-27 05:29:00+00:00,2026-05-27 08:59:00+00:00,BUY,75655.0,,,75873.24,TRANSITION,0.0028846738483907903,0.000912034895248166,0.0055040645033375656,210,2
2026-05-27 08:59:00+00:00,2026-05-27 09:59:00+00:00,SELL,75873.24,,,75912.6,TRANSITION,-0.0005187599738722187,0.0013808557536226147,0.0021414664775092043,60,1
2026-05-27 09:59:00+00:00,2026-05-27 10:59:00+00:00,BUY,75912.6,,,75909.82,TRANSITION,-3.662106158923335e-05,0.00042944122583083463,0.0017301475644358973,60,24
2026-05-27 10:59:00+00:00,2026-05-27 12:29:00+00:00,SELL,75909.82,,,75942.94,TRANSITION,-0.00043630718660636185,0.0034821581713668556,0.004400879886159748,90,2
2026-05-27 12:29:00+00:00,2026-05-27 12:59:00+00:00,BUY,75942.94,,,75688.0,TRANSITION,-0.0033569940800290627,0.0033569940800290627,0.0006475914680152364,30,10
2026-05-27 12:59:00+00:00,2026-05-27 15:29:00+00:00,SELL,75688.0,,,75352.89,TRANSITION,0.0044275182327449605,0.0009512736497199028,0.012282924637987505,150,1
2026-05-27 15:29:00+00:00,2026-05-27 16:29:00+00:00,BUY,75352.89,,,75098.01,TRANSITION,-0.003382484732835126,0.00401962021629163,0.0019826711357718886,60,10
2026-05-27 16:29:00+00:00,2026-05-27 16:59:00+00:00,SELL,75098.01,,,75304.01,TRANSITION,-0.002743082007099789,0.003019653916262283,0.001305094502504058,30,11
2026-05-27 16:59:00+00:00,2026-05-27 17:29:00+00:00,BUY,75304.01,,,74997.29,TRANSITION,-0.004073089865997856,0.005630643042780787,0.0005311802120497966,30,4
2026-05-27 17:29:00+00:00,2026-05-27 18:59:00+00:00,SELL,74997.29,,,75026.67,TRANSITION,-0.00039174748847597903,0.0005265523594253238,0.004451360842505063,90,21
2026-05-27 18:59:00+00:00,2026-05-27 21:29:00+00:00,BUY,75026.67,,,75100.01,TRANSITION,0.000977519060888568,0.00099044779676344,0.005186688946743864,150,2
2026-05-27 21:29:00+00:00,2026-05-27 23:59:00+00:00,SELL,75100.01,,,74449.3,SESSION_RESET,0.008664579405515285,0.0,0.011398400612729474,150,1
2026-05-28 01:29:00+00:00,2026-05-28 06:59:00+00:00,SELL,74286.46,,,73202.7,TRANSITION,0.01458893047265961,0.0016430988904303377,0.020967616440465738,330,2
2026-05-28 06:59:00+00:00,2026-05-28 10:59:00+00:00,BUY,73202.7,,,73400.01,TRANSITION,0.002695392383067806,0.0006106332143486113,0.0056459666105212365,240,1
2026-05-28 10:59:00+00:00,2026-05-28 11:59:00+00:00,SELL,73400.01,,,73505.66,TRANSITION,-0.0014393731009029664,0.001798364877606965,0.0010987736922650853,60,1
2026-05-28 11:59:00+00:00,2026-05-28 13:29:00+00:00,BUY,73505.66,,,73160.52,TRANSITION,-0.004695420733587038,0.006879198146101994,0.001021553986454873,90,8
2026-05-28 13:29:00+00:00,2026-05-28 14:59:00+00:00,SELL,73160.52,,,73033.06,TRANSITION,0.0017421964742733703,0.005640883908424958,0.007896335345894167,90,6
2026-05-28 14:59:00+00:00,2026-05-28 15:59:00+00:00,BUY,73033.06,,,72928.73,TRANSITION,-0.0014285311337085115,0.004560400454259998,0.002012102464281205,60,4
2026-05-28 15:59:00+00:00,2026-05-28 16:59:00+00:00,SELL,72928.73,,,73440.67,TRANSITION,-0.007019730084426293,0.007019730084426293,0.0025686721817314213,60,160
2026-05-28 16:59:00+00:00,2026-05-28 19:59:00+00:00,BUY,73440.67,,,73419.32,TRANSITION,-0.00029071085544278487,0.0016933396713292592,0.004207750283323996,180,2
2026-05-28 19:59:00+00:00,2026-05-28 20:29:00+00:00,SELL,73419.32,,,73647.4,TRANSITION,-0.003106539259693323,0.003395427797478832,0.002422250710031243,30,2
2026-05-28 20:29:00+00:00,2026-05-28 22:29:00+00:00,BUY,73647.4,,,73614.01,TRANSITION,-0.00045337649394275184,0.0011806255210638405,0.004098175903019075,120,2
2026-05-28 22:29:00+00:00,2026-05-28 23:29:00+00:00,SELL,73614.01,,,73684.18,TRANSITION,-0.000953215291491365,0.0010949002778140441,0.0022476699747777883,60,3
2026-05-28 23:29:00+00:00,2026-05-28 23:59:00+00:00,BUY,73684.18,,,73617.51,SESSION_RESET,-0.000904807517705948,0.0020247222673847737,0.00041691445843600574,30,1
2026-05-29 04:29:00+00:00,2026-05-29 10:29:00+00:00,BUY,73373.85,,,73624.03,TRANSITION,0.0034096616165022416,0.0002678065823179338,0.00770492484720369,360,1
2026-05-29 10:29:00+00:00,2026-05-29 14:59:00+00:00,SELL,73624.03,,,73096.85,TRANSITION,0.007160433896378574,0.0017046064987205943,0.015097516395122539,270,2
2026-05-29 14:59:00+00:00,2026-05-29 16:29:00+00:00,BUY,73096.85,,,73649.23,TRANSITION,0.007556823584053076,0.0012021037842261312,0.015091621595184937,90,3
2026-05-29 16:29:00+00:00,2026-05-29 16:59:00+00:00,SELL,73649.23,,,74056.5,TRANSITION,-0.005529860936767487,0.006456279312085137,9.00213077582767e-05,30,2
2026-05-29 16:59:00+00:00,2026-05-29 18:29:00+00:00,BUY,74056.5,,,73790.36,TRANSITION,-0.0035937426154355042,0.004244597030645473,0.006179065983404642,90,2
2026-05-29 18:29:00+00:00,2026-05-29 20:29:00+00:00,SELL,73790.36,,,73708.26,TRANSITION,0.0011126114576484763,0.0008998465382198187,0.008173289844364502,120,3
2026-05-29 20:29:00+00:00,2026-05-29 21:29:00+00:00,BUY,73708.26,,,73538.86,TRANSITION,-0.002298249884069902,0.002298249884069902,0.0018415846473652376,60,10
2026-05-29 21:29:00+00:00,2026-05-29 22:29:00+00:00,SELL,73538.86,,,73523.84,TRANSITION,0.00020424575523749042,0.001021772706294324,0.002163074053636499,60,2
2026-05-29 22:29:00+00:00,2026-05-29 23:29:00+00:00,BUY,73523.84,,,73384.42,TRANSITION,-0.0018962556906711927,0.002772434083965099,0.0003762045072727906,60,10
2026-05-29 23:29:00+00:00,2026-05-29 23:59:00+00:00,SELL,73384.42,,,73460.78,TRANSITION,-0.001040547843806636,0.001574993711199213,0.0008775704706802095,30,10
2026-05-29 23:59:00+00:00,2026-05-29 23:59:00+00:00,BUY,73460.78,,,73460.78,SESSION_RESET,0.0,0.0,0.0,0,2
2026-05-30 01:29:00+00:00,2026-05-30 03:59:00+00:00,BUY,73627.81,,,73524.01,TRANSITION,-0.0014097933919262695,0.0014097933919262695,0.002290167261527884,150,1
2026-05-30 03:59:00+00:00,2026-05-30 04:59:00+00:00,SELL,73524.01,,,73402.84,TRANSITION,0.0016480330711015118,0.0006935149483822393,0.0041892437586034115,60,2
2026-05-30 04:59:00+00:00,2026-05-30 06:59:00+00:00,BUY,73402.84,,,73584.99,TRANSITION,0.0024815116145371044,0.0007627770260658946,0.0041833531236667,120,1
2026-05-30 06:59:00+00:00,2026-05-30 09:29:00+00:00,SELL,73584.99,,,73566.51,TRANSITION,0.0002511381736956202,4.3623026924266086e-05,0.0013452471760885642,150,6
2026-05-30 09:29:00+00:00,2026-05-30 11:29:00+00:00,BUY,73566.51,,,73583.0,TRANSITION,0.00022415090779765468,0.00022442277063292472,0.0015528805158761133,120,2
2026-05-30 11:29:00+00:00,2026-05-30 12:29:00+00:00,SELL,73583.0,,,73651.27,TRANSITION,-0.0009277958224046869,0.0014125545302583794,0.0,60,2
2026-05-30 12:29:00+00:00,2026-05-30 19:59:00+00:00,BUY,73651.27,,,74016.65,TRANSITION,0.004960946362499792,2.7154996789701706e-07,0.006686782183117693,450,2
2026-05-30 19:59:00+00:00,2026-05-30 20:59:00+00:00,SELL,74016.65,,,73979.84,TRANSITION,0.0004973205353119558,0.0,0.0012155373149149709,60,2
2026-05-30 20:59:00+00:00,2026-05-30 22:29:00+00:00,BUY,73979.84,,,73898.0,TRANSITION,-0.0011062473235951378,0.0020264980297334824,0.0010024352580379127,90,1
2026-05-30 22:29:00+00:00,2026-05-30 23:59:00+00:00,SELL,73898.0,,,73884.38,TRANSITION,0.00018430810035447974,0.0013258816206121401,0.0015792037673549634,90,2
2026-05-30 23:59:00+00:00,2026-05-30 23:59:00+00:00,BUY,73884.38,,,73884.38,SESSION_RESET,0.0,0.0,0.0,0,2
2026-05-31 02:29:00+00:00,2026-05-31 02:59:00+00:00,SELL,73970.01,,,74090.84,TRANSITION,-0.0016334998467622452,0.0018925237403645781,0.0010750302724034987,30,1
2026-05-31 02:59:00+00:00,2026-05-31 05:29:00+00:00,BUY,74090.84,,,74165.99,TRANSITION,0.0010142954243737652,0.00022661370825318754,0.0018347747170905653,150,2
2026-05-31 05:29:00+00:00,2026-05-31 08:29:00+00:00,SELL,74165.99,,,73976.53,TRANSITION,0.002554540160523798,0.00024283367619032335,0.004449343964801187,180,5
2026-05-31 08:29:00+00:00,2026-05-31 09:59:00+00:00,BUY,73976.53,,,73841.79,TRANSITION,-0.0018213884863213406,0.002204618140375015,0.0006416900062763307,90,2
2026-05-31 09:59:00+00:00,2026-05-31 10:59:00+00:00,SELL,73841.79,,,73900.0,TRANSITION,-0.0007883070006835751,0.0007883070006835751,0.0019310203612344246,60,3
2026-05-31 10:59:00+00:00,2026-05-31 12:29:00+00:00,BUY,73900.0,,,73933.21,TRANSITION,0.00044939106901226524,0.00035182679296346417,0.0012974289580514838,90,2
2026-05-31 12:29:00+00:00,2026-05-31 15:29:00+00:00,SELL,73933.21,,,73748.67,TRANSITION,0.0024960366254895214,0.001227864987872146,0.006088738741358632,180,6
2026-05-31 15:29:00+00:00,2026-05-31 16:29:00+00:00,BUY,73748.67,,,73610.36,TRANSITION,-0.001875423651707857,0.003118700310120847,8.461169537030618e-05,60,5
2026-05-31 16:29:00+00:00,2026-05-31 17:29:00+00:00,SELL,73610.36,,,73598.32,TRANSITION,0.00016356393312019662,0.0,0.0028577499145500795,60,1
2026-05-31 17:29:00+00:00,2026-05-31 18:59:00+00:00,BUY,73598.32,,,73603.69,TRANSITION,7.296362199565619e-05,0.00017432463132313,0.001843520341225085,90,5
2026-05-31 18:59:00+00:00,2026-05-31 19:59:00+00:00,SELL,73603.69,,,73563.42,TRANSITION,0.0005471193088281861,0.0006282293727392021,0.0020000355960415354,60,2
2026-05-31 19:59:00+00:00,2026-05-31 21:29:00+00:00,BUY,73563.42,,,73650.51,TRANSITION,0.0011838764429385762,1.3593712737609686e-07,0.0026722520513592454,90,3
2026-05-31 21:29:00+00:00,2026-05-31 21:59:00+00:00,SELL,73650.51,,,73892.52,TRANSITION,-0.003285924292988729,0.0037133483529171118,0.00022403103522297403,30,1
2026-05-31 21:59:00+00:00,2026-05-31 23:29:00+00:00,BUY,73892.52,,,73831.29,TRANSITION,-0.0008286359701903586,0.0027948701708915063,0.0041341126273673695,90,4
2026-05-31 23:29:00+00:00,2026-05-31 23:59:00+00:00,SELL,73831.29,,,73674.39,SESSION_RESET,0.0021251152458530006,1.354439291161407e-07,0.00448712192350958,30,10
2026-06-01 01:29:00+00:00,2026-06-01 02:59:00+00:00,SELL,73604.0,,,73790.0,TRANSITION,-0.0025270365740992337,0.0039198956578447375,0.005189935329601652,90,1
2026-06-01 02:59:00+00:00,2026-06-01 03:59:00+00:00,BUY,73790.0,,,73769.06,TRANSITION,-0.0002837782897411889,0.0007389890229028166,0.0031112616885757114,60,18
2026-06-01 03:59:00+00:00,2026-06-01 04:59:00+00:00,SELL,73769.06,,,73536.01,TRANSITION,0.0031591835384645393,0.0009802212472274647,0.005697781698722913,60,2
2026-06-01 04:59:00+00:00,2026-06-01 05:29:00+00:00,BUY,73536.01,,,73351.7,TRANSITION,-0.0025063910864894312,0.002524205487896275,7.438532495849536e-05,30,4
2026-06-01 05:29:00+00:00,2026-06-01 08:59:00+00:00,SELL,73351.7,,,72902.65,TRANSITION,0.006121875839278475,0.00155224759617024,0.010111149434846067,210,2
2026-06-01 08:59:00+00:00,2026-06-01 09:59:00+00:00,BUY,72902.65,,,72880.0,TRANSITION,-0.0003106882945955213,0.004151426594232092,0.002647228873024578,60,3
2026-06-01 09:59:00+00:00,2026-06-01 16:59:00+00:00,SELL,72880.0,,,71564.01,TRANSITION,0.018056942919868348,0.00028444017563111865,0.030094950603732257,420,10
2026-06-01 16:59:00+00:00,2026-06-01 18:59:00+00:00,BUY,71564.01,,,71498.64,TRANSITION,-0.0009134479747570789,0.0025433175139290653,0.0033078079330658133,120,3
2026-06-01 18:59:00+00:00,2026-06-01 19:29:00+00:00,SELL,71498.64,,,71621.61,TRANSITION,-0.0017198928539060487,0.001720032716706163,0.0015754145813123078,30,3
2026-06-01 19:29:00+00:00,2026-06-01 20:59:00+00:00,BUY,71621.61,,,71446.0,TRANSITION,-0.0024519136054048573,0.0028199589481442983,0.0009548794002257058,90,2
2026-06-01 20:59:00+00:00,2026-06-01 22:29:00+00:00,SELL,71446.0,,,71284.3,TRANSITION,0.0022632477675446783,5.570640763647966e-05,0.00846933348263032,90,3
2026-06-01 22:29:00+00:00,2026-06-01 23:29:00+00:00,BUY,71284.3,,,71248.0,TRANSITION,-0.0005092285398047384,0.002837932055165063,0.002605061703628949,60,5
2026-06-01 23:29:00+00:00,2026-06-01 23:59:00+00:00,SELL,71248.0,,,71408.9,SESSION_RESET,-0.0022583090051649757,0.004705956658432427,0.00031874578935558057,30,1
2026-06-02 01:29:00+00:00,2026-06-02 02:29:00+00:00,SELL,71207.77,,,70807.51,TRANSITION,0.005621015796450433,0.0002157067971655422,0.015402392182763257,60,1
2026-06-02 02:29:00+00:00,2026-06-02 04:59:00+00:00,BUY,70807.51,,,70810.0,TRANSITION,3.516576137199626e-05,0.0031964123579547106,0.0033963911455155713,150,2
2026-06-02 04:59:00+00:00,2026-06-02 16:29:00+00:00,SELL,70810.0,,,67863.72,TRANSITION,0.0416082474226804,0.0005318457844937648,0.05273266487784211,690,2
2026-06-02 16:29:00+00:00,2026-06-02 17:29:00+00:00,BUY,67863.72,,,67740.01,TRANSITION,-0.0018229180481118099,0.007157285218081195,7.41191316950918e-05,60,2
2026-06-02 17:29:00+00:00,2026-06-02 19:59:00+00:00,SELL,67740.01,,,67315.14,TRANSITION,0.006272068752277943,0.0014396218719188864,0.019309267890571538,150,10
2026-06-02 19:59:00+00:00,2026-06-02 20:29:00+00:00,BUY,67315.14,,,66962.17,TRANSITION,-0.005243545508484438,0.0060007302963345594,0.0025604938205580586,30,2
2026-06-02 20:29:00+00:00,2026-06-02 20:59:00+00:00,SELL,66962.17,,,67587.77,TRANSITION,-0.009342588509303175,0.010864044579200404,0.00018323778933693568,30,2
2026-06-02 20:59:00+00:00,2026-06-02 21:59:00+00:00,BUY,67587.77,,,67566.01,TRANSITION,-0.000321951737718367,0.0026006184254933114,0.004963471941743324,60,2
2026-06-02 21:59:00+00:00,2026-06-02 23:59:00+00:00,SELL,67566.01,,,66760.83,SESSION_RESET,0.011916938709271024,0.0,0.0203210164400709,120,8
2026-06-03 01:29:00+00:00,2026-06-03 02:29:00+00:00,BUY,67024.01,,,66651.55,TRANSITION,-0.005557113040535651,0.008226305767142263,0.0003877714866658268,60,3
2026-06-03 02:29:00+00:00,2026-06-03 04:29:00+00:00,SELL,66651.55,,,66579.32,TRANSITION,0.0010836957280062642,0.0029474183271056276,0.018382318190649824,120,2
2026-06-03 04:29:00+00:00,2026-06-03 06:59:00+00:00,BUY,66579.32,,,66983.27,TRANSITION,0.0060671992444500345,0.004522275084816292,0.014068632722593035,150,5
2026-06-03 06:59:00+00:00,2026-06-03 07:29:00+00:00,SELL,66983.27,,,67191.55,TRANSITION,-0.003109433146515523,0.005242055217668383,0.0016610117720441135,30,3
2026-06-03 07:29:00+00:00,2026-06-03 08:29:00+00:00,BUY,67191.55,,,67027.6,TRANSITION,-0.0024400389632326844,0.0027606149880454495,0.0019548589071094694,60,2
2026-06-03 08:29:00+00:00,2026-06-03 09:59:00+00:00,SELL,67027.6,,,67075.17,TRANSITION,-0.00070970764282165,0.004392220518114839,0.005536823636830349,90,6
2026-06-03 09:59:00+00:00,2026-06-03 11:59:00+00:00,BUY,67075.17,,,67067.37,TRANSITION,-0.00011628744287942783,0.0002771517388624808,0.005986119751914219,120,1
2026-06-03 11:59:00+00:00,2026-06-03 14:59:00+00:00,SELL,67067.37,,,66864.95,TRANSITION,0.003018159203201173,0.002642864928205773,0.006446801179172456,180,1
2026-06-03 14:59:00+00:00,2026-06-03 15:29:00+00:00,BUY,66864.95,,,66597.74,TRANSITION,-0.003996264111466349,0.009099386150741054,0.0004942798880430317,30,2
2026-06-03 15:29:00+00:00,2026-06-03 21:59:00+00:00,SELL,66597.74,,,65768.88,TRANSITION,0.012445767679203537,0.0012051460004497863,0.02750453694074311,390,3
2026-06-03 21:59:00+00:00,2026-06-03 22:29:00+00:00,BUY,65768.88,,,65168.01,TRANSITION,-0.009136083813499675,0.011690635449471005,0.0011000643465418792,30,3
2026-06-03 22:29:00+00:00,2026-06-03 23:59:00+00:00,SELL,65168.01,,,64142.75,SESSION_RESET,0.015732565717443296,0.0013706111326707644,0.01650380301623456,90,15
2026-06-04 02:29:00+00:00,2026-06-04 05:29:00+00:00,BUY,62997.98,,,63842.13,TRANSITION,0.01339963598832842,0.001539414438367757,0.028038041854675285,180,6
2026-06-04 05:29:00+00:00,2026-06-04 09:59:00+00:00,SELL,63842.13,,,63266.0,TRANSITION,0.009024291639392317,0.010010474274589582,0.017837750714144337,270,1
2026-06-04 09:59:00+00:00,2026-06-04 10:29:00+00:00,BUY,63266.0,,,62501.51,TRANSITION,-0.012083741662188188,0.012107609142351343,0.0001580627825372238,30,1
2026-06-04 10:29:00+00:00,2026-06-04 12:29:00+00:00,SELL,62501.51,,,63267.99,TRANSITION,-0.01226338371664934,0.014375492688096623,0.004744045383863559,120,1
2026-06-04 12:29:00+00:00,2026-06-04 13:29:00+00:00,BUY,63267.99,,,63229.99,TRANSITION,-0.000600619681453449,0.0031545177901177906,0.01104018003416902,60,2
2026-06-04 13:29:00+00:00,2026-06-04 13:59:00+00:00,SELL,63229.99,,,64230.0,TRANSITION,-0.01581543821215221,0.016036852132983132,0.0005657125677229555,30,10
2026-06-04 13:59:00+00:00,2026-06-04 15:29:00+00:00,BUY,64230.0,,,63982.45,TRANSITION,-0.0038541180133894273,0.006923088899268228,0.004124552389848953,90,1
2026-06-04 15:29:00+00:00,2026-06-04 17:59:00+00:00,SELL,63982.45,,,63540.97,TRANSITION,0.006900017114067935,0.0016115356632951784,0.016216009233781976,150,2
2026-06-04 17:59:00+00:00,2026-06-04 19:59:00+00:00,BUY,63540.97,,,63629.38,TRANSITION,0.0013913857468653094,0.006156815043900008,0.009804068146897963,120,8
2026-06-04 19:59:00+00:00,2026-06-04 20:59:00+00:00,SELL,63629.38,,,63638.4,TRANSITION,-0.00014175841411631033,0.00037435536854201173,0.007017827299275915,60,2
2026-06-04 20:59:00+00:00,2026-06-04 21:59:00+00:00,BUY,63638.4,,,63286.21,TRANSITION,-0.005534237190124238,0.00836538945039474,0.003733594810680321,60,2
2026-06-04 21:59:00+00:00,2026-06-04 22:59:00+00:00,SELL,63286.21,,,63735.43,TRANSITION,-0.007098228824257309,0.0076760798284492135,0.001457031476525441,60,5
2026-06-04 22:59:00+00:00,2026-06-04 23:59:00+00:00,BUY,63735.43,,,63885.99,SESSION_RESET,0.002362265383633525,0.005639406527891948,0.002864497815422281,60,3
2026-06-05 00:59:00+00:00,2026-06-05 01:59:00+00:00,SELL,63426.72,,,63374.67,TRANSITION,0.0008206320616926575,0.0021959199529787894,0.005907920195148057,60,2
2026-06-05 01:59:00+00:00,2026-06-05 02:29:00+00:00,BUY,63374.67,,,62705.48,TRANSITION,-0.010559266028525199,0.010645735906790493,0.0009677367945269261,30,4
2026-06-05 02:29:00+00:00,2026-06-05 04:29:00+00:00,SELL,62705.48,,,63240.32,TRANSITION,-0.008529398068557906,0.008531949679677119,0.005844465268426351,120,2
2026-06-05 04:29:00+00:00,2026-06-05 05:59:00+00:00,BUY,63240.32,,,62329.35,TRANSITION,-0.014404892321860503,0.015216874297916261,0.007079028063109109,90,1
2026-06-05 05:59:00+00:00,2026-06-05 07:29:00+00:00,SELL,62329.35,,,62252.95,TRANSITION,0.0012257467790054196,0.004896248717498262,0.019306153521575255,90,1
2026-06-05 07:29:00+00:00,2026-06-05 08:59:00+00:00,BUY,62252.95,,,62454.64,TRANSITION,0.0032398464651073136,0.0010111970597376846,0.013943596247246214,90,3
2026-06-05 08:59:00+00:00,2026-06-05 09:29:00+00:00,SELL,62454.64,,,63114.43,TRANSITION,-0.010564307151558329,0.012893517599332924,0.000202386884305144,30,9
2026-06-05 09:29:00+00:00,2026-06-05 10:29:00+00:00,BUY,63114.43,,,62586.01,TRANSITION,-0.008372411824047183,0.009707288808597309,0.00015162935005512542,60,2
2026-06-05 10:29:00+00:00,2026-06-05 16:59:00+00:00,SELL,62586.01,,,61394.39,TRANSITION,0.019039718301262575,0.002012909913892832,0.04473859253849226,390,14
2026-06-05 16:59:00+00:00,2026-06-05 17:29:00+00:00,BUY,61394.39,,,60697.27,TRANSITION,-0.011354783393075534,0.011961842116193343,0.001864339722244966,30,6
2026-06-05 17:29:00+00:00,2026-06-05 19:29:00+00:00,SELL,60697.27,,,59858.27,TRANSITION,0.013822697462340564,0.007486333405110336,0.025806102976295202,120,5
2026-06-05 19:29:00+00:00,2026-06-05 22:59:00+00:00,BUY,59858.27,,,61584.49,TRANSITION,0.028838454569435457,0.006228379136249673,0.03578001836671864,210,2
2026-06-05 22:59:00+00:00,2026-06-05 23:59:00+00:00,SELL,61584.49,,,61056.47,TRANSITION,0.008573912035319231,0.003109711552373041,0.017317509652186744,60,1
2026-06-05 23:59:00+00:00,2026-06-05 23:59:00+00:00,BUY,61056.47,,,61056.47,SESSION_RESET,0.0,0.0,0.0,0,2
2026-06-06 01:59:00+00:00,2026-06-06 05:29:00+00:00,SELL,61058.95,,,60751.3,TRANSITION,0.005038573378677396,0.0019169998829000976,0.02553188353222578,210,1
2026-06-06 05:29:00+00:00,2026-06-06 06:59:00+00:00,BUY,60751.3,,,60786.96,TRANSITION,0.0005869833238135845,0.002358468049243491,0.00865248974096018,90,2
2026-06-06 06:59:00+00:00,2026-06-06 08:29:00+00:00,SELL,60786.96,,,61402.0,TRANSITION,-0.01011795950973697,0.01093655612980157,0.0008853872606888008,90,10
2026-06-06 08:29:00+00:00,2026-06-06 09:59:00+00:00,BUY,61402.0,,,60981.24,TRANSITION,-0.006852545519689945,0.008573824956841749,0.0015960392169636168,90,2
2026-06-06 09:59:00+00:00,2026-06-06 11:29:00+00:00,SELL,60981.24,,,60809.59,TRANSITION,0.002814800092618672,0.0,0.012843950041028979,90,15
2026-06-06 11:29:00+00:00,2026-06-06 12:29:00+00:00,BUY,60809.59,,,60737.04,TRANSITION,-0.0011930683959552374,0.0012759500598506998,0.004775726986483604,60,1
2026-06-06 12:29:00+00:00,2026-06-06 12:59:00+00:00,SELL,60737.04,,,61030.63,TRANSITION,-0.004833788409840133,0.007379681327901412,0.0015779497980145851,30,1
2026-06-06 12:59:00+00:00,2026-06-06 13:59:00+00:00,BUY,61030.63,,,60801.2,TRANSITION,-0.0037592598994963724,0.00539434051393528,0.001136642371215939,60,3
2026-06-06 13:59:00+00:00,2026-06-06 14:29:00+00:00,SELL,60801.2,,,60888.0,TRANSITION,-0.001427603402564471,0.003532825010032745,0.0005118320033156475,30,3
2026-06-06 14:29:00+00:00,2026-06-06 14:59:00+00:00,BUY,60888.0,,,60791.05,TRANSITION,-0.001592267770332366,0.001970831690973591,0.0019051373012744712,30,2
2026-06-06 14:59:00+00:00,2026-06-06 15:59:00+00:00,SELL,60791.05,,,60784.0,TRANSITION,0.00011597101876021076,0.0022725384740022447,0.006498489498042934,60,1
2026-06-06 15:59:00+00:00,2026-06-06 16:29:00+00:00,BUY,60784.0,,,60624.08,TRANSITION,-0.002630955514609079,0.0030271123979994734,0.003080415898920735,30,24
2026-06-06 16:29:00+00:00,2026-06-06 16:59:00+00:00,SELL,60624.08,,,60774.0,TRANSITION,-0.0024729447440686647,0.003957503355102432,0.0025983074712227234,30,5
2026-06-06 16:59:00+00:00,2026-06-06 17:59:00+00:00,BUY,60774.0,,,60576.2,TRANSITION,-0.0032546812781782163,0.004492052522460262,0.001151808339092375,60,1
2026-06-06 17:59:00+00:00,2026-06-06 18:29:00+00:00,SELL,60576.2,,,60702.98,TRANSITION,-0.0020929011724077464,0.002947362165338877,0.0030084422595012227,30,2
2026-06-06 18:29:00+00:00,2026-06-06 19:29:00+00:00,BUY,60702.98,,,60611.06,TRANSITION,-0.0015142584433252787,0.003310875347470638,0.0013676429064931703,60,2
2026-06-06 19:29:00+00:00,2026-06-06 20:59:00+00:00,SELL,60611.06,,,60711.69,TRANSITION,-0.001660258045313919,0.002391312740612065,0.0014693687917683286,90,5
2026-06-06 20:59:00+00:00,2026-06-06 22:29:00+00:00,BUY,60711.69,,,60460.62,TRANSITION,-0.004135447390774326,0.004475085440711703,0.004748838320922999,90,2
2026-06-06 22:29:00+00:00,2026-06-06 23:29:00+00:00,SELL,60460.62,,,60713.58,TRANSITION,-0.004183880350548822,0.005005737618965769,0.0005214964715877228,60,5
2026-06-06 23:29:00+00:00,2026-06-06 23:59:00+00:00,BUY,60713.58,,,60884.62,SESSION_RESET,0.0028171621571319114,0.0005530887817849276,0.0037746085801561736,30,1
2026-06-07 00:59:00+00:00,2026-06-07 01:29:00+00:00,SELL,60782.01,,,61638.78,TRANSITION,-0.014095782617257914,0.014512846811087611,0.0003950181969961513,30,15
2026-06-07 01:29:00+00:00,2026-06-07 02:29:00+00:00,BUY,61638.78,,,61254.83,TRANSITION,-0.006229033085989001,0.007378147328678453,0.00015931528820005376,60,1
2026-06-07 02:29:00+00:00,2026-06-07 02:59:00+00:00,SELL,61254.83,,,61506.74,TRANSITION,-0.004112492027159266,0.005112576428666903,0.0009930645469100436,30,10
2026-06-07 02:59:00+00:00,2026-06-07 10:59:00+00:00,BUY,61506.74,,,62370.52,TRANSITION,0.014043664157781714,0.0014736596347001876,0.023627654465185475,480,1
2026-06-07 10:59:00+00:00,2026-06-07 11:29:00+00:00,SELL,62370.52,,,62531.71,TRANSITION,-0.00258439403743952,0.002966465567386709,0.00017764802987043352,30,2
2026-06-07 11:29:00+00:00,2026-06-07 12:29:00+00:00,BUY,62531.71,,,61935.92,TRANSITION,-0.009527805972361877,0.010502031689202152,0.0035620327670552745,60,6
2026-06-07 12:29:00+00:00,2026-06-07 14:29:00+00:00,SELL,61935.92,,,62081.99,TRANSITION,-0.002358405267896234,0.0036122818551819883,0.005793084207031972,120,15
2026-06-07 14:29:00+00:00,2026-06-07 16:59:00+00:00,BUY,62081.99,,,62083.64,TRANSITION,2.657775628650846e-05,0.0065635782615859435,0.004027093847990409,150,10
2026-06-07 16:59:00+00:00,2026-06-07 17:29:00+00:00,SELL,62083.64,,,62251.35,TRANSITION,-0.002701355783906986,0.003968195163814503,0.0005962923565692475,30,1
2026-06-07 17:29:00+00:00,2026-06-07 18:59:00+00:00,BUY,62251.35,,,62030.14,TRANSITION,-0.003553497233393318,0.003684257449838414,0.0011111405616102824,90,70
2026-06-07 18:59:00+00:00,2026-06-07 20:29:00+00:00,SELL,62030.14,,,61745.41,TRANSITION,0.004590187931221757,0.00010704473663930821,0.013640788171685563,90,1
2026-06-07 20:29:00+00:00,2026-06-07 23:59:00+00:00,BUY,61745.41,,,63332.01,SESSION_RESET,0.02569583714805681,0.001512663046532551,0.04031506147582463,210,10
2026-06-08 01:29:00+00:00,2026-06-08 01:59:00+00:00,SELL,62827.73,,,63211.41,TRANSITION,-0.006106857592976863,0.006634490853003832,0.0017010004977102088,30,1
2026-06-08 01:59:00+00:00,2026-06-08 04:29:00+00:00,BUY,63211.41,,,62939.81,TRANSITION,-0.004296692638243726,0.006442507768771575,0.0039010362211505246,150,4
2026-06-08 04:29:00+00:00,2026-06-08 05:59:00+00:00,SELL,62939.81,,,62764.0,TRANSITION,0.0027933036340592335,0.0007338757457323485,0.008449501198049337,90,27
2026-06-08 05:59:00+00:00,2026-06-08 10:29:00+00:00,BUY,62764.0,,,63152.0,TRANSITION,0.006181887706328468,0.0004779810082212733,0.012966987445032193,270,4
2026-06-08 10:29:00+00:00,2026-06-08 10:59:00+00:00,SELL,63152.0,,,63172.3,TRANSITION,-0.00032144666835575927,0.004338738282239676,0.0008728147960476726,30,5
2026-06-08 10:59:00+00:00,2026-06-08 15:59:00+00:00,BUY,63172.3,,,63774.48,TRANSITION,0.009532342498215203,0.007186694168171809,0.0162682061599783,300,1
2026-06-08 15:59:00+00:00,2026-06-08 17:29:00+00:00,SELL,63774.48,,,63626.0,TRANSITION,0.002328204008876328,0.004270987391821891,0.007412212533916488,90,3
2026-06-08 17:29:00+00:00,2026-06-08 19:59:00+00:00,BUY,63626.0,,,63372.01,TRANSITION,-0.003991921541508157,0.005626473454248231,0.0010058781001477384,150,2
2026-06-08 19:59:00+00:00,2026-06-08 20:59:00+00:00,SELL,63372.01,,,63485.49,TRANSITION,-0.0017906959239575315,0.0017906959239575315,0.0033405915324447553,60,2
2026-06-08 20:59:00+00:00,2026-06-08 22:29:00+00:00,BUY,63485.49,,,63364.83,TRANSITION,-0.0019005917730176803,0.004339416770666777,0.005741626944991715,90,2
2026-06-08 22:29:00+00:00,2026-06-08 22:59:00+00:00,SELL,63364.83,,,63440.01,TRANSITION,-0.0011864625850018108,0.0014388107724742298,0.00202967482119025,30,2
2026-06-08 22:59:00+00:00,2026-06-08 23:29:00+00:00,BUY,63440.01,,,63152.01,TRANSITION,-0.004539721856916479,0.0057063357966053605,0.002427332530369998,30,1
2026-06-08 23:29:00+00:00,2026-06-08 23:59:00+00:00,SELL,63152.01,,,63085.99,SESSION_RESET,0.0010454140731229944,0.0006965732365446161,0.0027449640953628954,30,2
2026-06-09 01:29:00+00:00,2026-06-09 04:29:00+00:00,BUY,62778.0,,,62793.65,TRANSITION,0.0002492911529516941,0.0037256682277230784,0.003216731976170033,180,9
2026-06-09 04:29:00+00:00,2026-06-09 04:59:00+00:00,SELL,62793.65,,,63242.36,TRANSITION,-0.00714578623793965,0.010038435415045925,0.000486354910090445,30,1
2026-06-09 04:59:00+00:00,2026-06-09 06:59:00+00:00,BUY,63242.36,,,63300.0,TRANSITION,0.0009114144380443648,0.0019309842327200095,0.0044851267410008335,120,1
2026-06-09 06:59:00+00:00,2026-06-09 10:59:00+00:00,SELL,63300.0,,,62786.01,TRANSITION,0.00811990521327011,0.0022685624012638,0.011216429699842023,240,10
2026-06-09 10:59:00+00:00,2026-06-09 11:29:00+00:00,BUY,62786.01,,,62592.0,TRANSITION,-0.0030900195760170464,0.004575223047299901,0.0005095084080035977,30,1
2026-06-09 11:29:00+00:00,2026-06-09 11:59:00+00:00,SELL,62592.0,,,62711.12,TRANSITION,-0.0019031186094069948,0.0021932515337423127,0.0010544478527607362,30,6
2026-06-09 11:59:00+00:00,2026-06-09 13:29:00+00:00,BUY,62711.12,,,62342.28,TRANSITION,-0.005881572518558172,0.007152638957811675,0.0029350456505959016,90,2
2026-06-09 13:29:00+00:00,2026-06-09 16:59:00+00:00,SELL,62342.28,,,61390.51,TRANSITION,0.015266846191701633,0.0031715234027372943,0.02505971870133718,210,3
2026-06-09 16:59:00+00:00,2026-06-09 18:29:00+00:00,BUY,61390.51,,,61732.0,TRANSITION,0.005562586139127985,0.0,0.009341671864266935,90,2
2026-06-09 18:29:00+00:00,2026-06-09 18:59:00+00:00,SELL,61732.0,,,61792.01,TRANSITION,-0.0009721052290546562,0.0015227110736732974,0.00210587701678222,30,5
2026-06-09 18:59:00+00:00,2026-06-09 21:29:00+00:00,BUY,61792.01,,,61803.66,TRANSITION,0.00018853570226962118,0.0011329943790467738,0.007767832766728221,150,3
2026-06-09 21:29:00+00:00,2026-06-09 23:59:00+00:00,SELL,61803.66,,,61730.0,TRANSITION,0.001191838800485335,0.002788507994510301,0.00400720604572615,150,1
2026-06-09 23:59:00+00:00,2026-06-09 23:59:00+00:00,BUY,61730.0,,,61730.0,SESSION_RESET,0.0,0.0,0.0,0,2
2026-06-10 01:59:00+00:00,2026-06-10 03:29:00+00:00,SELL,61714.0,,,61576.48,TRANSITION,0.0022283436497390675,0.0020039213144505017,0.007756910911624577,90,3
2026-06-10 03:29:00+00:00,2026-06-10 04:29:00+00:00,BUY,61576.48,,,61471.99,TRANSITION,-0.0016969141464404142,0.002284638550303627,0.00011367976863893486,60,1
2026-06-10 04:29:00+00:00,2026-06-10 05:59:00+00:00,SELL,61471.99,,,61361.17,TRANSITION,0.001802772287020474,0.0,0.006376725399649466,90,2
2026-06-10 05:59:00+00:00,2026-06-10 08:29:00+00:00,BUY,61361.17,,,61537.99,TRANSITION,0.0028816269311683546,0.003514763489679194,0.007368992475208642,150,2
2026-06-10 08:29:00+00:00,2026-06-10 09:59:00+00:00,SELL,61537.99,,,61334.94,TRANSITION,0.003299587783091317,0.0011305211626184038,0.012723684995236243,90,1
2026-06-10 09:59:00+00:00,2026-06-10 11:29:00+00:00,BUY,61334.94,,,60966.06,TRANSITION,-0.006014190280450337,0.007626158923445592,0.001973752644088307,90,2
2026-06-10 11:29:00+00:00,2026-06-10 12:29:00+00:00,SELL,60966.06,,,61167.99,TRANSITION,-0.0033121707389324536,0.004591571113501517,0.0007100672078858446,60,5
2026-06-10 12:29:00+00:00,2026-06-10 17:29:00+00:00,BUY,61167.99,,,61903.45,TRANSITION,0.012023609080501079,0.0004384646283129413,0.027628830046565207,300,2
2026-06-10 17:29:00+00:00,2026-06-10 17:59:00+00:00,SELL,61903.45,,,61969.99,TRANSITION,-0.0010748997026821749,0.0022822637510511307,0.0040209390591315385,30,2
2026-06-10 17:59:00+00:00,2026-06-10 21:29:00+00:00,BUY,61969.99,,,61576.0,TRANSITION,-0.006357754777756104,0.00751202315830609,0.0031129583851797218,210,4
2026-06-10 21:29:00+00:00,2026-06-10 23:29:00+00:00,SELL,61576.0,,,61556.0,TRANSITION,0.00032480187085877615,0.002305930882161848,0.007661426529816845,120,30
2026-06-10 23:29:00+00:00,2026-06-10 23:59:00+00:00,BUY,61556.0,,,61510.99,SESSION_RESET,-0.0007312041068295867,0.0013889791409448307,0.0007797777633374489,30,1
2026-06-11 02:29:00+00:00,2026-06-11 02:59:00+00:00,SELL,62058.59,,,62148.0,TRANSITION,-0.0014407352793546146,0.0026597446058636677,0.001843419259122616,30,1
2026-06-11 02:59:00+00:00,2026-06-11 05:59:00+00:00,BUY,62148.0,,,62610.0,TRANSITION,0.007433867541996524,0.0021883246443972454,0.011359979404003347,180,5
2026-06-11 05:59:00+00:00,2026-06-11 06:29:00+00:00,SELL,62610.0,,,62874.93,TRANSITION,-0.004231432678485869,0.006189586328062591,0.0010399297236863214,30,1
2026-06-11 06:29:00+00:00,2026-06-11 07:59:00+00:00,BUY,62874.93,,,62719.39,TRANSITION,-0.0024737999708309955,0.0041816348741859155,0.001893759563628933,90,15
2026-06-11 07:59:00+00:00,2026-06-11 08:29:00+00:00,SELL,62719.39,,,62949.59,TRANSITION,-0.003670316308879871,0.0037707637143792375,1.594403262218792e-07,30,1
2026-06-11 08:29:00+00:00,2026-06-11 09:29:00+00:00,BUY,62949.59,,,62817.88,TRANSITION,-0.0020923091000274847,0.002535203168122247,0.0015950858456743482,60,2
2026-06-11 09:29:00+00:00,2026-06-11 09:59:00+00:00,SELL,62817.88,,,62927.49,TRANSITION,-0.0017448853734000668,0.0027395066500175394,0.0,30,15
2026-06-11 09:59:00+00:00,2026-06-11 12:29:00+00:00,BUY,62927.49,,,62684.01,TRANSITION,-0.0038692151871939583,0.004105836733675463,0.005239681417453662,150,1
2026-06-11 12:29:00+00:00,2026-06-11 12:59:00+00:00,SELL,62684.01,,,63010.01,TRANSITION,-0.005200688341412746,0.0056521591391488135,0.0029355173671882515,30,2
2026-06-11 12:59:00+00:00,2026-06-11 14:59:00+00:00,BUY,63010.01,,,62734.02,TRANSITION,-0.004380097701936648,0.005271702067655687,0.003641008785746872,120,10
2026-06-11 14:59:00+00:00,2026-06-11 15:59:00+00:00,SELL,62734.02,,,62749.44,TRANSITION,-0.00024579964746409573,0.002452576767756962,0.0034418326770705634,60,1
2026-06-11 15:59:00+00:00,2026-06-11 16:29:00+00:00,BUY,62749.44,,,62639.78,TRANSITION,-0.0017475853170961125,0.002859627113803762,0.001475072924953556,30,1
2026-06-11 16:29:00+00:00,2026-06-11 17:29:00+00:00,SELL,62639.78,,,63012.41,TRANSITION,-0.005948775682162432,0.006055896109469155,0.004658062336745098,60,2
2026-06-11 17:29:00+00:00,2026-06-11 20:29:00+00:00,BUY,63012.41,,,63367.88,TRANSITION,0.005641269711791596,0.0005229128674812527,0.014609979208857322,180,1
2026-06-11 20:29:00+00:00,2026-06-11 20:59:00+00:00,SELL,63367.88,,,63393.67,TRANSITION,-0.000406988524785757,0.0006331283293681692,0.0015446311285780333,30,2
2026-06-11 20:59:00+00:00,2026-06-11 22:59:00+00:00,BUY,63393.67,,,63500.01,TRANSITION,0.0016774545471180922,1.5774445610675815e-07,0.004358952557881595,120,7
2026-06-11 22:59:00+00:00,2026-06-11 23:59:00+00:00,SELL,63500.01,,,63625.99,TRANSITION,-0.0019839366954429757,0.0031494483229214916,0.002173385484506255,60,2
2026-06-11 23:59:00+00:00,2026-06-11 23:59:00+00:00,BUY,63625.99,,,63625.99,SESSION_RESET,0.0,0.0,0.0,0,5
2026-06-12 01:29:00+00:00,2026-06-12 01:59:00+00:00,SELL,63355.93,,,63426.2,TRANSITION,-0.0011091305896700878,0.001668983471633957,0.0006741278993142256,30,1
2026-06-12 01:59:00+00:00,2026-06-12 03:29:00+00:00,BUY,63426.2,,,63441.34,TRANSITION,0.00023870261816094008,0.0010799953331588523,0.005564104423724005,90,1
2026-06-12 03:29:00+00:00,2026-06-12 03:59:00+00:00,SELL,63441.34,,,63524.82,TRANSITION,-0.001315861234961355,0.0013975114649218238,1.576259264820275e-07,30,2
2026-06-12 03:59:00+00:00,2026-06-12 05:29:00+00:00,BUY,63524.82,,,63486.82,TRANSITION,-0.0005981913840920762,0.0016384147172711667,0.005339015521807122,90,5
2026-06-12 05:29:00+00:00,2026-06-12 07:59:00+00:00,SELL,63486.82,,,63100.8,TRANSITION,0.006080317142991204,0.0002076021448231348,0.010348762152522398,150,22
2026-06-12 07:59:00+00:00,2026-06-12 10:29:00+00:00,BUY,63100.8,,,63618.81,TRANSITION,0.008209246158527226,0.0,0.013518687560221005,150,4
2026-06-12 10:29:00+00:00,2026-06-12 10:59:00+00:00,SELL,63618.81,,,63702.01,TRANSITION,-0.0013077893157700429,0.0022557793834874,0.0,30,5
2026-06-12 10:59:00+00:00,2026-06-12 12:29:00+00:00,BUY,63702.01,,,63463.19,TRANSITION,-0.0037490182805848624,0.0037515299752708463,0.0028645877893020318,90,110
2026-06-12 12:29:00+00:00,2026-06-12 14:29:00+00:00,SELL,63463.19,,,63631.99,TRANSITION,-0.00265980956834971,0.0030423935512853112,0.006584919541548439,120,2
2026-06-12 14:29:00+00:00,2026-06-12 15:59:00+00:00,BUY,63631.99,,,63593.02,TRANSITION,-0.0006124278055739128,0.00264646760222337,0.011982180661016643,90,3
2026-06-12 15:59:00+00:00,2026-06-12 16:29:00+00:00,SELL,63593.02,,,63900.0,TRANSITION,-0.004827259343871438,0.006336858982322324,0.0013029731879378164,30,1
2026-06-12 16:29:00+00:00,2026-06-12 17:29:00+00:00,BUY,63900.0,,,63832.0,TRANSITION,-0.0010641627543035994,0.002410172143974993,0.0033035993740218863,60,5
2026-06-12 17:29:00+00:00,2026-06-12 17:59:00+00:00,SELL,63832.0,,,63865.44,TRANSITION,-0.0005238751723273958,0.00128446547186361,0.0010652964030580274,30,2
2026-06-12 17:59:00+00:00,2026-06-12 18:59:00+00:00,BUY,63865.44,,,63694.0,TRANSITION,-0.002684393938255218,0.0028096573044827113,0.0010788307416341948,60,2
2026-06-12 18:59:00+00:00,2026-06-12 22:29:00+00:00,SELL,63694.0,,,63604.01,TRANSITION,0.0014128489339654906,0.002149810029202127,0.004615819386441423,210,2
2026-06-12 22:29:00+00:00,2026-06-12 23:29:00+00:00,BUY,63604.01,,,63453.32,TRANSITION,-0.002369190244451605,0.002785673419018711,0.0002471542281689655,60,2
2026-06-12 23:29:00+00:00,2026-06-12 23:59:00+00:00,SELL,63453.32,,,63580.01,TRANSITION,-0.0019965858366434146,0.0019965858366434146,0.0002256777107959002,30,5
2026-06-12 23:59:00+00:00,2026-06-12 23:59:00+00:00,BUY,63580.01,,,63580.01,SESSION_RESET,0.0,0.0,0.0,0,2
2026-06-13 00:59:00+00:00,2026-06-13 03:29:00+00:00,BUY,63600.01,,,63511.81,TRANSITION,-0.0013867922347811637,0.0028514146460039635,0.0037734270796497982,150,2
2026-06-13 03:29:00+00:00,2026-06-13 05:59:00+00:00,SELL,63511.81,,,63584.03,TRANSITION,-0.0011371113498418824,0.002394830189849822,0.0005178564427623685,150,3
2026-06-13 05:59:00+00:00,2026-06-13 08:59:00+00:00,BUY,63584.03,,,63806.0,TRANSITION,0.0034909709246174103,0.0005271763994826499,0.005126601758334619,180,1
2026-06-13 08:59:00+00:00,2026-06-13 10:29:00+00:00,SELL,63806.0,,,63782.0,TRANSITION,0.00037614017490518134,0.0009662100742877074,0.0012448672538632776,90,5
2026-06-13 10:29:00+00:00,2026-06-13 16:29:00+00:00,BUY,63782.0,,,63982.04,TRANSITION,0.003136308049292918,0.0,0.008905333793233201,360,18
2026-06-13 16:29:00+00:00,2026-06-13 16:59:00+00:00,SELL,63982.04,,,64029.17,TRANSITION,-0.0007366129620124238,0.002872681146146569,0.0009688656379196093,30,2
2026-06-13 16:59:00+00:00,2026-06-13 17:59:00+00:00,BUY,64029.17,,,63971.19,TRANSITION,-0.000905524778784356,0.00133017498118433,0.0014185721913934188,60,4
2026-06-13 17:59:00+00:00,2026-06-13 18:29:00+00:00,SELL,63971.19,,,64194.06,TRANSITION,-0.003483912054785839,0.003670558574883438,0.0,30,5
2026-06-13 18:29:00+00:00,2026-06-13 23:59:00+00:00,BUY,64194.06,,,64458.01,SESSION_RESET,0.004111751149561258,0.0021743444798474265,0.008859230900802957,330,2
2026-06-14 01:59:00+00:00,2026-06-14 03:29:00+00:00,SELL,64563.0,,,64530.19,TRANSITION,0.0005081858030140742,0.0011306785620246891,0.0013778789709276075,90,1
2026-06-14 03:29:00+00:00,2026-06-14 04:29:00+00:00,BUY,64530.19,,,64470.0,TRANSITION,-0.0009327417136072639,0.0009947282039616237,0.0005158825659741723,60,14
2026-06-14 04:29:00+00:00,2026-06-14 07:29:00+00:00,SELL,64470.0,,,64356.96,TRANSITION,0.001753373662168464,0.0002760974096479434,0.003970839149992245,180,2
2026-06-14 07:29:00+00:00,2026-06-14 09:29:00+00:00,BUY,64356.96,,,64353.99,TRANSITION,-4.61488547625799e-05,0.0009153633111321016,0.0024373432182004957,120,6
2026-06-14 09:29:00+00:00,2026-06-14 09:59:00+00:00,SELL,64353.99,,,64616.0,TRANSITION,-0.004071387026663025,0.004102309740235221,9.618673216680198e-05,30,1
2026-06-14 09:59:00+00:00,2026-06-14 10:59:00+00:00,BUY,64616.0,,,64521.13,TRANSITION,-0.0014682122075028263,0.0018260183236349814,0.0007428500680945896,60,2
2026-06-14 10:59:00+00:00,2026-06-14 11:29:00+00:00,SELL,64521.13,,,64582.78,TRANSITION,-0.0009555009343450968,0.0010983998575350839,0.0009474415590675084,30,4
2026-06-14 11:29:00+00:00,2026-06-14 12:29:00+00:00,BUY,64582.78,,,64467.25,TRANSITION,-0.001788866939453502,0.0018082219439918635,0.0009154142946463844,60,2
2026-06-14 12:29:00+00:00,2026-06-14 16:29:00+00:00,SELL,64467.25,,,64135.53,TRANSITION,0.005145558403685611,0.00013588294831875158,0.009316203188440588,240,2
2026-06-14 16:29:00+00:00,2026-06-14 16:59:00+00:00,BUY,64135.53,,,63942.63,TRANSITION,-0.0030076932396130734,0.0031110680772420346,0.0008492952346382912,30,2
2026-06-14 16:59:00+00:00,2026-06-14 18:59:00+00:00,SELL,63942.63,,,63813.3,TRANSITION,0.0020225943161861575,0.001200294701672421,0.004125573189591915,120,1
2026-06-14 18:59:00+00:00,2026-06-14 19:59:00+00:00,BUY,63813.3,,,63802.0,TRANSITION,-0.00017707907285789812,0.001231561445654805,0.0007609698918563633,60,1
2026-06-14 19:59:00+00:00,2026-06-14 20:29:00+00:00,SELL,63802.0,,,63923.99,TRANSITION,-0.001912009027930127,0.0024764113977618256,0.00012397730478673854,30,2
2026-06-14 20:29:00+00:00,2026-06-14 23:59:00+00:00,BUY,63923.99,,,65746.45,SESSION_RESET,0.02850979733899588,7.242977167097017e-05,0.029347511004866905,210,3
2026-06-15 01:29:00+00:00,2026-06-15 03:29:00+00:00,SELL,65400.01,,,65726.01,TRANSITION,-0.004984708717934335,0.005736084749834016,0.00030581035079352433,120,9
2026-06-15 03:29:00+00:00,2026-06-15 04:29:00+00:00,BUY,65726.01,,,65721.66,TRANSITION,-6.618384411272294e-05,0.0005174511582247996,0.004092595914463776,60,21
2026-06-15 04:29:00+00:00,2026-06-15 05:29:00+00:00,SELL,65721.66,,,65828.03,TRANSITION,-0.0016184922900607706,0.0022875259085056053,0.0016836154168961759,60,5
2026-06-15 05:29:00+00:00,2026-06-15 06:59:00+00:00,BUY,65828.03,,,65812.01,TRANSITION,-0.00024336137660513425,0.001884151781543498,0.002115208369443917,90,10
2026-06-15 06:59:00+00:00,2026-06-15 07:29:00+00:00,SELL,65812.01,,,65958.02,TRANSITION,-0.0022185920168675795,0.0028564695106562655,0.0018843065270304732,30,1
2026-06-15 07:29:00+00:00,2026-06-15 07:59:00+00:00,BUY,65958.02,,,65674.76,TRANSITION,-0.004294549775751445,0.00499666302899946,0.0,30,6
2026-06-15 07:59:00+00:00,2026-06-15 10:59:00+00:00,SELL,65674.76,,,65917.37,TRANSITION,-0.003694113233150766,0.004543450177815639,0.002478273236171625,180,10
2026-06-15 10:59:00+00:00,2026-06-15 13:59:00+00:00,BUY,65917.37,,,66447.05,TRANSITION,0.008035514766441798,0.0012832732859335333,0.015653688853180973,180,6
2026-06-15 13:59:00+00:00,2026-06-15 14:29:00+00:00,SELL,66447.05,,,66559.99,TRANSITION,-0.0016996992342023058,0.0016998497299729196,0.00294174082972835,30,6
2026-06-15 14:29:00+00:00,2026-06-15 17:29:00+00:00,BUY,66559.99,,,66818.01,TRANSITION,0.0038765029862532956,0.002079327235475978,0.011000001652644312,180,1
2026-06-15 17:29:00+00:00,2026-06-15 23:59:00+00:00,SELL,66818.01,,,66328.74,TRANSITION,0.00732242699236313,0.0018960456918726304,0.01109655914625409,390,2
2026-06-15 23:59:00+00:00,2026-06-15 23:59:00+00:00,BUY,66328.74,,,66328.74,SESSION_RESET,0.0,0.0,0.0,0,2
2026-06-16 01:29:00+00:00,2026-06-16 02:29:00+00:00,BUY,66376.66,,,65776.01,TRANSITION,-0.009049114553218085,0.009392006166022869,0.0006229599380262771,60,3
2026-06-16 02:29:00+00:00,2026-06-16 03:29:00+00:00,SELL,65776.01,,,65980.46,TRANSITION,-0.003108276102487999,0.0035146552671712315,0.0019157440531889175,60,2
2026-06-16 03:29:00+00:00,2026-06-16 04:29:00+00:00,BUY,65980.46,,,65980.0,TRANSITION,-6.9717610335908964e-06,6.9717610335908964e-06,0.00487068444203019,60,5
2026-06-16 04:29:00+00:00,2026-06-16 05:29:00+00:00,SELL,65980.0,,,66076.01,TRANSITION,-0.0014551379205819152,0.002030918460139436,0.0026977872082449227,60,1
2026-06-16 05:29:00+00:00,2026-06-16 07:29:00+00:00,BUY,66076.01,,,66338.01,TRANSITION,0.003965130461115918,0.000984018254128685,0.007521337925822254,120,10
2026-06-16 07:29:00+00:00,2026-06-16 07:59:00+00:00,SELL,66338.01,,,66372.0,TRANSITION,-0.0005123759365106859,0.0013263888983104143,0.0005714672478114574,30,1
2026-06-16 07:59:00+00:00,2026-06-16 09:59:00+00:00,BUY,66372.0,,,66510.0,TRANSITION,0.0020791900198879045,0.00040589405170858686,0.009341288495148557,120,3
2026-06-16 09:59:00+00:00,2026-06-16 10:29:00+00:00,SELL,66510.0,,,66672.17,TRANSITION,-0.0024382799579010413,0.004029469252743948,0.0001419335438280308,30,2
2026-06-16 10:29:00+00:00,2026-06-16 12:59:00+00:00,BUY,66672.17,,,66429.83,TRANSITION,-0.003634799947264301,0.004562173392586416,0.0021872694409076792,150,10
2026-06-16 12:59:00+00:00,2026-06-16 17:59:00+00:00,SELL,66429.83,,,65978.79,TRANSITION,0.006789720822708836,0.0005012808251955922,0.016090813419212476,300,12
2026-06-16 17:59:00+00:00,2026-06-16 18:59:00+00:00,BUY,65978.79,,,65847.99,TRANSITION,-0.0019824552708527753,0.0026794974566825736,0.004090708544367194,60,1
2026-06-16 18:59:00+00:00,2026-06-16 20:59:00+00:00,SELL,65847.99,,,65854.0,TRANSITION,-9.12708193521892e-05,0.0002722938088162298,0.0043735579476306755,120,5
2026-06-16 20:59:00+00:00,2026-06-16 23:59:00+00:00,BUY,65854.0,,,65675.01,TRANSITION,-0.002717982203055323,0.003448537674249185,0.0012755489415980806,180,2
2026-06-16 23:59:00+00:00,2026-06-16 23:59:00+00:00,SELL,65675.01,,,65675.01,SESSION_RESET,0.0,0.0,0.0,0,1
2026-06-17 01:59:00+00:00,2026-06-17 03:29:00+00:00,BUY,65940.0,,,65780.0,TRANSITION,-0.002426448286320898,0.0035873521383075965,0.003942978465271459,90,2
2026-06-17 03:29:00+00:00,2026-06-17 03:59:00+00:00,SELL,65780.0,,,65851.99,TRANSITION,-0.001094405594405674,0.0015656734569778844,0.00015202189115232594,30,3
2026-06-17 03:59:00+00:00,2026-06-17 06:29:00+00:00,BUY,65851.99,,,65650.01,TRANSITION,-0.0030671814169930243,0.00306733327269237,0.0029794088227249787,150,2
2026-06-17 06:29:00+00:00,2026-06-17 12:59:00+00:00,SELL,65650.01,,,65040.88,TRANSITION,0.009278444892849177,0.001364965519426434,0.01652718712457157,390,1
2026-06-17 12:59:00+00:00,2026-06-17 14:59:00+00:00,BUY,65040.88,,,65101.45,TRANSITION,0.0009312604626505624,0.004122945446002517,0.006465164677968687,120,1
2026-06-17 14:59:00+00:00,2026-06-17 15:29:00+00:00,SELL,65101.45,,,65327.76,TRANSITION,-0.003476266657655167,0.004893132180619678,0.0017466584845652305,30,2
2026-06-17 15:29:00+00:00,2026-06-17 18:29:00+00:00,BUY,65327.76,,,65404.14,TRANSITION,0.0011691813709822192,0.008078648341838171,0.017116307064561697,180,10
2026-06-17 18:29:00+00:00,2026-06-17 22:29:00+00:00,SELL,65404.14,,,64364.42,TRANSITION,0.015896853012668636,0.009997073579745958,0.02275651052058788,240,30
2026-06-17 22:29:00+00:00,2026-06-17 23:59:00+00:00,BUY,64364.42,,,64509.4,SESSION_RESET,0.0022524866999501154,0.0018709094248033037,0.002560110073236096,90,3
2026-06-18 01:29:00+00:00,2026-06-18 03:29:00+00:00,BUY,64658.77,,,64320.0,TRANSITION,-0.005239351135197852,0.005278788940773227,0.0018232638820690017,120,90
2026-06-18 03:29:00+00:00,2026-06-18 05:59:00+00:00,SELL,64320.0,,,63994.0,TRANSITION,0.005068407960199005,0.0013600746268657214,0.009696983830845758,150,2
2026-06-18 05:59:00+00:00,2026-06-18 08:59:00+00:00,BUY,63994.0,,,64399.92,TRANSITION,0.006343094665124828,0.0022502109572772448,0.010200175016407789,180,3
2026-06-18 08:59:00+00:00,2026-06-18 12:29:00+00:00,SELL,64399.92,,,64201.31,TRANSITION,0.003084010042248509,0.0012124238663650784,0.008102183977868278,210,2
2026-06-18 12:29:00+00:00,2026-06-18 13:59:00+00:00,BUY,64201.31,,,63984.0,TRANSITION,-0.0033848218984939356,0.0062508070318190966,0.003798676382148661,90,2
2026-06-18 13:59:00+00:00,2026-06-18 19:29:00+00:00,SELL,63984.0,,,62777.01,TRANSITION,0.01886393473368339,0.0034330457614404146,0.0267555951487872,330,3
2026-06-18 19:29:00+00:00,2026-06-18 21:29:00+00:00,BUY,62777.01,,,62958.01,TRANSITION,0.0028832211027572034,0.00024005603325165866,0.007919778275518383,120,9
2026-06-18 21:29:00+00:00,2026-06-18 21:59:00+00:00,SELL,62958.01,,,62971.32,TRANSITION,-0.00021141074821135025,0.0006594871724820527,0.001334381439311726,30,5
2026-06-18 21:59:00+00:00,2026-06-18 22:29:00+00:00,BUY,62971.32,,,62831.99,TRANSITION,-0.002212594558919866,0.0030510715036622606,0.0002966429796929823,30,4
2026-06-18 22:29:00+00:00,2026-06-18 22:59:00+00:00,SELL,62831.99,,,62885.85,TRANSITION,-0.0008572066553995916,0.0010292527739453347,0.0014322322116488426,30,2
2026-06-18 22:59:00+00:00,2026-06-18 23:59:00+00:00,BUY,62885.85,,,62958.01,SESSION_RESET,0.0011474759425213065,0.002055311329973277,0.001578574512390372,60,2
2026-06-19 01:29:00+00:00,2026-06-19 01:59:00+00:00,SELL,62926.0,,,63021.86,TRANSITION,-0.0015233766646537295,0.0016854718240472567,0.0011758255728951143,30,2
2026-06-19 01:59:00+00:00,2026-06-19 03:29:00+00:00,BUY,63021.86,,,62848.4,TRANSITION,-0.0027523783017511564,0.010075234212382801,0.0014031639180436802,90,5
2026-06-19 03:29:00+00:00,2026-06-19 05:59:00+00:00,SELL,62848.4,,,62739.2,TRANSITION,0.0017375143997302137,0.001086105612871641,0.006982675772175561,150,3
2026-06-19 05:59:00+00:00,2026-06-19 07:29:00+00:00,BUY,62739.2,,,62741.19,TRANSITION,3.171860654909911e-05,0.0003379067632356978,0.0028390543711109264,90,1
2026-06-19 07:29:00+00:00,2026-06-19 10:59:00+00:00,SELL,62741.19,,,62533.25,TRANSITION,0.0033142501760008427,0.0013785202352712461,0.006769874782419651,210,1
2026-06-19 10:59:00+00:00,2026-06-19 12:29:00+00:00,BUY,62533.25,,,62562.0,TRANSITION,0.0004597554101218152,0.0012909931916221082,0.0024743636385443457,90,1
2026-06-19 12:29:00+00:00,2026-06-19 12:59:00+00:00,SELL,62562.0,,,62830.01,TRANSITION,-0.004283910360921998,0.004970908858412422,0.0033406860394488667,30,2
2026-06-19 12:59:00+00:00,2026-06-19 15:29:00+00:00,BUY,62830.01,,,63054.81,TRANSITION,0.003577908072909675,0.0026103767928733743,0.00937863928399812,150,1
2026-06-19 15:29:00+00:00,2026-06-19 15:59:00+00:00,SELL,63054.81,,,63214.01,TRANSITION,-0.0025247875618054257,0.003632553963765856,1.5859218344740569e-07,30,10
2026-06-19 15:59:00+00:00,2026-06-19 16:59:00+00:00,BUY,63214.01,,,62971.99,TRANSITION,-0.003828581670424073,0.004667161599145487,0.0027492323299850912,60,3
2026-06-19 16:59:00+00:00,2026-06-19 17:59:00+00:00,SELL,62971.99,,,63198.01,TRANSITION,-0.003589214823924162,0.004629042213847776,0.001667408001557518,60,5
2026-06-19 17:59:00+00:00,2026-06-19 19:29:00+00:00,BUY,63198.01,,,62998.45,TRANSITION,-0.0031576943641105936,0.004050918691901882,6.234373519031773e-05,90,12
2026-06-19 19:29:00+00:00,2026-06-19 20:29:00+00:00,SELL,62998.45,,,63077.59,TRANSITION,-0.0012562213832244986,0.0022468806772230573,0.0006327139794709328,60,9
2026-06-19 20:29:00+00:00,2026-06-19 21:59:00+00:00,BUY,63077.59,,,63075.98,TRANSITION,-2.5524120372913837e-05,0.0007982232675661601,0.0031397838756997997,90,2
2026-06-19 21:59:00+00:00,2026-06-19 22:29:00+00:00,SELL,63075.98,,,63268.0,TRANSITION,-0.003044265027669753,0.0035515896859628147,0.0004435919980950466,30,1
2026-06-19 22:29:00+00:00,2026-06-19 23:59:00+00:00,BUY,63268.0,,,63543.91,SESSION_RESET,0.004360972371499075,0.0005577859265347549,0.006290699879876083,90,2
2026-06-20 00:59:00+00:00,2026-06-20 01:59:00+00:00,SELL,63530.01,,,63586.28,TRANSITION,-0.0008857231409218541,0.0013571538868009175,0.0019834720630455124,60,2
2026-06-20 01:59:00+00:00,2026-06-20 02:29:00+00:00,BUY,63586.28,,,63407.99,TRANSITION,-0.002803906754727606,0.003024080037391728,-1.572666305064122e-07,30,2
2026-06-20 02:29:00+00:00,2026-06-20 03:29:00+00:00,SELL,63407.99,,,63443.94,TRANSITION,-0.0005669632486379771,0.0013564536582850526,0.0013854720832500533,60,1
2026-06-20 03:29:00+00:00,2026-06-20 07:59:00+00:00,BUY,63443.94,,,63655.21,TRANSITION,0.003330026476917997,0.0006610560441233997,0.007299830369929695,270,6
2026-06-20 07:59:00+00:00,2026-06-20 09:29:00+00:00,SELL,63655.21,,,63570.42,TRANSITION,0.0013320197985365358,0.00014421443272279348,0.004128491603436634,90,2
2026-06-20 09:29:00+00:00,2026-06-20 13:29:00+00:00,BUY,63570.42,,,63348.94,TRANSITION,-0.0034840103305907987,0.004599938147333276,0.0035919221549897545,240,2
2026-06-20 13:29:00+00:00,2026-06-20 14:59:00+00:00,SELL,63348.94,,,63949.9,TRANSITION,-0.009486504430855499,0.01264519974604149,0.00260035921674464,90,6
2026-06-20 14:59:00+00:00,2026-06-20 17:59:00+00:00,BUY,63949.9,,,63834.7,TRANSITION,-0.00180141016639595,0.003435345481384683,0.00685067529425376,180,15
2026-06-20 17:59:00+00:00,2026-06-20 18:29:00+00:00,SELL,63834.7,,,63866.0,TRANSITION,-0.0004903289276835782,0.0014678536908609952,0.0005435914949078963,30,2
2026-06-20 18:29:00+00:00,2026-06-20 18:59:00+00:00,BUY,63866.0,,,63805.89,TRANSITION,-0.0009411893652334667,0.0012213071117652585,0.000347602793348528,30,74
2026-06-20 18:59:00+00:00,2026-06-20 19:59:00+00:00,SELL,63805.89,,,63936.0,TRANSITION,-0.0020391534386559073,0.0025406745364730528,0.00012365629568053072,60,2
2026-06-20 19:59:00+00:00,2026-06-20 23:59:00+00:00,BUY,63936.0,,,64298.01,SESSION_RESET,0.00566206831831835,0.001293324574574611,0.006475225225225225,240,2
2026-06-21 01:29:00+00:00,2026-06-21 03:29:00+00:00,SELL,64241.85,,,64357.34,TRANSITION,-0.0017977377675144467,0.0035979661233292537,0.0005554011909681974,120,5
2026-06-21 03:29:00+00:00,2026-06-21 04:59:00+00:00,BUY,64357.34,,,64276.12,TRANSITION,-0.001262016111915034,0.0013656561939943358,0.003584051174271707,90,1
2026-06-21 04:59:00+00:00,2026-06-21 05:29:00+00:00,SELL,64276.12,,,64302.0,TRANSITION,-0.00040263786924284444,0.00045817949185478354,0.0007859839704077358,30,2
2026-06-21 05:29:00+00:00,2026-06-21 05:59:00+00:00,BUY,64302.0,,,64256.55,TRANSITION,-0.0007068209386954852,0.0010573543591178808,0.0009864389910111705,30,2
2026-06-21 05:59:00+00:00,2026-06-21 06:29:00+00:00,SELL,64256.55,,,64287.47,TRANSITION,-0.0004811960803995585,0.0006761956563182599,0.0008800659232405554,30,5
2026-06-21 06:29:00+00:00,2026-06-21 07:29:00+00:00,BUY,64287.47,,,64179.46,TRANSITION,-0.0016801096698937138,0.0017247528950821156,0.0005680733741737977,60,1
2026-06-21 07:29:00+00:00,2026-06-21 09:59:00+00:00,SELL,64179.46,,,64209.16,TRANSITION,-0.0004627648783583465,0.001249776797748051,0.004351703800561751,150,1
2026-06-21 09:59:00+00:00,2026-06-21 11:59:00+00:00,BUY,64209.16,,,64176.0,TRANSITION,-0.0005164372186149685,0.0015130239984451042,0.004279607457876627,120,5
2026-06-21 11:59:00+00:00,2026-06-21 12:59:00+00:00,SELL,64176.0,,,64200.0,TRANSITION,-0.00037397157816005983,0.0009213724756918066,0.0034904013961605585,60,2
2026-06-21 12:59:00+00:00,2026-06-21 14:29:00+00:00,BUY,64200.0,,,64034.0,TRANSITION,-0.002585669781931464,0.002940965732087191,0.0,90,3
2026-06-21 14:29:00+00:00,2026-06-21 14:59:00+00:00,SELL,64034.0,,,64145.97,TRANSITION,-0.0017486023050254733,0.0018427710278914326,0.0004685011087859575,30,2
2026-06-21 14:59:00+00:00,2026-06-21 16:29:00+00:00,BUY,64145.97,,,64186.06,TRANSITION,0.0006249808054971576,0.0005019800932155889,0.003272380166672921,90,4
2026-06-21 16:29:00+00:00,2026-06-21 18:59:00+00:00,SELL,64186.06,,,64213.81,TRANSITION,-0.0004323368656683398,0.0008403693886180633,0.003935278158528449,150,1
2026-06-21 18:59:00+00:00,2026-06-21 19:59:00+00:00,BUY,64213.81,,,64207.12,TRANSITION,-0.00010418319672972298,0.0007020296724333048,0.0013241699877331503,60,2
2026-06-21 19:59:00+00:00,2026-06-21 23:59:00+00:00,SELL,64207.12,,,63311.99,SESSION_RESET,0.013941288754269069,0.0009981759032331072,0.01459526607018042,240,2
2026-06-22 02:59:00+00:00,2026-06-22 03:29:00+00:00,SELL,64257.99,,,64281.99,TRANSITION,-0.000373494409022131,0.0031350186957295797,0.0056492585591300755,30,2
2026-06-22 03:29:00+00:00,2026-06-22 03:59:00+00:00,BUY,64281.99,,,63974.01,TRANSITION,-0.0047910775630934255,0.005631904052752549,0.0024580757378544447,30,3
2026-06-22 03:59:00+00:00,2026-06-22 04:59:00+00:00,SELL,63974.01,,,64100.02,TRANSITION,-0.0019697061353508207,0.0022263728661061,0.001650670326903043,60,4
2026-06-22 04:59:00+00:00,2026-06-22 06:29:00+00:00,BUY,64100.02,,,64124.0,TRANSITION,0.0003741028473938573,0.00017753504601086522,0.0038088911672726697,90,2
2026-06-22 06:29:00+00:00,2026-06-22 07:29:00+00:00,SELL,64124.0,,,64262.56,TRANSITION,-0.002160813423990981,0.0027446821782795834,0.002775871748487306,60,1
2026-06-22 07:29:00+00:00,2026-06-22 08:29:00+00:00,BUY,64262.56,,,64188.27,TRANSITION,-0.0011560386016367986,0.0024253624505466416,0.0021009122574637868,60,2
2026-06-22 08:29:00+00:00,2026-06-22 09:59:00+00:00,SELL,64188.27,,,64145.39,TRANSITION,0.0006680348294166112,0.0015848690111137627,0.0022476069225731868,90,1
2026-06-22 09:59:00+00:00,2026-06-22 10:59:00+00:00,BUY,64145.39,,,64139.21,TRANSITION,-9.634363435938719e-05,0.0012504406006417473,0.0019737973375795297,60,2
2026-06-22 10:59:00+00:00,2026-06-22 11:29:00+00:00,SELL,64139.21,,,64359.14,TRANSITION,-0.0034289477528644382,0.0050710010304149365,0.0006568524931940599,30,3
2026-06-22 11:29:00+00:00,2026-06-22 14:29:00+00:00,BUY,64359.14,,,64970.02,TRANSITION,0.009491736527243798,0.0,0.01963497336974985,180,5
2026-06-22 14:29:00+00:00,2026-06-22 14:59:00+00:00,SELL,64970.02,,,64980.39,TRANSITION,-0.00015961207954072693,0.0015460977232268725,0.0020781892940774345,30,2
2026-06-22 14:59:00+00:00,2026-06-22 15:59:00+00:00,BUY,64980.39,,,64836.95,TRANSITION,-0.002207435196987927,0.003436113572109968,0.0025486150514024398,60,2
2026-06-22 15:59:00+00:00,2026-06-22 17:59:00+00:00,SELL,64836.95,,,64602.0,TRANSITION,0.0036237053100122247,0.00038635376895432175,0.006921824669420656,120,1
2026-06-22 17:59:00+00:00,2026-06-22 18:59:00+00:00,BUY,64602.0,,,64334.01,TRANSITION,-0.00414832358131324,0.0045045045045045045,0.001983684715643501,60,1
2026-06-22 18:59:00+00:00,2026-06-22 19:59:00+00:00,SELL,64334.01,,,64472.0,TRANSITION,-0.002144899719448515,0.0025689367101475067,0.0009017003603537544,60,5
2026-06-22 19:59:00+00:00,2026-06-22 20:59:00+00:00,BUY,64472.0,,,64433.8,TRANSITION,-0.0005925052736071022,0.0017844955949870161,0.0029071534929892093,60,5
2026-06-22 20:59:00+00:00,2026-06-22 21:59:00+00:00,SELL,64433.8,,,64320.57,TRANSITION,0.0017573075001009284,0.0007170149828195308,0.004646784762034887,60,9
2026-06-22 21:59:00+00:00,2026-06-22 22:29:00+00:00,BUY,64320.57,,,64029.99,TRANSITION,-0.004517683845152519,0.006431690515180483,0.001179715913587168,30,1
2026-06-22 22:29:00+00:00,2026-06-22 23:29:00+00:00,SELL,64029.99,,,64042.37,TRANSITION,-0.000193346898851689,0.001655630431927321,0.0035202254443582057,60,2
2026-06-22 23:29:00+00:00,2026-06-22 23:59:00+00:00,BUY,64042.37,,,64020.01,SESSION_RESET,-0.00034914385585668647,0.0013639407785815206,0.00017098055552905192,30,3
2026-06-23 00:59:00+00:00,2026-06-23 04:59:00+00:00,BUY,64154.99,,,63623.02,TRANSITION,-0.008291950478053246,0.008454057899471193,0.0018765492754343727,240,1
2026-06-23 04:59:00+00:00,2026-06-23 09:29:00+00:00,SELL,63623.02,,,62520.01,TRANSITION,0.01733664953345495,0.0016500317023618685,0.02648443912282059,270,2
2026-06-23 09:29:00+00:00,2026-06-23 10:29:00+00:00,BUY,62520.01,,,62372.95,TRANSITION,-0.0023522069174333935,0.0029873635656808765,0.0010555020704570899,60,1
2026-06-23 10:29:00+00:00,2026-06-23 11:29:00+00:00,SELL,62372.95,,,62552.11,TRANSITION,-0.002872399012713099,0.0034361049140693156,0.002016098324674398,60,5
2026-06-23 11:29:00+00:00,2026-06-23 12:29:00+00:00,BUY,62552.11,,,62408.0,TRANSITION,-0.0023038391510694137,0.003358959433982332,0.0014688553271823665,60,1
2026-06-23 12:29:00+00:00,2026-06-23 13:59:00+00:00,SELL,62408.0,,,62475.99,TRANSITION,-0.001089443661069061,0.00209460325599284,0.007178566850403794,90,1
2026-06-23 13:59:00+00:00,2026-06-23 15:29:00+00:00,BUY,62475.99,,,62277.09,TRANSITION,-0.0031836230206196245,0.004449549338873989,0.00608217652893544,90,2
2026-06-23 15:29:00+00:00,2026-06-23 15:59:00+00:00,SELL,62277.09,,,62487.79,TRANSITION,-0.0033832666234084536,0.0035150968036561036,0.0010771216188809477,30,15
2026-06-23 15:59:00+00:00,2026-06-23 17:59:00+00:00,BUY,62487.79,,,62358.02,TRANSITION,-0.0020767257091346015,0.0025579397191035844,0.0057324798972727175,120,2
2026-06-23 17:59:00+00:00,2026-06-23 19:29:00+00:00,SELL,62358.02,,,62442.0,TRANSITION,-0.0013467393608713556,0.0013982163000044313,0.004062348355512246,90,5
2026-06-23 19:29:00+00:00,2026-06-23 23:59:00+00:00,BUY,62442.0,,,62734.57,SESSION_RESET,0.004685468114410168,0.002861535504948597,0.00573316037282595,270,1
2026-06-24 01:59:00+00:00,2026-06-24 03:29:00+00:00,SELL,62932.19,,,62669.87,TRANSITION,0.004168296065971956,0.0012859873460624887,0.007473440857532524,90,2
2026-06-24 03:29:00+00:00,2026-06-24 04:29:00+00:00,BUY,62669.87,,,62588.27,TRANSITION,-0.001302061102089502,0.0023038184058783696,0.002555135346538893,60,1
2026-06-24 04:29:00+00:00,2026-06-24 04:59:00+00:00,SELL,62588.27,,,62744.42,TRANSITION,-0.002494876436111774,0.0033768308342762283,0.0,30,3
2026-06-24 04:59:00+00:00,2026-06-24 06:59:00+00:00,BUY,62744.42,,,62780.0,TRANSITION,0.0005670623778178481,0.0006123253669409686,0.005243812915953388,120,2
2026-06-24 06:59:00+00:00,2026-06-24 08:59:00+00:00,SELL,62780.0,,,62800.0,TRANSITION,-0.00031857279388340236,0.0010194329404268876,0.0027830519273654214,120,15
2026-06-24 08:59:00+00:00,2026-06-24 09:29:00+00:00,BUY,62800.0,,,62678.37,TRANSITION,-0.0019367834394904042,0.0019367834394904042,1.592356688222495e-07,30,9
2026-06-24 09:29:00+00:00,2026-06-24 11:59:00+00:00,SELL,62678.37,,,62921.19,TRANSITION,-0.003874063732033869,0.0089455102294459,0.005735471423395427,150,2
2026-06-24 11:59:00+00:00,2026-06-24 12:59:00+00:00,BUY,62921.19,,,62618.31,TRANSITION,-0.0048136406828924345,0.005339854506884012,0.0008265895797583415,60,12
2026-06-24 12:59:00+00:00,2026-06-24 19:29:00+00:00,SELL,62618.31,,,59829.99,TRANSITION,0.04452882870840813,0.0001667243973847638,0.05614348263311483,390,3
2026-06-24 19:29:00+00:00,2026-06-24 22:59:00+00:00,BUY,59829.99,,,60873.99,TRANSITION,0.017449442996731238,0.0015709512904815456,0.024168648532282924,210,5
2026-06-24 22:59:00+00:00,2026-06-24 23:29:00+00:00,SELL,60873.99,,,60988.0,TRANSITION,-0.0018728852831891264,0.00259568988331473,0.0007224760525800252,30,5
2026-06-24 23:29:00+00:00,2026-06-24 23:59:00+00:00,BUY,60988.0,,,61077.99,SESSION_RESET,0.0014755361710500092,0.000721453400668984,0.0020331868564307733,30,3
2026-06-25 01:29:00+00:00,2026-06-25 03:29:00+00:00,BUY,60862.01,,,60798.07,TRANSITION,-0.0010505732557962238,0.0029093682578015365,0.0020700926571435604,120,9
2026-06-25 03:29:00+00:00,2026-06-25 03:59:00+00:00,SELL,60798.07,,,60883.65,TRANSITION,-0.0014076104718455987,0.0018513745584357805,0.0008562771811670613,30,1
2026-06-25 03:59:00+00:00,2026-06-25 08:59:00+00:00,BUY,60883.65,,,61712.35,TRANSITION,0.01361120760663983,0.0015053302487613909,0.01771822155866148,300,2
2026-06-25 08:59:00+00:00,2026-06-25 15:59:00+00:00,SELL,61712.35,,,59557.99,TRANSITION,0.03490970607990136,0.0012906654826789364,0.05829205985511809,420,3
2026-06-25 15:59:00+00:00,2026-06-25 16:59:00+00:00,BUY,59557.99,,,59312.64,TRANSITION,-0.004119514442982353,0.006722187904595178,0.00854646034898092,60,4
2026-06-25 16:59:00+00:00,2026-06-25 17:29:00+00:00,SELL,59312.64,,,59556.01,TRANSITION,-0.004103172612111055,0.004878555397298124,0.0029113524537097034,30,2
2026-06-25 17:29:00+00:00,2026-06-25 18:59:00+00:00,BUY,59556.01,,,59512.71,TRANSITION,-0.0007270466910057089,0.0032240239062355258,0.003984988248876889,90,5
2026-06-25 18:59:00+00:00,2026-06-25 21:29:00+00:00,SELL,59512.71,,,59711.99,TRANSITION,-0.003348528406789051,0.0038519502808727407,0.005778429515308569,150,12
2026-06-25 21:29:00+00:00,2026-06-25 23:59:00+00:00,BUY,59711.99,,,59794.0,TRANSITION,0.0013734260070716456,0.00020062972277420205,0.00940883062178969,150,1
2026-06-25 23:59:00+00:00,2026-06-25 23:59:00+00:00,SELL,59794.0,,,59794.0,SESSION_RESET,0.0,0.0,0.0,0,4
2026-06-26 01:59:00+00:00,2026-06-26 02:59:00+00:00,BUY,59431.5,,,58561.99,TRANSITION,-0.014630456912580064,0.018049855716244807,0.0004122393007075373,60,4
2026-06-26 02:59:00+00:00,2026-06-26 03:29:00+00:00,SELL,58561.99,,,59100.36,TRANSITION,-0.009193164371634274,0.010664596609507308,0.0038419117929564548,30,1
2026-06-26 03:29:00+00:00,2026-06-26 09:29:00+00:00,BUY,59100.36,,,60134.0,TRANSITION,0.01748957197553449,0.001446014880450798,0.028081554833168484,360,3
2026-06-26 09:29:00+00:00,2026-06-26 12:29:00+00:00,SELL,60134.0,,,59726.0,TRANSITION,0.0067848471746432965,-1.662952739221949e-07,0.014870455981641021,180,30
2026-06-26 12:29:00+00:00,2026-06-26 12:59:00+00:00,BUY,59726.0,,,59185.02,TRANSITION,-0.009057696815457308,0.012659478284164326,0.004720054917456443,30,2
2026-06-26 12:59:00+00:00,2026-06-26 13:59:00+00:00,SELL,59185.02,,,60175.43,TRANSITION,-0.016734133062724376,0.01742197603380049,0.011572522912047647,60,2
2026-06-26 13:59:00+00:00,2026-06-26 14:59:00+00:00,BUY,60175.43,,,59590.73,TRANSITION,-0.00971659030936708,0.013052337141587527,0.0019704055292999105,60,3
2026-06-26 14:59:00+00:00,2026-06-26 15:29:00+00:00,SELL,59590.73,,,60185.99,TRANSITION,-0.0099891375722364,0.013177720762944115,0.00011276921762833185,30,6
2026-06-26 15:29:00+00:00,2026-06-26 16:29:00+00:00,BUY,60185.99,,,60042.99,TRANSITION,-0.0023759682278217905,0.003588708933756809,0.006596385637255482,60,2
2026-06-26 16:29:00+00:00,2026-06-26 17:29:00+00:00,SELL,60042.99,,,60178.01,TRANSITION,-0.0022487221239316044,0.005745883074776923,0.0005321187369249448,60,10
2026-06-26 17:29:00+00:00,2026-06-26 17:59:00+00:00,BUY,60178.01,,,60023.97,TRANSITION,-0.0025597390143010856,0.0037556908246052343,0.0006312937234049108,30,3
2026-06-26 17:59:00+00:00,2026-06-26 21:29:00+00:00,SELL,60023.97,,,59874.0,TRANSITION,0.002498501848511539,0.0022329412732946326,0.0077963853440550695,210,2
2026-06-26 21:29:00+00:00,2026-06-26 23:59:00+00:00,BUY,59874.0,,,60097.27,SESSION_RESET,0.0037289975615458597,0.002004208838560978,0.004069212011891629,150,1
2026-06-27 00:59:00+00:00,2026-06-27 01:29:00+00:00,BUY,60059.07,,,59995.99,TRANSITION,-0.001050299313659065,0.00198254818131549,0.0001486869510300491,30,1
2026-06-27 01:29:00+00:00,2026-06-27 02:29:00+00:00,SELL,59995.99,,,60297.23,TRANSITION,-0.005021002236982926,0.006358424954734528,0.0012385827786156654,60,3
2026-06-27 02:29:00+00:00,2026-06-27 04:59:00+00:00,BUY,60297.23,,,60239.99,TRANSITION,-0.000949297339197924,0.00227738488152772,0.003064319870083531,150,10
2026-06-27 04:59:00+00:00,2026-06-27 06:59:00+00:00,SELL,60239.99,,,60370.62,TRANSITION,-0.0021684930558588185,0.0043162357762675935,0.0024345953576684893,120,2
2026-06-27 06:59:00+00:00,2026-06-27 11:29:00+00:00,BUY,60370.62,,,60263.27,TRANSITION,-0.001778182831317714,0.0022116718363999585,0.0033688572355227986,270,2
2026-06-27 11:29:00+00:00,2026-06-27 11:59:00+00:00,SELL,60263.27,,,60363.65,TRANSITION,-0.0016656912245220788,0.0025451655710021157,0.0010674827303595452,30,2
2026-06-27 11:59:00+00:00,2026-06-27 17:29:00+00:00,BUY,60363.65,,,60578.9,TRANSITION,0.003565887748669936,0.0017662947817105596,0.009567347236291986,330,5
2026-06-27 17:29:00+00:00,2026-06-27 18:59:00+00:00,SELL,60578.9,,,60570.86,TRANSITION,0.00013271947823418506,0.0012662824844954122,0.0021897063168859364,90,2
2026-06-27 18:59:00+00:00,2026-06-27 19:29:00+00:00,BUY,60570.86,,,60323.37,TRANSITION,-0.00408595816536199,0.005099151638263029,0.0005704062976818046,30,2
2026-06-27 19:29:00+00:00,2026-06-27 20:59:00+00:00,SELL,60323.37,,,60300.0,TRANSITION,0.0003874120427953978,0.00011521239612437251,0.003936948482818603,90,5
2026-06-27 20:59:00+00:00,2026-06-27 21:59:00+00:00,BUY,60300.0,,,60203.82,TRANSITION,-0.0015950248756218953,0.0026202321724709786,0.0030212271973466052,60,1
2026-06-27 21:59:00+00:00,2026-06-27 22:59:00+00:00,SELL,60203.82,,,60228.95,TRANSITION,-0.00041741537331015506,0.0008760241459760853,0.005791326862647523,60,10
2026-06-27 22:59:00+00:00,2026-06-27 23:29:00+00:00,BUY,60228.95,,,59985.99,TRANSITION,-0.004033940488751658,0.004598287036383618,0.001511731484610024,30,3
2026-06-27 23:29:00+00:00,2026-06-27 23:59:00+00:00,SELL,59985.99,,,60029.0,SESSION_RESET,-0.000717000753009195,0.0018005871037554276,0.00024155640342016465,30,2
2026-06-28 02:29:00+00:00,2026-06-28 03:29:00+00:00,SELL,60111.49,,,60262.57,TRANSITION,-0.0025133298143167264,0.0027197795296707043,0.00015787331174119893,60,3
2026-06-28 03:29:00+00:00,2026-06-28 04:29:00+00:00,BUY,60262.57,,,60199.18,TRANSITION,-0.0010518967246169457,0.0019675563123179064,0.0002062640209337287,60,2
2026-06-28 04:29:00+00:00,2026-06-28 05:59:00+00:00,SELL,60199.18,,,59989.17,TRANSITION,0.0034885857249218684,0.0,0.007403755333544362,90,2
2026-06-28 05:59:00+00:00,2026-06-28 09:59:00+00:00,BUY,59989.17,,,60258.84,TRANSITION,0.00449531140370834,0.003020045118143796,0.009265672453877988,240,5
2026-06-28 09:59:00+00:00,2026-06-28 11:29:00+00:00,SELL,60258.84,,,60312.01,TRANSITION,-0.0008823601649153143,0.0017285430652167135,0.003167004210502501,90,5
2026-06-28 11:29:00+00:00,2026-06-28 13:29:00+00:00,BUY,60312.01,,,60127.99,TRANSITION,-0.003051133596774574,0.0057724821308393045,0.0024043304144563374,120,1
2026-06-28 13:29:00+00:00,2026-06-28 20:29:00+00:00,SELL,60127.99,,,59713.73,TRANSITION,0.006889636590213555,0.00202917143912514,0.01426507022769256,420,1
2026-06-28 20:29:00+00:00,2026-06-28 21:59:00+00:00,BUY,59713.73,,,59445.95,TRANSITION,-0.004484395799760057,0.0063703942125203274,0.0013887928287179563,90,5
2026-06-28 21:59:00+00:00,2026-06-28 23:29:00+00:00,SELL,59445.95,,,59546.54,TRANSITION,-0.0016921253676659854,0.007738962872996444,0.009099862984778561,90,1
2026-06-28 23:29:00+00:00,2026-06-28 23:59:00+00:00,BUY,59546.54,,,59577.01,SESSION_RESET,0.0005117005958700735,0.00027776592896918735,0.0050625947368226456,30,1
2026-06-29 00:59:00+00:00,2026-06-29 01:59:00+00:00,BUY,59667.01,,,59440.95,TRANSITION,-0.0037886932829381756,0.007726380121946818,0.0005026228061368914,60,1
2026-06-29 01:59:00+00:00,2026-06-29 02:29:00+00:00,SELL,59440.95,,,59546.0,TRANSITION,-0.001767300152504341,0.0026084710961046705,0.009100460204623162,30,2
2026-06-29 02:29:00+00:00,2026-06-29 04:59:00+00:00,BUY,59546.0,,,59830.0,TRANSITION,0.0047694219594935005,0.0008324656568031389,0.011537298894971954,150,2
2026-06-29 04:59:00+00:00,2026-06-29 05:59:00+00:00,SELL,59830.0,,,60102.8,TRANSITION,-0.004559585492228028,0.004559585492228028,0.007320407822162848,60,25
2026-06-29 05:59:00+00:00,2026-06-29 06:59:00+00:00,BUY,60102.8,,,60075.49,TRANSITION,-0.00045438814830598486,0.0008673472783298724,0.004050892803662955,60,1
2026-06-29 06:59:00+00:00,2026-06-29 07:29:00+00:00,SELL,60075.49,,,60106.02,TRANSITION,-0.0005081939406569773,0.0018551658921134788,0.002321911981075776,30,2
2026-06-29 07:29:00+00:00,2026-06-29 07:59:00+00:00,BUY,60106.02,,,60026.0,TRANSITION,-0.0013313142344144031,0.0013313142344144031,0.0005320598502446711,30,2
2026-06-29 07:59:00+00:00,2026-06-29 09:59:00+00:00,SELL,60026.0,,,60057.0,TRANSITION,-0.0005164428747542731,0.001299436910672042,0.00467364142205046,120,2
2026-06-29 09:59:00+00:00,2026-06-29 12:59:00+00:00,BUY,60057.0,,,59948.78,TRANSITION,-0.0018019548095975684,0.007691193366302071,0.012048054348369044,180,5
2026-06-29 12:59:00+00:00,2026-06-29 15:29:00+00:00,SELL,59948.78,,,59491.99,TRANSITION,0.007619671326088719,0.0065259042802872915,0.015643020591911944,150,26
2026-06-29 15:29:00+00:00,2026-06-29 18:29:00+00:00,BUY,59491.99,,,60275.42,TRANSITION,0.013168663546134536,-1.680898554920968e-07,0.020033789422744114,180,1
2026-06-29 18:29:00+00:00,2026-06-29 18:59:00+00:00,SELL,60275.42,,,60295.0,TRANSITION,-0.00032484219935757807,0.0010050531377467258,0.0013529561469666348,30,2
2026-06-29 18:59:00+00:00,2026-06-29 20:59:00+00:00,BUY,60295.0,,,60296.0,TRANSITION,1.658512314453935e-05,0.002349282693424023,0.0043535948254415785,120,2
2026-06-29 20:59:00+00:00,2026-06-29 21:29:00+00:00,SELL,60296.0,,,60349.99,TRANSITION,-0.0008954159479898827,0.001973596921852196,0.0005657091681040298,30,3
2026-06-29 21:29:00+00:00,2026-06-29 22:59:00+00:00,BUY,60349.99,,,60352.31,TRANSITION,3.844242559111789e-05,0.0,0.003910522603234897,90,2
2026-06-29 22:59:00+00:00,2026-06-29 23:59:00+00:00,SELL,60352.31,,,60260.21,SESSION_RESET,0.0015260393512692148,0.00044604754979561727,0.0026229319142878813,60,3
2026-06-30 01:29:00+00:00,2026-06-30 03:29:00+00:00,BUY,60038.0,,,59858.0,TRANSITION,-0.0029981012025717046,0.0047136813351544024,0.0001828841733569273,120,5
2026-06-30 03:29:00+00:00,2026-06-30 05:59:00+00:00,SELL,59858.0,,,59652.13,TRANSITION,0.0034393063583815467,1.6706204687823295e-07,0.008319689932841058,150,6
2026-06-30 05:59:00+00:00,2026-06-30 07:29:00+00:00,BUY,59652.13,,,59472.87,TRANSITION,-0.003005089675758347,0.0034890623352426373,0.0010184045397875986,90,1
2026-06-30 07:29:00+00:00,2026-06-30 16:59:00+00:00,SELL,59472.87,,,58497.65,TRANSITION,0.016397728914040993,0.0016678192930658139,0.021385717554912056,570,3
2026-06-30 16:59:00+00:00,2026-06-30 21:29:00+00:00,BUY,58497.65,,,58596.0,TRANSITION,0.0016812641191568986,0.0031955129821454415,0.0064505155335299194,270,2
2026-06-30 21:29:00+00:00,2026-06-30 23:59:00+00:00,SELL,58596.0,,,58624.71,SESSION_RESET,-0.0004899651853368681,0.0035993924499966466,0.0014028261314765016,150,1
2026-07-01 00:59:00+00:00,2026-07-01 03:29:00+00:00,BUY,58576.0,,,58924.0,TRANSITION,0.005940999726850587,0.013244502868068794,0.01016849904397701,150,10
2026-07-01 03:29:00+00:00,2026-07-01 03:59:00+00:00,SELL,58924.0,,,59197.13,TRANSITION,-0.0046352929196931195,0.00668657932251714,0.0012558549996605798,30,14
2026-07-01 03:59:00+00:00,2026-07-01 05:29:00+00:00,BUY,59197.13,,,59174.0,TRANSITION,-0.00039072840186673544,0.0022827120166129234,0.004389908767536579,90,3
2026-07-01 05:29:00+00:00,2026-07-01 07:59:00+00:00,SELL,59174.0,,,58768.65,TRANSITION,0.006850136884442467,0.0005142461216074677,0.010810322100922741,150,2
2026-07-01 07:59:00+00:00,2026-07-01 08:29:00+00:00,BUY,58768.65,,,58620.01,TRANSITION,-0.0025292396541353158,0.0028697273120958447,0.0007714997707110254,30,3
2026-07-01 08:29:00+00:00,2026-07-01 08:59:00+00:00,SELL,58620.01,,,58973.99,TRANSITION,-0.0060385523646276406,0.00620931316797793,0.00204725314785859,30,10
2026-07-01 08:59:00+00:00,2026-07-01 10:29:00+00:00,BUY,58973.99,,,58745.21,TRANSITION,-0.0038793373146364836,0.005235019709536288,0.002000882083779646,90,1
2026-07-01 10:29:00+00:00,2026-07-01 13:29:00+00:00,SELL,58745.21,,,58820.01,TRANSITION,-0.0012732953035660764,0.002703028893760034,0.0071360711792501745,180,2
2026-07-01 13:29:00+00:00,2026-07-01 16:59:00+00:00,BUY,58820.01,,,59920.0,TRANSITION,0.018700948877771323,0.0037063917534186416,0.02918292601446346,210,2
2026-07-01 16:59:00+00:00,2026-07-01 17:29:00+00:00,SELL,59920.0,,,60148.29,TRANSITION,-0.0038099132176235124,0.004768024032042675,0.0022137850467289963,30,2
2026-07-01 17:29:00+00:00,2026-07-01 19:59:00+00:00,BUY,60148.29,,,60028.67,TRANSITION,-0.0019887514674149943,0.0024654067472242498,0.0034022579860541243,150,2
2026-07-01 19:59:00+00:00,2026-07-01 20:59:00+00:00,SELL,60028.67,,,60126.0,TRANSITION,-0.001621391911564953,0.0028208187854237275,0.002543284733778014,60,3
2026-07-01 20:59:00+00:00,2026-07-01 23:29:00+00:00,BUY,60126.0,,,60208.14,TRANSITION,0.00136613112463825,1.8461231414040218e-05,0.020091141935269268,150,12
2026-07-01 23:29:00+00:00,2026-07-01 23:59:00+00:00,SELL,60208.14,,,60024.0,SESSION_RESET,0.003058390443551311,0.000902867951077721,0.0037084686555671517,30,10
2026-07-02 01:29:00+00:00,2026-07-02 04:59:00+00:00,BUY,60018.0,,,60787.98,TRANSITION,0.012829151254623666,3.865507014561813e-05,0.018390816088506762,210,2
2026-07-02 04:59:00+00:00,2026-07-02 08:29:00+00:00,SELL,60787.98,,,60362.33,TRANSITION,0.00700220668625609,0.001475785179899038,0.011251895522766231,210,2
2026-07-02 08:29:00+00:00,2026-07-02 16:29:00+00:00,BUY,60362.33,,,61191.99,TRANSITION,0.01374466492595624,0.0004974957063453124,0.03044398716881867,480,30
2026-07-02 16:29:00+00:00,2026-07-02 16:59:00+00:00,SELL,61191.99,,,61682.34,TRANSITION,-0.00801330370200411,0.009774808761734982,-1.6342008164855022e-07,30,3
2026-07-02 16:59:00+00:00,2026-07-02 17:59:00+00:00,BUY,61682.34,,,61667.39,TRANSITION,-0.00024237083093794903,0.0010156877965394014,0.004540845888790921,60,2
2026-07-02 17:59:00+00:00,2026-07-02 18:29:00+00:00,SELL,61667.39,,,61868.16,TRANSITION,-0.0032556915413479324,0.0037767124569403937,4.8648078019841604e-05,30,2
2026-07-02 18:29:00+00:00,2026-07-02 19:59:00+00:00,BUY,61868.16,,,61479.6,TRANSITION,-0.006280451851162293,0.007179137055312514,6.206746733693886e-05,90,1
2026-07-02 19:59:00+00:00,2026-07-02 20:59:00+00:00,SELL,61479.6,,,61584.78,TRANSITION,-0.0017108113910955878,0.0018933109519255404,0.002238140781657632,60,2
2026-07-02 20:59:00+00:00,2026-07-02 22:29:00+00:00,BUY,61584.78,,,61522.35,TRANSITION,-0.001013724494915794,0.0011168343866779882,0.0011147234755080955,90,3
2026-07-02 22:29:00+00:00,2026-07-02 23:29:00+00:00,SELL,61522.35,,,61510.61,TRANSITION,0.00019082496035990112,0.0005302138166049025,0.0028010958619103746,60,2
2026-07-02 23:29:00+00:00,2026-07-02 23:59:00+00:00,BUY,61510.61,,,61560.0,SESSION_RESET,0.000802950905542953,0.0010100696448953664,0.0015507893678830273,30,5
