entry_time,exit_time,direction,entry_price,sl_price,tp_price,exit_price,exit_reason,pnl_pct,mae_pct,mfe_pct,duration_minutes,smallest_tf
2026-05-02 00:29:00+00:00,2026-05-02 02:14:00+00:00,BUY,78280.85,,,78293.36,TRANSITION,0.00015980919982338924,0.0003827245105285188,0.002049798897175897,105,1
2026-05-02 02:14:00+00:00,2026-05-02 02:44:00+00:00,SELL,78293.36,,,78359.95,TRANSITION,-0.0008505191244825424,0.0012981943807239774,0.000413955921677183,30,5
2026-05-02 02:44:00+00:00,2026-05-02 03:14:00+00:00,BUY,78359.95,,,78277.31,TRANSITION,-0.0010546203768634285,0.0014031402521313132,0.00196209926116594,30,11
2026-05-02 03:14:00+00:00,2026-05-02 03:29:00+00:00,SELL,78277.31,,,78382.22,TRANSITION,-0.0013402351204966484,0.001711862607440138,0.0005117702690600593,15,5
2026-05-02 03:29:00+00:00,2026-05-02 04:14:00+00:00,BUY,78382.22,,,78292.12,TRANSITION,-0.0011494953830091291,0.0015287905854159496,0.0016917101863152871,45,5
2026-05-02 04:14:00+00:00,2026-05-02 06:44:00+00:00,SELL,78292.12,,,78229.81,TRANSITION,0.0007958655353820751,0.00015672075299537266,0.0032202474527448658,150,3
2026-05-02 06:44:00+00:00,2026-05-02 07:44:00+00:00,BUY,78229.81,,,78227.11,TRANSITION,-3.4513697527797776e-05,0.00015045415551954012,0.0017052323148938843,60,1
2026-05-02 07:44:00+00:00,2026-05-02 08:14:00+00:00,SELL,78227.11,,,78262.66,TRANSITION,-0.0004544460353962061,0.0004972700640480541,0.0007901352868589632,30,3
2026-05-02 08:14:00+00:00,2026-05-02 09:29:00+00:00,BUY,78262.66,,,78308.63,TRANSITION,0.0005873810064723223,0.00031815938788700424,0.0011991670101679558,75,3
2026-05-02 09:29:00+00:00,2026-05-02 12:29:00+00:00,SELL,78308.63,,,78242.85,TRANSITION,0.000840009587704431,0.0010901735862317518,0.0027353307036531173,180,2
2026-05-02 12:29:00+00:00,2026-05-02 14:14:00+00:00,BUY,78242.85,,,78309.84,TRANSITION,0.0008561804688861753,0.0007396202975736427,0.0023133104175014074,105,3
2026-05-02 14:14:00+00:00,2026-05-02 14:29:00+00:00,SELL,78309.84,,,78420.43,TRANSITION,-0.0014122107770874837,0.0022293494661718345,0.0,15,3
2026-05-02 14:29:00+00:00,2026-05-02 15:29:00+00:00,BUY,78420.43,,,78374.95,TRANSITION,-0.0005799509133014946,0.0006945894073774731,0.0007596234807690673,60,5
2026-05-02 15:29:00+00:00,2026-05-02 15:44:00+00:00,SELL,78374.95,,,78443.41,TRANSITION,-0.0008734933802191441,0.0008810212957074029,1.275917878705034e-07,15,1
2026-05-02 15:44:00+00:00,2026-05-02 16:44:00+00:00,BUY,78443.41,,,78430.08,TRANSITION,-0.00016993141935060888,0.00033068424740844804,0.0019530002584028038,60,1
2026-05-02 16:44:00+00:00,2026-05-02 18:29:00+00:00,SELL,78430.08,,,78391.92,TRANSITION,0.00048654801831138627,0.0008914946918324991,0.001524160118158851,105,1
2026-05-02 18:29:00+00:00,2026-05-02 20:14:00+00:00,BUY,78391.92,,,78434.14,TRANSITION,0.0005385759144565048,1.2756416726062215e-07,0.0016552726352409121,105,2
2026-05-02 20:14:00+00:00,2026-05-02 20:59:00+00:00,SELL,78434.14,,,78451.38,TRANSITION,-0.00021980224427787745,0.0005783195939931334,0.0002016978830900987,45,3
2026-05-02 20:59:00+00:00,2026-05-02 23:44:00+00:00,BUY,78451.38,,,78689.21,TRANSITION,0.0030315591644149756,0.00015130390313095697,0.009535842454269016,165,420
2026-05-02 23:44:00+00:00,2026-05-02 23:59:00+00:00,SELL,78689.21,,,78686.85,SESSION_RESET,2.9991405429036356e-05,0.0002240459651328321,0.0007283082394652611,15,1
2026-05-03 00:29:00+00:00,2026-05-03 01:14:00+00:00,BUY,78629.5,,,78361.03,TRANSITION,-0.003414367381199183,0.004729649813365206,0.0006040989704881756,45,1
2026-05-03 01:14:00+00:00,2026-05-03 02:59:00+00:00,SELL,78361.03,,,78171.85,TRANSITION,0.0024142102266903973,0.00042202099691654113,0.0032194574267336564,105,15
2026-05-03 02:59:00+00:00,2026-05-03 03:29:00+00:00,BUY,78171.85,,,78109.94,TRANSITION,-0.0007919730695896731,0.0007919730695896731,0.00022386575218572924,30,9
2026-05-03 03:29:00+00:00,2026-05-03 03:59:00+00:00,SELL,78109.94,,,78203.08,TRANSITION,-0.0011924218607772508,0.0013781856700951784,0.0,30,2
2026-05-03 03:59:00+00:00,2026-05-03 04:59:00+00:00,BUY,78203.08,,,78163.19,TRANSITION,-0.0005100822115957507,0.001062362249671007,0.0004267095362483849,60,1
2026-05-03 04:59:00+00:00,2026-05-03 05:14:00+00:00,SELL,78163.19,,,78239.87,TRANSITION,-0.00098102444385897,0.0012404816128921024,2.558749202031613e-07,15,12
2026-05-03 05:14:00+00:00,2026-05-03 05:44:00+00:00,BUY,78239.87,,,78206.26,TRANSITION,-0.00042957637838611675,0.00042957637838611675,0.00026687160906587213,30,9
2026-05-03 05:44:00+00:00,2026-05-03 05:59:00+00:00,SELL,78206.26,,,78249.42,TRANSITION,-0.0005518739804205379,0.0006209221614741867,0.0,15,3
2026-05-03 05:59:00+00:00,2026-05-03 06:14:00+00:00,BUY,78249.42,,,78151.37,TRANSITION,-0.0012530444315114785,0.0013357287504495762,0.0,15,2
2026-05-03 06:14:00+00:00,2026-05-03 06:59:00+00:00,SELL,78151.37,,,78288.3,TRANSITION,-0.0017521125989219072,0.002378589140535853,0.000861021374289326,45,1
2026-05-03 06:59:00+00:00,2026-05-03 07:59:00+00:00,BUY,78288.3,,,78363.25,TRANSITION,0.0009573588901534084,1.2773300747765919e-07,0.002495519764766834,60,6
2026-05-03 07:59:00+00:00,2026-05-03 08:14:00+00:00,SELL,78363.25,,,78450.55,TRANSITION,-0.0011140426156393834,0.0018206238255814844,1.27610837921619e-07,15,3
2026-05-03 08:14:00+00:00,2026-05-03 08:59:00+00:00,BUY,78450.55,,,78387.86,TRANSITION,-0.0007991021095454694,0.0007991021095454694,0.0003978302255368745,45,11
2026-05-03 08:59:00+00:00,2026-05-03 09:29:00+00:00,SELL,78387.86,,,78500.01,TRANSITION,-0.001430706234358154,0.0017640486677401174,0.00042519339091540127,30,2
2026-05-03 09:29:00+00:00,2026-05-03 10:29:00+00:00,BUY,78500.01,,,78430.59,TRANSITION,-0.0008843310975374176,0.0009070062538845166,0.001333248237802817,60,5
2026-05-03 10:29:00+00:00,2026-05-03 11:14:00+00:00,SELL,78430.59,,,78526.2,TRANSITION,-0.0012190396629682446,0.0015820357847620649,0.0006450289357761623,45,2
2026-05-03 11:14:00+00:00,2026-05-03 13:29:00+00:00,BUY,78526.2,,,78643.99,TRANSITION,0.0015000089142223633,0.00031836508069918066,0.0044898390600844945,135,1
2026-05-03 13:29:00+00:00,2026-05-03 14:14:00+00:00,SELL,78643.99,,,78730.0,TRANSITION,-0.001093662719808529,0.0018050966132312442,0.000724785199733635,45,3
2026-05-03 14:14:00+00:00,2026-05-03 15:44:00+00:00,BUY,78730.0,,,78701.77,TRANSITION,-0.00035856725517586596,0.0015407087514289714,0.0010820525847834667,90,15
2026-05-03 15:44:00+00:00,2026-05-03 16:29:00+00:00,SELL,78701.77,,,78662.04,TRANSITION,0.0005048171089419015,1.2706194530010329e-07,0.0012931094179966227,45,3
2026-05-03 16:29:00+00:00,2026-05-03 16:59:00+00:00,BUY,78662.04,,,78654.0,TRANSITION,-0.00010220940112910367,0.00021039372993617202,0.001557549232132857,30,5
2026-05-03 16:59:00+00:00,2026-05-03 17:14:00+00:00,SELL,78654.0,,,78689.6,TRANSITION,-0.00045261525160838383,0.0008206829913291493,0.0012122714674397464,15,1
2026-05-03 17:14:00+00:00,2026-05-03 17:59:00+00:00,BUY,78689.6,,,78725.76,TRANSITION,0.0004595270531301333,0.0,0.0016931081108557664,45,5
2026-05-03 17:59:00+00:00,2026-05-03 18:29:00+00:00,SELL,78725.76,,,78736.97,TRANSITION,-0.00014239303628197942,0.0003742104236276208,0.00119592367225155,30,1
2026-05-03 18:29:00+00:00,2026-05-03 19:29:00+00:00,BUY,78736.97,,,78681.7,TRANSITION,-0.0007019574159382063,0.0007658410020096393,0.0003542173390720956,60,3
2026-05-03 19:29:00+00:00,2026-05-03 19:44:00+00:00,SELL,78681.7,,,78801.22,TRANSITION,-0.00151903174435738,0.0021811933397474876,2.2876984101803983e-05,15,1
2026-05-03 19:44:00+00:00,2026-05-03 20:14:00+00:00,BUY,78801.22,,,78732.57,TRANSITION,-0.0008711794055979613,0.0008779051897928429,0.0001748703890624896,30,3
2026-05-03 20:14:00+00:00,2026-05-03 20:29:00+00:00,SELL,78732.57,,,78921.69,TRANSITION,-0.002402055464466552,0.0033839870843793488,1.2701223914465416e-07,15,1
2026-05-03 20:29:00+00:00,2026-05-03 21:44:00+00:00,BUY,78921.69,,,78700.0,TRANSITION,-0.002808986984439922,0.003293644624183825,0.00438802058090745,75,2
2026-05-03 21:44:00+00:00,2026-05-03 21:59:00+00:00,SELL,78700.0,,,78831.59,TRANSITION,-0.0016720457433290535,0.001846632782719209,0.0006353240152477764,15,1
2026-05-03 21:59:00+00:00,2026-05-03 23:14:00+00:00,BUY,78831.59,,,79075.0,TRANSITION,0.0030877215593393906,-1.2685269965141164e-07,0.007806641981977067,75,2
2026-05-03 23:14:00+00:00,2026-05-03 23:59:00+00:00,SELL,79075.0,,,78568.57,SESSION_RESET,0.00640442617767933,7.170407840655396e-05,0.007468605754031006,45,3
2026-05-04 00:44:00+00:00,2026-05-04 03:29:00+00:00,BUY,78397.89,,,80118.6,TRANSITION,0.021948422336366534,0.0,0.026277620481877772,165,1
2026-05-04 03:29:00+00:00,2026-05-04 03:59:00+00:00,SELL,80118.6,,,80316.31,TRANSITION,-0.0024677166101253873,0.002558457087367926,0.002392702818072353,30,5
2026-05-04 03:59:00+00:00,2026-05-04 05:14:00+00:00,BUY,80316.31,,,80145.09,TRANSITION,-0.002131821046061518,0.002471104561452103,0.003974286169272432,75,2
2026-05-04 05:14:00+00:00,2026-05-04 05:44:00+00:00,SELL,80145.09,,,80079.99,TRANSITION,0.000812276834426055,9.071048519633673e-05,0.0023562266883722575,30,3
2026-05-04 05:44:00+00:00,2026-05-04 06:14:00+00:00,BUY,80079.99,,,79918.0,TRANSITION,-0.0020228524004561594,0.00202772253093444,1.2487514040350542e-07,30,1
2026-05-04 06:14:00+00:00,2026-05-04 07:14:00+00:00,SELL,79918.0,,,79897.06,TRANSITION,0.00026201856903328825,0.0007969418654120764,0.005230361120148152,60,3
2026-05-04 07:14:00+00:00,2026-05-04 07:29:00+00:00,BUY,79897.06,,,79855.44,TRANSITION,-0.0005209202941884888,0.0009727516882348507,0.00032466776624824904,15,1
2026-05-04 07:29:00+00:00,2026-05-04 07:44:00+00:00,SELL,79855.44,,,79856.96,TRANSITION,-1.9034395152090757e-05,0.00023054158865073554,0.0021429973962951636,15,75
2026-05-04 07:44:00+00:00,2026-05-04 07:59:00+00:00,BUY,79856.96,,,79696.75,TRANSITION,-0.002006212107247839,0.0023161412605739863,0.0006338833834896212,15,1
2026-05-04 07:59:00+00:00,2026-05-04 08:14:00+00:00,SELL,79696.75,,,79796.36,TRANSITION,-0.001249862761028531,0.0012499882366595293,0.001184866384137283,15,2
2026-05-04 08:14:00+00:00,2026-05-04 08:44:00+00:00,BUY,79796.36,,,79716.88,TRANSITION,-0.0009960354081313474,0.0020497175560388677,4.561611582281971e-05,30,1
2026-05-04 08:44:00+00:00,2026-05-04 09:44:00+00:00,SELL,79716.88,,,79857.55,TRANSITION,-0.0017646199901451016,0.002144464259012609,0.0012006240083656861,60,1
2026-05-04 09:44:00+00:00,2026-05-04 10:14:00+00:00,BUY,79857.55,,,78754.85,TRANSITION,-0.0138083374709091,0.01574215587630731,0.0009072404550352107,30,3
2026-05-04 10:14:00+00:00,2026-05-04 12:29:00+00:00,SELL,78754.85,,,78960.0,TRANSITION,-0.0026049189351512216,0.004697869401059057,0.007019885124535261,135,15
2026-05-04 12:29:00+00:00,2026-05-04 12:59:00+00:00,BUY,78960.0,,,78857.18,TRANSITION,-0.0013021783181358534,0.001385131712259313,0.0006528622087133094,30,15
2026-05-04 12:59:00+00:00,2026-05-04 14:14:00+00:00,SELL,78857.18,,,78957.72,TRANSITION,-0.0012749631675899157,0.0033941107201653515,0.004529454388300381,75,1
2026-05-04 14:14:00+00:00,2026-05-04 16:59:00+00:00,BUY,78957.72,,,80025.03,TRANSITION,0.013517487587027558,0.00013564221459290367,0.020105063824031356,165,3
2026-05-04 16:59:00+00:00,2026-05-04 17:14:00+00:00,SELL,80025.03,,,80384.58,TRANSITION,-0.004492969262242113,0.005481035121136416,4.411119870868947e-05,15,3
2026-05-04 17:14:00+00:00,2026-05-04 18:44:00+00:00,BUY,80384.58,,,80179.0,TRANSITION,-0.0025574556712245275,0.0028684605928152107,0.004881657651256043,90,5
2026-05-04 18:44:00+00:00,2026-05-04 19:44:00+00:00,SELL,80179.0,,,79998.06,TRANSITION,0.002256700632335179,-1.247209368383406e-07,0.0034797141396126167,60,3
2026-05-04 19:44:00+00:00,2026-05-04 20:44:00+00:00,BUY,79998.06,,,79917.14,TRANSITION,-0.0010115245294698178,0.001213279422025955,0.0019507973068346616,60,3
2026-05-04 20:44:00+00:00,2026-05-04 21:14:00+00:00,SELL,79917.14,,,80115.99,TRANSITION,-0.0024882021553825104,0.00292327778496572,3.966608414663305e-05,30,15
2026-05-04 21:14:00+00:00,2026-05-04 22:44:00+00:00,BUY,80115.99,,,80116.88,TRANSITION,1.1108893493039502e-05,0.0005278596694618409,0.003509911067690695,90,5
2026-05-04 22:44:00+00:00,2026-05-04 23:29:00+00:00,SELL,80116.88,,,79975.83,TRANSITION,0.0017605528323120284,0.0010374842355318297,0.0029273481443610736,45,3
2026-05-04 23:29:00+00:00,2026-05-04 23:44:00+00:00,BUY,79975.83,,,79772.8,TRANSITION,-0.0025386419872103715,0.0028873723473704276,0.0,15,1
2026-05-04 23:44:00+00:00,2026-05-04 23:59:00+00:00,SELL,79772.8,,,79861.01,SESSION_RESET,-0.0011057653736610956,0.001243531629828677,0.0001509286373301194,15,3
2026-05-05 04:14:00+00:00,2026-05-05 04:59:00+00:00,SELL,80808.24,,,80902.44,TRANSITION,-0.001165722703526238,0.0017725915079946138,0.0010300929707169125,45,5
2026-05-05 04:59:00+00:00,2026-05-05 06:29:00+00:00,BUY,80902.44,,,80824.93,TRANSITION,-0.00095806751934811,0.0011426107791063203,0.0052047873957819036,90,12
2026-05-05 06:29:00+00:00,2026-05-05 06:59:00+00:00,SELL,80824.93,,,80976.0,TRANSITION,-0.0018691015259772819,0.0018691015259772819,0.00030844443663598616,30,10
2026-05-05 06:59:00+00:00,2026-05-05 07:59:00+00:00,BUY,80976.0,,,80855.59,TRANSITION,-0.001486983797668488,0.001852400711321873,0.001983180201541154,60,1
2026-05-05 07:59:00+00:00,2026-05-05 10:29:00+00:00,SELL,80855.59,,,80732.38,TRANSITION,0.0015238278516054593,0.0004935960519242206,0.004054512495672863,150,6
2026-05-05 10:29:00+00:00,2026-05-05 14:14:00+00:00,BUY,80732.38,,,81104.08,TRANSITION,0.004604100609941105,0.00029182838410062565,0.012138128468403907,225,10
2026-05-05 14:14:00+00:00,2026-05-05 14:29:00+00:00,SELL,81104.08,,,81409.03,TRANSITION,-0.0037599834681559434,0.0043391158619886724,0.00202468235876674,15,1
2026-05-05 14:29:00+00:00,2026-05-05 15:59:00+00:00,BUY,81409.03,,,81525.19,TRANSITION,0.0014268687392541527,0.003454530781167592,0.003441510112575942,90,2
2026-05-05 15:59:00+00:00,2026-05-05 16:59:00+00:00,SELL,81525.19,,,81285.75,TRANSITION,0.0029370063412302665,0.001105670529562696,0.005828259952537476,60,5
2026-05-05 16:59:00+00:00,2026-05-05 17:59:00+00:00,BUY,81285.75,,,81270.6,TRANSITION,-0.00018637953146762108,0.0012392085943722722,0.0021222662028706723,60,2
2026-05-05 17:59:00+00:00,2026-05-05 18:14:00+00:00,SELL,81270.6,,,81562.07,TRANSITION,-0.003586413783090086,0.0040408216501415534,-1.2304572618833022e-07,15,5
2026-05-05 18:14:00+00:00,2026-05-05 20:29:00+00:00,BUY,81562.07,,,81554.07,TRANSITION,-9.80848082938552e-05,0.0018941402541647757,0.0025493467735675786,135,3
2026-05-05 20:29:00+00:00,2026-05-05 20:44:00+00:00,SELL,81554.07,,,81658.01,TRANSITION,-0.0012744918800494907,0.002258011157505618,0.00011109194182475777,15,1
2026-05-05 20:44:00+00:00,2026-05-05 21:14:00+00:00,BUY,81658.01,,,81591.7,TRANSITION,-0.0008120452604710508,0.0010837883509529562,0.0016344997875897438,30,1
2026-05-05 21:14:00+00:00,2026-05-05 22:29:00+00:00,SELL,81591.7,,,81438.84,TRANSITION,0.0018734748755081779,0.0007346335472848627,0.003510528644457623,75,1
2026-05-05 22:29:00+00:00,2026-05-05 22:44:00+00:00,BUY,81438.84,,,81021.72,TRANSITION,-0.0051218804197112255,0.007626827690571174,0.0,15,5
2026-05-05 22:44:00+00:00,2026-05-05 23:14:00+00:00,SELL,81021.72,,,81213.22,TRANSITION,-0.0023635637456227787,0.004141605485541379,0.0004340811328122663,30,1
2026-05-05 23:14:00+00:00,2026-05-05 23:29:00+00:00,BUY,81213.22,,,80883.57,TRANSITION,-0.004059068215741158,0.004118787557001188,1.2313266232715942e-07,15,3
2026-05-05 23:29:00+00:00,2026-05-05 23:59:00+00:00,SELL,80883.57,,,80905.52,SESSION_RESET,-0.00027137773468699624,0.0011781131817004812,0.0011568480471374715,30,1
2026-05-06 00:44:00+00:00,2026-05-06 00:59:00+00:00,SELL,80906.31,,,81030.01,TRANSITION,-0.0015289289549850573,0.0020232043705862043,0.0021650968879930164,15,3
2026-05-06 00:59:00+00:00,2026-05-06 02:29:00+00:00,BUY,81030.01,,,81144.57,TRANSITION,0.0014137971845247486,0.00041972103915567535,0.00622263282455477,90,6
2026-05-06 02:29:00+00:00,2026-05-06 02:59:00+00:00,SELL,81144.57,,,81363.54,TRANSITION,-0.0026985169802487903,0.0030969416684318908,0.00120229856415546,30,2
2026-05-06 02:59:00+00:00,2026-05-06 04:29:00+00:00,BUY,81363.54,,,81431.84,TRANSITION,0.0008394423349820192,6.600007816763311e-05,0.004883022543021149,90,3
2026-05-06 04:29:00+00:00,2026-05-06 05:59:00+00:00,SELL,81431.84,,,81333.0,TRANSITION,0.0012137758400153614,0.0007872841876101607,0.004566272848556492,90,1
2026-05-06 05:59:00+00:00,2026-05-06 07:14:00+00:00,BUY,81333.0,,,81458.34,TRANSITION,0.0015410718896388491,0.0014958258025648075,0.003418046795273751,75,1
2026-05-06 07:14:00+00:00,2026-05-06 07:29:00+00:00,SELL,81458.34,,,81553.78,TRANSITION,-0.001171641847845197,0.001691785027782271,6.0030685624079964e-05,15,1
2026-05-06 07:29:00+00:00,2026-05-06 07:44:00+00:00,BUY,81553.78,,,81412.5,TRANSITION,-0.0017323537915716334,0.0018856268832664635,0.0,15,2
2026-05-06 07:44:00+00:00,2026-05-06 08:14:00+00:00,SELL,81412.5,,,81547.5,TRANSITION,-0.0016582220175034546,0.0025600491325042008,0.0012859204667588187,30,3
2026-05-06 08:14:00+00:00,2026-05-06 12:14:00+00:00,BUY,81547.5,,,82200.47,TRANSITION,0.008007235047058477,0.0005824826021643828,0.0159722860909286,240,11
2026-05-06 12:14:00+00:00,2026-05-06 12:29:00+00:00,SELL,82200.47,,,82388.49,TRANSITION,-0.0022873348534382357,0.003494262259084357,0.0001978090879528397,15,3
2026-05-06 12:29:00+00:00,2026-05-06 12:59:00+00:00,BUY,82388.49,,,82220.47,TRANSITION,-0.0020393625371699867,0.0027173698656208487,0.0005135426077113158,30,2
2026-05-06 12:59:00+00:00,2026-05-06 14:44:00+00:00,SELL,82220.47,,,81879.96,TRANSITION,0.004141426094985771,0.0,0.013189781084929351,105,2
2026-05-06 14:44:00+00:00,2026-05-06 14:59:00+00:00,BUY,81879.96,,,81526.73,TRANSITION,-0.004313998199315321,0.0047186149089472025,0.0012305819397077716,15,1
2026-05-06 14:59:00+00:00,2026-05-06 17:44:00+00:00,SELL,81526.73,,,81544.02,TRANSITION,-0.00021207768298824386,0.004670615392031532,0.0025813619655786157,165,2
2026-05-06 17:44:00+00:00,2026-05-06 17:59:00+00:00,BUY,81544.02,,,81452.63,TRANSITION,-0.0011207443537858376,0.0018397425096285916,7.333462343401668e-05,15,1
2026-05-06 17:59:00+00:00,2026-05-06 18:14:00+00:00,SELL,81452.63,,,81480.01,TRANSITION,-0.00033614629754729963,0.0005662186721287617,0.0022291484019608325,15,1
2026-05-06 18:14:00+00:00,2026-05-06 18:59:00+00:00,BUY,81480.01,,,81353.14,TRANSITION,-0.0015570690283419866,0.002286695841102529,0.0009715266357969703,45,1
2026-05-06 18:59:00+00:00,2026-05-06 19:44:00+00:00,SELL,81353.14,,,81437.49,TRANSITION,-0.001036837668466218,0.0015594972732459417,0.0018824104392282759,45,1
2026-05-06 19:44:00+00:00,2026-05-06 20:44:00+00:00,BUY,81437.49,,,81367.67,TRANSITION,-0.0008573446946855433,0.001659432283583389,0.0032234539645069455,60,15
2026-05-06 20:44:00+00:00,2026-05-06 20:59:00+00:00,SELL,81367.67,,,81427.52,TRANSITION,-0.0007355501269731065,0.0007702076266900386,0.0006595985850399582,15,15
2026-05-06 20:59:00+00:00,2026-05-06 22:14:00+00:00,BUY,81427.52,,,81381.72,TRANSITION,-0.0005624634030362574,0.001631880720424798,0.002348714537787716,75,2
2026-05-06 22:14:00+00:00,2026-05-06 23:29:00+00:00,SELL,81381.72,,,81386.21,TRANSITION,-5.5172095158534847e-05,0.0002072947094260891,0.00469048823249252,75,15
2026-05-06 23:29:00+00:00,2026-05-06 23:59:00+00:00,BUY,81386.21,,,81447.01,SESSION_RESET,0.0007470553058065777,0.0007824421360818689,0.0007506185630218743,30,5
2026-05-07 01:14:00+00:00,2026-05-07 01:59:00+00:00,BUY,81151.53,,,81167.8,TRANSITION,0.00020048913433923026,0.0021629906423205926,0.0016406345019003266,45,5
2026-05-07 01:59:00+00:00,2026-05-07 02:59:00+00:00,SELL,81167.8,,,81113.34,TRANSITION,0.0006709557238215943,0.00015942282530760139,0.0035021276910303014,60,2
2026-05-07 02:59:00+00:00,2026-05-07 03:29:00+00:00,BUY,81113.34,,,80971.54,TRANSITION,-0.001748171139297222,0.003047710771125833,1.2328428356313802e-07,30,1
2026-05-07 03:29:00+00:00,2026-05-07 04:59:00+00:00,SELL,80971.54,,,80979.19,TRANSITION,-9.447763992149256e-05,0.0005173422661838891,0.0030436620076633976,90,1
2026-05-07 04:59:00+00:00,2026-05-07 06:14:00+00:00,BUY,80979.19,,,80899.21,TRANSITION,-0.0009876611509697234,0.0012939126706503095,0.0023843162669323036,75,2
2026-05-07 06:14:00+00:00,2026-05-07 06:29:00+00:00,SELL,80899.21,,,81030.12,TRANSITION,-0.001618186382784071,0.001618309993385575,1.2361060150418312e-07,15,3
2026-05-07 06:29:00+00:00,2026-05-07 08:44:00+00:00,BUY,81030.12,,,81256.53,TRANSITION,0.002794146176755057,0.0,0.008369727207611338,135,2
2026-05-07 08:44:00+00:00,2026-05-07 11:14:00+00:00,SELL,81256.53,,,80948.96,TRANSITION,0.0037851727116576654,0.000697790072994713,0.008419384878975323,150,3
2026-05-07 11:14:00+00:00,2026-05-07 11:59:00+00:00,BUY,80948.96,,,80866.65,TRANSITION,-0.001016813557580137,0.002006943634606379,0.0006426271566674793,45,15
2026-05-07 11:59:00+00:00,2026-05-07 12:14:00+00:00,SELL,80866.65,,,81079.99,TRANSITION,-0.0026381703706040882,0.002829720286422175,0.00024460021529269284,15,12
2026-05-07 12:14:00+00:00,2026-05-07 13:14:00+00:00,BUY,81079.99,,,80931.72,TRANSITION,-0.0018286879413774478,0.002207573039907938,0.0012334732651051727,60,3
2026-05-07 13:14:00+00:00,2026-05-07 17:59:00+00:00,SELL,80931.72,,,80094.52,TRANSITION,0.010344522518488388,0.002554746148975887,0.01769046796484742,285,3
2026-05-07 17:59:00+00:00,2026-05-07 18:44:00+00:00,BUY,80094.52,,,80125.99,TRANSITION,0.0003929107759182671,0.00020338470097589883,0.0019294703308040749,45,2
2026-05-07 18:44:00+00:00,2026-05-07 20:29:00+00:00,SELL,80125.99,,,80178.25,TRANSITION,-0.0006522228305696411,0.003060679811881147,0.0023923573362401177,105,3
2026-05-07 20:29:00+00:00,2026-05-07 20:44:00+00:00,BUY,80178.25,,,79970.0,TRANSITION,-0.0025973378066994476,0.0033829623370428418,1.2472210349766066e-07,15,1
2026-05-07 20:44:00+00:00,2026-05-07 21:29:00+00:00,SELL,79970.0,,,79919.7,TRANSITION,0.0006289858697011743,0.0005985994748029929,0.0038764536701262975,45,15
2026-05-07 21:29:00+00:00,2026-05-07 21:44:00+00:00,BUY,79919.7,,,79776.69,TRANSITION,-0.0017894211314606382,0.0017894211314606382,0.00019044115530965662,15,3
2026-05-07 21:44:00+00:00,2026-05-07 23:44:00+00:00,SELL,79776.69,,,80011.99,TRANSITION,-0.002949483113425775,0.00302118325540962,0.002428528934955878,120,1
2026-05-07 23:44:00+00:00,2026-05-07 23:59:00+00:00,BUY,80011.99,,,80006.0,SESSION_RESET,-7.486377979106929e-05,7.498876105943621e-05,0.0007003950282950542,15,3
2026-05-08 00:44:00+00:00,2026-05-08 03:44:00+00:00,SELL,79935.0,,,79646.13,TRANSITION,0.0036138112216175062,0.0,0.009426659160568012,180,9
2026-05-08 03:44:00+00:00,2026-05-08 03:59:00+00:00,BUY,79646.13,,,79578.85,TRANSITION,-0.0008447365866991759,0.0010394729787876467,0.0002577651921066201,15,1
2026-05-08 03:59:00+00:00,2026-05-08 04:14:00+00:00,SELL,79578.85,,,79723.66,TRANSITION,-0.0018197046074427774,0.0018650684195612055,4.398153529486792e-05,15,5
2026-05-08 04:14:00+00:00,2026-05-08 04:44:00+00:00,BUY,79723.66,,,79567.34,TRANSITION,-0.001960773000135806,0.0021624697109993286,0.00030530459840901066,30,1
2026-05-08 04:44:00+00:00,2026-05-08 04:59:00+00:00,SELL,79567.34,,,79655.23,TRANSITION,-0.0011045989472564927,0.0013516852517628831,1.256797072110405e-07,15,5
2026-05-08 04:59:00+00:00,2026-05-08 05:59:00+00:00,BUY,79655.23,,,79600.01,TRANSITION,-0.0006932375940663428,0.000693363135101059,0.0015531936823231967,60,10
2026-05-08 05:59:00+00:00,2026-05-08 06:14:00+00:00,SELL,79600.01,,,79603.77,TRANSITION,-4.723617497044678e-05,0.0002871858935696187,0.0018829143363171701,15,1
2026-05-08 06:14:00+00:00,2026-05-08 06:29:00+00:00,BUY,79603.77,,,79546.8,TRANSITION,-0.0007156696221799692,0.000771320252797182,0.0006310002654396384,15,3
2026-05-08 06:29:00+00:00,2026-05-08 07:44:00+00:00,SELL,79546.8,,,79580.84,TRANSITION,-0.00042792419053932525,0.0006562174719787231,0.0037489880171169823,75,2
2026-05-08 07:44:00+00:00,2026-05-08 09:44:00+00:00,BUY,79580.84,,,79863.71,TRANSITION,0.0035544987964440927,0.00022681338875039407,0.0060357493085019176,120,5
2026-05-08 09:44:00+00:00,2026-05-08 09:59:00+00:00,SELL,79863.71,,,79872.72,TRANSITION,-0.00011281719819921664,0.00037927113578862783,0.0008618432577199549,15,1
2026-05-08 09:59:00+00:00,2026-05-08 12:59:00+00:00,BUY,79872.72,,,80025.82,TRANSITION,0.0019167996282085525,0.001060562354706418,0.007853494910402435,180,2
2026-05-08 12:59:00+00:00,2026-05-08 14:14:00+00:00,SELL,80025.82,,,79927.33,TRANSITION,0.0012307277826082285,0.0008768419992447219,0.005951579127836657,75,1
2026-05-08 14:14:00+00:00,2026-05-08 15:14:00+00:00,BUY,79927.33,,,79897.49,TRANSITION,-0.0003733391319339268,0.0016134656318434058,0.006436596843657756,60,3
2026-05-08 15:14:00+00:00,2026-05-08 15:44:00+00:00,SELL,79897.49,,,79966.14,TRANSITION,-0.0008592259907037653,0.0017934230474573555,0.003410495123188541,30,3
2026-05-08 15:44:00+00:00,2026-05-08 16:14:00+00:00,BUY,79966.14,,,79965.76,TRANSITION,-4.752011288836208e-06,9.666591384798522e-05,0.00289510035122359,30,5
2026-05-08 16:14:00+00:00,2026-05-08 17:29:00+00:00,SELL,79965.76,,,80001.23,TRANSITION,-0.0004435648457539973,0.0010159348201030697,0.0028388400235300057,75,1
2026-05-08 17:29:00+00:00,2026-05-08 18:44:00+00:00,BUY,80001.23,,,80157.33,TRANSITION,0.001951219999992573,0.0003669943574617613,0.003734442582945404,75,14
2026-05-08 18:44:00+00:00,2026-05-08 19:59:00+00:00,SELL,80157.33,,,80179.94,TRANSITION,-0.00028207027354829034,0.001181301822303741,0.0025298996361282013,75,5
2026-05-08 19:59:00+00:00,2026-05-08 20:59:00+00:00,BUY,80179.94,,,80133.09,TRANSITION,-0.0005843107390702191,0.0011247202230384255,0.0014965089771829547,60,1
2026-05-08 20:59:00+00:00,2026-05-08 21:29:00+00:00,SELL,80133.09,,,80200.17,TRANSITION,-0.0008371073672561703,0.0015185986213685548,0.0002092768418139064,30,1
2026-05-08 21:29:00+00:00,2026-05-08 22:59:00+00:00,BUY,80200.17,,,80262.0,TRANSITION,0.000770945996747909,0.0003705727805814023,0.002604982009389734,90,2
2026-05-08 22:59:00+00:00,2026-05-08 23:59:00+00:00,SELL,80262.0,,,80193.17,TRANSITION,0.0008575664698113895,0.0004643542398644947,0.0018810894321097894,60,1
2026-05-08 23:59:00+00:00,2026-05-08 23:59:00+00:00,BUY,80193.17,,,80193.17,SESSION_RESET,0.0,0.0,0.0,0,4
2026-05-09 00:29:00+00:00,2026-05-09 00:59:00+00:00,SELL,80155.7,,,80238.76,TRANSITION,-0.0010362332310739932,0.001062556998441761,-1.2475719143258964e-07,30,3
2026-05-09 00:59:00+00:00,2026-05-09 02:44:00+00:00,BUY,80238.76,,,80394.57,TRANSITION,0.0019418296095305091,0.00026545774137073355,0.0029749961240678,105,2
2026-05-09 02:44:00+00:00,2026-05-09 02:59:00+00:00,SELL,80394.57,,,80417.87,TRANSITION,-0.0002898205687273202,0.0005397130676860317,0.0002770087581786192,15,5
2026-05-09 02:59:00+00:00,2026-05-09 03:44:00+00:00,BUY,80417.87,,,80347.61,TRANSITION,-0.0008736864082572041,0.001369223034631489,0.0016513742530112141,45,3
2026-05-09 03:44:00+00:00,2026-05-09 03:59:00+00:00,SELL,80347.61,,,80383.95,TRANSITION,-0.00045228476615541527,0.0006003912250781975,0.00019403190710957685,15,1
2026-05-09 03:59:00+00:00,2026-05-09 04:44:00+00:00,BUY,80383.95,,,80409.99,TRANSITION,0.0003239452651929664,0.0,0.00351699561915042,45,6
2026-05-09 04:44:00+00:00,2026-05-09 05:29:00+00:00,SELL,80409.99,,,80450.06,TRANSITION,-0.0004983211663126986,0.0007608507350889237,0.0008331054387645769,45,3
2026-05-09 05:29:00+00:00,2026-05-09 05:59:00+00:00,BUY,80450.06,,,80379.49,TRANSITION,-0.0008771901475274528,0.0008952137512390181,0.0003782470765094217,30,2
2026-05-09 05:59:00+00:00,2026-05-09 06:14:00+00:00,SELL,80379.49,,,80411.73,TRANSITION,-0.0004010973446085648,0.0006036365744543729,1.716855879534265e-05,15,2
2026-05-09 06:14:00+00:00,2026-05-09 06:29:00+00:00,BUY,80411.73,,,80308.3,TRANSITION,-0.001286255127205857,0.00132915931543806,0.0,15,1
2026-05-09 06:29:00+00:00,2026-05-09 08:14:00+00:00,SELL,80308.3,,,80399.99,TRANSITION,-0.0011417250769845996,0.0011418495971150812,0.0021579338623778973,105,13
2026-05-09 08:14:00+00:00,2026-05-09 09:14:00+00:00,BUY,80399.99,,,80342.35,TRANSITION,-0.0007169155120541608,0.0008139304494938659,0.0006523632652192753,60,3
2026-05-09 09:14:00+00:00,2026-05-09 10:44:00+00:00,SELL,80342.35,,,80329.99,TRANSITION,0.00015384165387246677,5.71305170933699e-05,0.002191745698252678,90,3
2026-05-09 10:44:00+00:00,2026-05-09 12:14:00+00:00,BUY,80329.99,,,80315.5,TRANSITION,-0.00018038095112429665,0.0009092494596352887,0.0005267024183620298,90,5
2026-05-09 12:14:00+00:00,2026-05-09 12:29:00+00:00,SELL,80315.5,,,80416.2,TRANSITION,-0.00125380530532708,0.0012539298142949544,0.0005163386892941109,15,7
2026-05-09 12:29:00+00:00,2026-05-09 13:29:00+00:00,BUY,80416.2,,,80346.48,TRANSITION,-0.0008669894871928935,0.001141934087907682,7.21247708795356e-05,60,2
2026-05-09 13:29:00+00:00,2026-05-09 13:59:00+00:00,SELL,80346.48,,,80391.18,TRANSITION,-0.0005563404893406294,0.0005563404893406294,0.0003457525457244529,30,2
2026-05-09 13:59:00+00:00,2026-05-09 14:29:00+00:00,BUY,80391.18,,,80324.11,TRANSITION,-0.0008342955035613663,0.001697574286134208,0.00044432735033869594,30,1
2026-05-09 14:29:00+00:00,2026-05-09 14:44:00+00:00,SELL,80324.11,,,80336.16,TRANSITION,-0.00015001722396927784,0.00029318718875320137,0.0008621321792423221,15,2
2026-05-09 14:44:00+00:00,2026-05-09 19:29:00+00:00,BUY,80336.16,,,80825.89,TRANSITION,0.00609600956779607,0.0012716564993896086,0.009259093289995395,285,3
2026-05-09 19:29:00+00:00,2026-05-09 19:44:00+00:00,SELL,80825.89,,,80844.9,TRANSITION,-0.0002351969152457803,0.0002353206379787971,0.00037475615795871345,15,2
2026-05-09 19:44:00+00:00,2026-05-09 20:14:00+00:00,BUY,80844.9,,,80831.5,TRANSITION,-0.00016574947832199904,0.0003079971649416869,0.0013989750744945672,30,3
2026-05-09 20:14:00+00:00,2026-05-09 20:44:00+00:00,SELL,80831.5,,,80805.51,TRANSITION,0.0003215330656984621,0.000128910140229963,0.0010703747920056423,30,1
2026-05-09 20:44:00+00:00,2026-05-09 21:44:00+00:00,BUY,80805.51,,,80749.81,TRANSITION,-0.0006893094295178274,0.0006893094295178274,0.00111984937660817,60,1
2026-05-09 21:44:00+00:00,2026-05-09 21:59:00+00:00,SELL,80749.81,,,80780.83,TRANSITION,-0.00038414951069239763,0.0008256366175969734,5.981438222581262e-05,15,3
2026-05-09 21:59:00+00:00,2026-05-09 22:29:00+00:00,BUY,80780.83,,,80758.76,TRANSITION,-0.00027320838372181847,0.0006574579637272925,0.00020413258937801502,30,2
2026-05-09 22:29:00+00:00,2026-05-09 22:44:00+00:00,SELL,80758.76,,,80817.05,TRANSITION,-0.0007217792843774243,0.0007984273161203872,0.0010989519898522465,15,2
2026-05-09 22:44:00+00:00,2026-05-09 23:14:00+00:00,BUY,80817.05,,,80732.5,TRANSITION,-0.0010461901294343571,0.0014483329940897733,0.00040771099662753206,30,3
2026-05-09 23:14:00+00:00,2026-05-09 23:59:00+00:00,SELL,80732.5,,,80678.4,SESSION_RESET,0.0006701142662497237,1.2386585321600733e-07,0.0013702040689932227,45,3
2026-05-10 01:14:00+00:00,2026-05-10 01:44:00+00:00,SELL,80625.03,,,80630.4,TRANSITION,-6.660462637961615e-05,0.00041947271213427126,0.000648185805326147,30,15
2026-05-10 01:44:00+00:00,2026-05-10 03:29:00+00:00,BUY,80630.4,,,80744.02,TRANSITION,0.001409145930071163,0.00024060404016343936,0.0025092272889630585,105,3
2026-05-10 03:29:00+00:00,2026-05-10 03:44:00+00:00,SELL,80744.02,,,80805.51,TRANSITION,-0.000761542464692626,0.0017726390140098314,0.0004264092870284086,15,3
2026-05-10 03:44:00+00:00,2026-05-10 04:44:00+00:00,BUY,80805.51,,,80769.98,TRANSITION,-0.00043969773843391174,0.000718144096856747,0.00042682732897800213,60,3
2026-05-10 04:44:00+00:00,2026-05-10 05:14:00+00:00,SELL,80769.98,,,80766.16,TRANSITION,4.729479937957683e-05,0.000148198625281338,0.0005843755316021756,30,1
2026-05-10 05:14:00+00:00,2026-05-10 05:29:00+00:00,BUY,80766.16,,,80749.99,TRANSITION,-0.0002002076117027014,0.0002002076117027014,0.0006235284678632806,15,3
2026-05-10 05:29:00+00:00,2026-05-10 06:59:00+00:00,SELL,80749.99,,,80733.75,TRANSITION,0.00020111457598948605,0.0007519505575171113,0.0011271828021279515,90,1
2026-05-10 06:59:00+00:00,2026-05-10 07:59:00+00:00,BUY,80733.75,,,80736.03,TRANSITION,2.8240977286436415e-05,0.00016907427191223225,0.001156765293325275,60,2
2026-05-10 07:59:00+00:00,2026-05-10 08:14:00+00:00,SELL,80736.03,,,80769.93,TRANSITION,-0.0004198868832167519,0.0009876631288410545,0.0002563911056810335,15,8
2026-05-10 08:14:00+00:00,2026-05-10 09:29:00+00:00,BUY,80769.93,,,80820.02,TRANSITION,0.0006201565359783159,0.00024278837433666257,0.001781232198666136,75,9
2026-05-10 09:29:00+00:00,2026-05-10 09:59:00+00:00,SELL,80820.02,,,80807.96,TRANSITION,0.00014922045305108402,0.00013994057412999492,0.0007855726835999947,30,2
2026-05-10 09:59:00+00:00,2026-05-10 10:14:00+00:00,BUY,80807.96,,,80729.5,TRANSITION,-0.0009709439515612867,0.0012105243097339294,0.00044191191065820555,15,2
2026-05-10 10:14:00+00:00,2026-05-10 10:29:00+00:00,SELL,80729.5,,,80813.57,TRANSITION,-0.0010413789259193602,0.0010415027963755722,0.0004769012566657789,15,1
2026-05-10 10:29:00+00:00,2026-05-10 11:29:00+00:00,BUY,80813.57,,,80792.94,TRANSITION,-0.0002552789092228527,0.0007866253155256844,0.0020025102219836,60,3
2026-05-10 11:29:00+00:00,2026-05-10 11:44:00+00:00,SELL,80792.94,,,80833.57,TRANSITION,-0.0005028904753311942,0.0005824766371912901,1.2377319118865122e-07,15,2
2026-05-10 11:44:00+00:00,2026-05-10 14:29:00+00:00,BUY,80833.57,,,80909.94,TRANSITION,0.0009447807389924178,0.0006107610983903085,0.0020590455178459612,165,1
2026-05-10 14:29:00+00:00,2026-05-10 14:59:00+00:00,SELL,80909.94,,,80990.11,TRANSITION,-0.0009908547701308176,0.0011051794130609695,0.0011583249227474543,30,10
2026-05-10 14:59:00+00:00,2026-05-10 15:29:00+00:00,BUY,80990.11,,,80954.79,TRANSITION,-0.000436102630308898,0.0006681062663083256,0.0014803042001054131,30,2
2026-05-10 15:29:00+00:00,2026-05-10 15:44:00+00:00,SELL,80954.79,,,81141.02,TRANSITION,-0.0023004197775080447,0.0029264482064619464,3.088143394603334e-05,15,1
2026-05-10 15:44:00+00:00,2026-05-10 18:44:00+00:00,BUY,81141.02,,,81259.58,TRANSITION,0.0014611598424569678,0.0001308832449975351,0.0054484156102547945,180,5
2026-05-10 18:44:00+00:00,2026-05-10 18:59:00+00:00,SELL,81259.58,,,81271.96,TRANSITION,-0.0001523512673829308,0.00042345776338006535,0.0003499895027761936,15,3
2026-05-10 18:59:00+00:00,2026-05-10 20:14:00+00:00,BUY,81271.96,,,81191.73,TRANSITION,-0.000987179342051188,0.0015252492987742191,0.0025834248368070837,75,19
2026-05-10 20:14:00+00:00,2026-05-10 21:29:00+00:00,SELL,81191.73,,,80839.99,TRANSITION,0.004332214623336523,0.0003648154805915565,0.011232178449701612,75,1
2026-05-10 21:29:00+00:00,2026-05-10 21:59:00+00:00,BUY,80839.99,,,80720.47,TRANSITION,-0.0014784761848684552,0.0015550471987936464,0.0012222910962754654,30,1
2026-05-10 21:59:00+00:00,2026-05-10 22:14:00+00:00,SELL,80720.47,,,81317.02,TRANSITION,-0.0073903187134564865,0.00882452740921841,0.0006666214901870327,15,2
2026-05-10 22:14:00+00:00,2026-05-10 23:59:00+00:00,BUY,81317.02,,,82210.07,SESSION_RESET,0.010982325717297596,0.0012727962731541318,0.014293440659778271,105,5
2026-05-11 01:14:00+00:00,2026-05-11 01:44:00+00:00,BUY,81502.96,,,81493.77,TRANSITION,-0.00011275664098582834,0.0005648874593021916,0.002967867670082159,30,3
2026-05-11 01:44:00+00:00,2026-05-11 03:44:00+00:00,SELL,81493.77,,,80722.19,TRANSITION,0.009467963011160261,0.0012281920446188279,0.01188765717919301,120,105
2026-05-11 03:44:00+00:00,2026-05-11 04:14:00+00:00,BUY,80722.19,,,80640.0,TRANSITION,-0.0010181834759438802,0.0010183073576174914,0.0005445838374800269,30,3
2026-05-11 04:14:00+00:00,2026-05-11 04:44:00+00:00,SELL,80640.0,,,80822.08,TRANSITION,-0.0022579365079365295,0.0022579365079365295,1.240079364429726e-07,30,3
2026-05-11 04:44:00+00:00,2026-05-11 05:44:00+00:00,BUY,80822.08,,,80794.09,TRANSITION,-0.000346316254172192,0.0011438705858596695,0.0019761926443863007,60,1
2026-05-11 05:44:00+00:00,2026-05-11 06:29:00+00:00,SELL,80794.09,,,80988.0,TRANSITION,-0.002400051785966071,0.0031613698477202757,0.00040052434528318326,45,1
2026-05-11 06:29:00+00:00,2026-05-11 06:44:00+00:00,BUY,80988.0,,,80820.37,TRANSITION,-0.0020698128117746413,0.002282807329480968,0.00035536128809204865,15,5
2026-05-11 06:44:00+00:00,2026-05-11 08:44:00+00:00,SELL,80820.37,,,80836.34,TRANSITION,-0.00019759869943680245,0.0006596109371931566,0.002456063984859263,120,3
2026-05-11 08:44:00+00:00,2026-05-11 10:59:00+00:00,BUY,80836.34,,,80940.0,TRANSITION,0.001282344054666546,0.0012804884535840535,0.004498719264132982,135,5
2026-05-11 10:59:00+00:00,2026-05-11 11:29:00+00:00,SELL,80940.0,,,81100.33,TRANSITION,-0.0019808500123548525,0.002701507289350179,0.0004941932295527551,30,1
2026-05-11 11:29:00+00:00,2026-05-11 12:14:00+00:00,BUY,81100.33,,,81095.25,TRANSITION,-6.263846275350231e-05,0.00038063963488182284,0.001797156682346422,45,2
2026-05-11 12:14:00+00:00,2026-05-11 12:29:00+00:00,SELL,81095.25,,,81302.23,TRANSITION,-0.0025523073176295275,0.002968731214220315,0.00027831469783997194,15,5
2026-05-11 12:29:00+00:00,2026-05-11 12:59:00+00:00,BUY,81302.23,,,81054.65,TRANSITION,-0.0030451809255416704,0.003351199591942212,0.0006670173745543078,30,2
2026-05-11 12:59:00+00:00,2026-05-11 13:14:00+00:00,SELL,81054.65,,,81285.13,TRANSITION,-0.0028435136047100383,0.0029755233043385863,1.2337355099011977e-07,15,1
2026-05-11 13:14:00+00:00,2026-05-11 14:29:00+00:00,BUY,81285.13,,,80750.01,TRANSITION,-0.006583245914720317,0.0067109445479142365,0.0005801799172860883,75,15
2026-05-11 14:29:00+00:00,2026-05-11 14:59:00+00:00,SELL,80750.01,,,80953.38,TRANSITION,-0.002518513619998436,0.002727801519776952,0.003554674482393174,30,2
2026-05-11 14:59:00+00:00,2026-05-11 18:59:00+00:00,BUY,80953.38,,,81858.96,TRANSITION,0.011186438416777677,0.0015732511724649493,0.014624219519926037,240,2
2026-05-11 18:59:00+00:00,2026-05-11 19:14:00+00:00,SELL,81858.96,,,81917.86,TRANSITION,-0.0007195302749997578,0.001434418419193186,0.0014643479467612327,15,1
2026-05-11 19:14:00+00:00,2026-05-11 20:14:00+00:00,BUY,81917.86,,,81915.27,TRANSITION,-3.1617036870793594e-05,0.0011148972885766516,0.0021149234123059367,60,1
2026-05-11 20:14:00+00:00,2026-05-11 21:44:00+00:00,SELL,81915.27,,,81740.12,TRANSITION,0.002138184980651455,0.0006581190539930948,0.003848732965172477,90,5
2026-05-11 21:44:00+00:00,2026-05-11 22:29:00+00:00,BUY,81740.12,,,81730.0,TRANSITION,-0.00012380701178314082,0.0009024943932060477,0.0028122053160676776,45,5
2026-05-11 22:29:00+00:00,2026-05-11 23:44:00+00:00,SELL,81730.0,,,81785.04,TRANSITION,-0.0006734369264651119,0.002381377707084359,0.0016357518658999429,75,1
2026-05-11 23:44:00+00:00,2026-05-11 23:59:00+00:00,BUY,81785.04,,,81745.65,SESSION_RESET,-0.0004816284249539943,0.000525279439858339,3.631470987849568e-05,15,1
2026-05-12 02:14:00+00:00,2026-05-12 02:44:00+00:00,BUY,81316.02,,,81129.66,TRANSITION,-0.0022917993281028827,0.002808671649202696,1.2297699758007476e-07,30,5
2026-05-12 02:44:00+00:00,2026-05-12 02:59:00+00:00,SELL,81129.66,,,81249.93,TRANSITION,-0.0014824418098139387,0.0018530830771384536,1.2325948376109583e-07,15,3
2026-05-12 02:59:00+00:00,2026-05-12 03:29:00+00:00,BUY,81249.93,,,81171.31,TRANSITION,-0.0009676316028825545,0.0012478779981718068,0.0005475697025216544,30,9
2026-05-12 03:29:00+00:00,2026-05-12 03:44:00+00:00,SELL,81171.31,,,81201.36,TRANSITION,-0.0003702046942448374,0.0006727746540002937,0.00011506528599817482,15,7
2026-05-12 03:44:00+00:00,2026-05-12 03:59:00+00:00,BUY,81201.36,,,81058.8,TRANSITION,-0.0017556356198959928,0.002179150694027749,0.0,15,3
2026-05-12 03:59:00+00:00,2026-05-12 04:29:00+00:00,SELL,81058.8,,,81211.96,TRANSITION,-0.0018894925658904831,0.0020751602540377088,0.000725399339738596,30,1
2026-05-12 04:29:00+00:00,2026-05-12 05:59:00+00:00,BUY,81211.96,,,81224.03,TRANSITION,0.00014862342935686358,0.00037432910128026376,0.0011485992949806757,90,5
2026-05-12 05:59:00+00:00,2026-05-12 11:44:00+00:00,SELL,81224.03,,,80732.75,TRANSITION,0.006048456349678769,0.0009353143398573202,0.008956216528532158,345,1
2026-05-12 11:44:00+00:00,2026-05-12 13:14:00+00:00,BUY,80732.75,,,80800.0,TRANSITION,0.0008329952838222407,0.0014066162740647094,0.0032979181311177928,90,3
2026-05-12 13:14:00+00:00,2026-05-12 14:14:00+00:00,SELL,80800.0,,,80707.23,TRANSITION,0.0011481435643564861,0.0009662128712872152,0.004986757425742488,60,1
2026-05-12 14:14:00+00:00,2026-05-12 14:59:00+00:00,BUY,80707.23,,,80540.0,TRANSITION,-0.0020720572370033757,0.003640566031072959,0.002239948019526861,45,1
2026-05-12 14:59:00+00:00,2026-05-12 17:29:00+00:00,SELL,80540.0,,,80426.27,TRANSITION,0.0014120933697541087,0.0016982865656816344,0.00864675937422403,150,9
2026-05-12 17:29:00+00:00,2026-05-12 18:29:00+00:00,BUY,80426.27,,,80500.0,TRANSITION,0.0009167402640952505,0.0001392579812540988,0.0020738248833371683,60,2
2026-05-12 18:29:00+00:00,2026-05-12 18:44:00+00:00,SELL,80500.0,,,80667.54,TRANSITION,-0.0020812422360247653,0.0023388819875776253,1.2422360241939516e-07,15,3
2026-05-12 18:44:00+00:00,2026-05-12 19:44:00+00:00,BUY,80667.54,,,80751.7,TRANSITION,0.0010432944899522597,0.0005893324625988793,0.0020988615743087274,60,1
2026-05-12 19:44:00+00:00,2026-05-12 19:59:00+00:00,SELL,80751.7,,,80834.64,TRANSITION,-0.0010270991198947184,0.001519720327869273,0.0,15,3
2026-05-12 19:59:00+00:00,2026-05-12 20:59:00+00:00,BUY,80834.64,,,80696.87,TRANSITION,-0.0017043435833944962,0.002372621440511068,0.0007621732465190738,60,10
2026-05-12 20:59:00+00:00,2026-05-12 23:29:00+00:00,SELL,80696.87,,,80657.89,TRANSITION,0.0004830422790871062,0.001178112608332975,0.0024767999056220565,150,6
2026-05-12 23:29:00+00:00,2026-05-12 23:44:00+00:00,BUY,80657.89,,,80515.24,TRANSITION,-0.001768580854272213,0.0021043198625701207,7.922349568032858e-05,15,5
2026-05-12 23:44:00+00:00,2026-05-12 23:59:00+00:00,SELL,80515.24,,,80504.47,SESSION_RESET,0.00013376349620275707,0.0002506357802571664,0.0009355992728830187,15,1
2026-05-13 00:44:00+00:00,2026-05-13 01:59:00+00:00,BUY,80740.1,,,81006.0,TRANSITION,0.003293283015502757,0.0015753014920715026,0.0056426732193791745,75,9
2026-05-13 01:59:00+00:00,2026-05-13 02:14:00+00:00,SELL,81006.0,,,81063.46,TRANSITION,-0.0007093301730736785,0.0009135125793151125,0.0008803051625805208,15,2
2026-05-13 02:14:00+00:00,2026-05-13 03:14:00+00:00,BUY,81063.46,,,81012.69,TRANSITION,-0.0006262994449040797,0.0009018860038789435,0.002691718315502411,60,3
2026-05-13 03:14:00+00:00,2026-05-13 03:29:00+00:00,SELL,81012.69,,,81093.61,TRANSITION,-0.0009988558582611966,0.0010420589663174776,0.0004495591986884802,15,1
2026-05-13 03:29:00+00:00,2026-05-13 05:14:00+00:00,BUY,81093.61,,,81167.75,TRANSITION,0.0009142520600574992,0.0005063284271103195,0.002544960077618997,105,2
2026-05-13 05:14:00+00:00,2026-05-13 06:14:00+00:00,SELL,81167.75,,,81099.99,TRANSITION,0.0008348143197266742,-1.2320164098131722e-07,0.002079027692648866,60,1
2026-05-13 06:14:00+00:00,2026-05-13 06:44:00+00:00,BUY,81099.99,,,81057.59,TRANSITION,-0.0005228114084848682,0.0009780519085145014,0.0007443897342033623,30,3
2026-05-13 06:44:00+00:00,2026-05-13 07:59:00+00:00,SELL,81057.59,,,81026.92,TRANSITION,0.0003783729568076013,1.640808713905442e-05,0.0020783988273029236,75,5
2026-05-13 07:59:00+00:00,2026-05-13 10:14:00+00:00,BUY,81026.92,,,81106.95,TRANSITION,0.0009876964347157566,0.0010279299768520586,0.003674334406392359,135,2
2026-05-13 10:14:00+00:00,2026-05-13 17:14:00+00:00,SELL,81106.95,,,79233.0,TRANSITION,0.023104678452339746,0.0005554394537089967,0.029002446769358273,420,3
2026-05-13 17:14:00+00:00,2026-05-13 18:59:00+00:00,BUY,79233.0,,,79598.15,TRANSITION,0.004608559564827713,0.0016785935153282093,0.0071561091969255235,105,1
2026-05-13 18:59:00+00:00,2026-05-13 19:59:00+00:00,SELL,79598.15,,,79642.41,TRANSITION,-0.0005560430738655272,0.000604787925347504,0.002489379464221143,60,1
2026-05-13 19:59:00+00:00,2026-05-13 20:29:00+00:00,BUY,79642.41,,,79622.7,TRANSITION,-0.00024748121007395934,0.00024748121007395934,0.0014095505146064107,30,1
2026-05-13 20:29:00+00:00,2026-05-13 20:44:00+00:00,SELL,79622.7,,,79719.97,TRANSITION,-0.0012216365433476142,0.0015260723386673564,0.0,15,1
2026-05-13 20:44:00+00:00,2026-05-13 21:14:00+00:00,BUY,79719.97,,,79449.2,TRANSITION,-0.003396514072948147,0.004761416744135776,0.0005021326525837733,30,3
2026-05-13 21:14:00+00:00,2026-05-13 22:44:00+00:00,SELL,79449.2,,,79406.0,TRANSITION,0.0005437436752037414,0.0009845284785750036,0.002784169003589679,90,15
2026-05-13 22:44:00+00:00,2026-05-13 23:14:00+00:00,BUY,79406.0,,,79377.39,TRANSITION,-0.0003603002292018309,0.0006952875097600484,0.0011713220663425279,30,3
2026-05-13 23:14:00+00:00,2026-05-13 23:59:00+00:00,SELL,79377.39,,,79313.61,SESSION_RESET,0.000803503365378968,0.0007474420612721298,0.0018085754646253508,45,15
2026-05-14 01:29:00+00:00,2026-05-14 01:59:00+00:00,SELL,79540.21,,,79604.6,TRANSITION,-0.0008095276590293063,0.001605477279982,0.0016443255555901616,30,1
2026-05-14 01:59:00+00:00,2026-05-14 02:59:00+00:00,BUY,79604.6,,,79370.24,TRANSITION,-0.002944050971928765,0.004803491255530518,0.0008983149214994454,60,3
2026-05-14 02:59:00+00:00,2026-05-14 03:29:00+00:00,SELL,79370.24,,,79316.0,TRANSITION,0.0006833795639273011,0.0011309024641981019,0.004650105631531437,30,10
2026-05-14 03:29:00+00:00,2026-05-14 03:44:00+00:00,BUY,79316.0,,,79205.28,TRANSITION,-0.0013959352463563614,0.0018261132684451625,0.0010590549195622573,15,2
2026-05-14 03:44:00+00:00,2026-05-14 04:14:00+00:00,SELL,79205.28,,,79259.71,TRANSITION,-0.0006872016613034834,0.0007259617035631968,0.0035765292414848965,30,9
2026-05-14 04:14:00+00:00,2026-05-14 06:59:00+00:00,BUY,79259.71,,,79804.71,TRANSITION,0.0068761291203311235,0.0001688121240918577,0.009314820859172884,165,1
2026-05-14 06:59:00+00:00,2026-05-14 07:29:00+00:00,SELL,79804.71,,,79796.01,TRANSITION,0.00010901612198091617,0.000801832373051549,0.0012863902393731334,30,1
2026-05-14 07:29:00+00:00,2026-05-14 07:59:00+00:00,BUY,79796.01,,,79745.98,TRANSITION,-0.0006269737045749385,0.0007017894754386843,0.0017742741773680382,30,5
2026-05-14 07:59:00+00:00,2026-05-14 08:14:00+00:00,SELL,79745.98,,,79837.12,TRANSITION,-0.0011428789263107611,0.001737642449186868,0.0012732930236733389,15,1
2026-05-14 08:14:00+00:00,2026-05-14 09:29:00+00:00,BUY,79837.12,,,79735.51,TRANSITION,-0.0012727162502855888,0.0014674878051711903,0.0012507966219222411,75,5
2026-05-14 09:29:00+00:00,2026-05-14 12:29:00+00:00,SELL,79735.51,,,79423.19,TRANSITION,0.003916949926074248,0.00026926522449033266,0.006335947434210894,180,2
2026-05-14 12:29:00+00:00,2026-05-14 13:59:00+00:00,BUY,79423.19,,,79701.73,TRANSITION,0.003507036169159078,0.00025093426743508495,0.008014283989348754,90,5
2026-05-14 13:59:00+00:00,2026-05-14 14:14:00+00:00,SELL,79701.73,,,79958.28,TRANSITION,-0.0032188761774682045,0.003403188362410769,0.0017591838972628557,15,2
2026-05-14 14:14:00+00:00,2026-05-14 19:29:00+00:00,BUY,79958.28,,,81349.17,TRANSITION,0.0173951965950243,9.942685110281373e-05,0.026136755317898358,315,3
2026-05-14 19:29:00+00:00,2026-05-14 19:44:00+00:00,SELL,81349.17,,,81446.27,TRANSITION,-0.001193620045539565,0.0016082524259313493,0.00015193762886579645,15,3
2026-05-14 19:44:00+00:00,2026-05-14 20:14:00+00:00,BUY,81446.27,,,81350.0,TRANSITION,-0.00118200624779998,0.00118200624779998,0.0017670545256400108,30,3
2026-05-14 20:14:00+00:00,2026-05-14 20:59:00+00:00,SELL,81350.0,,,81412.04,TRANSITION,-0.0007626306084817897,0.0013389059618930331,0.002259127228027029,45,1
2026-05-14 20:59:00+00:00,2026-05-14 21:59:00+00:00,BUY,81412.04,,,81396.61,TRANSITION,-0.0001895297059254751,0.0017646038595764085,0.0014007756100941355,60,2
2026-05-14 21:59:00+00:00,2026-05-14 22:14:00+00:00,SELL,81396.61,,,81500.71,TRANSITION,-0.0012789230411439226,0.0012789230411439226,0.0007510140778590737,15,3
2026-05-14 22:14:00+00:00,2026-05-14 23:14:00+00:00,BUY,81500.71,,,81252.46,TRANSITION,-0.003045985734357406,0.004015670538330443,0.0007239200738251237,60,1
2026-05-14 23:14:00+00:00,2026-05-14 23:29:00+00:00,SELL,81252.46,,,81370.96,TRANSITION,-0.0014584173820706473,0.001545060912617213,0.0006210273510488962,15,3
2026-05-14 23:29:00+00:00,2026-05-14 23:44:00+00:00,BUY,81370.96,,,81218.26,TRANSITION,-0.001876590862391345,0.001876590862391345,1.2289396603851435e-07,15,2
2026-05-14 23:44:00+00:00,2026-05-14 23:59:00+00:00,SELL,81218.26,,,81089.99,SESSION_RESET,0.0015793246494075288,1.231250215076416e-07,0.0019494384637149546,15,1
2026-05-15 00:44:00+00:00,2026-05-15 00:59:00+00:00,SELL,81343.03,,,81518.67,TRANSITION,-0.0021592507680129377,0.0029132182560694035,1.3768850262835592e-05,15,5
2026-05-15 00:59:00+00:00,2026-05-15 01:29:00+00:00,BUY,81518.67,,,81390.19,TRANSITION,-0.001576080669618333,0.001576080669618333,0.0011538461066648619,30,1
2026-05-15 01:29:00+00:00,2026-05-15 02:44:00+00:00,SELL,81390.19,,,81088.0,TRANSITION,0.003712855320770259,0.0010029464238872604,0.007865689956000869,75,2
2026-05-15 02:44:00+00:00,2026-05-15 03:44:00+00:00,BUY,81088.0,,,80991.84,TRANSITION,-0.001185872138910856,0.0019383879242303795,0.0032310576164167326,60,1
2026-05-15 03:44:00+00:00,2026-05-15 03:59:00+00:00,SELL,80991.84,,,81059.15,TRANSITION,-0.0008310713770670931,0.0015283021104348148,0.00022545481125005632,15,15
2026-05-15 03:59:00+00:00,2026-05-15 04:29:00+00:00,BUY,81059.15,,,80912.59,TRANSITION,-0.0018080623840738236,0.0018365600922288891,0.000503952977547949,30,5
2026-05-15 04:29:00+00:00,2026-05-15 06:29:00+00:00,SELL,80912.59,,,80524.85,TRANSITION,0.004792084890620739,0.0016180423837625054,0.007397983428784031,120,2
2026-05-15 06:29:00+00:00,2026-05-15 07:59:00+00:00,BUY,80524.85,,,80814.88,TRANSITION,0.00360174529974286,0.00030934550017793877,0.0059425133980378665,90,1
2026-05-15 07:59:00+00:00,2026-05-15 08:44:00+00:00,SELL,80814.88,,,80687.78,TRANSITION,0.0015727301704835275,9.985784796057895e-05,0.004937704541539975,45,1
2026-05-15 08:44:00+00:00,2026-05-15 09:14:00+00:00,BUY,80687.78,,,80570.4,TRANSITION,-0.001454743208946939,0.001707569597279772,0.0,30,3
2026-05-15 09:14:00+00:00,2026-05-15 09:29:00+00:00,SELL,80570.4,,,80573.75,TRANSITION,-4.157854497440525e-05,6.0071688858576593e-05,0.001444947524152769,15,3
2026-05-15 09:29:00+00:00,2026-05-15 09:44:00+00:00,BUY,80573.75,,,80420.0,TRANSITION,-0.0019081897019811043,0.0019081897019811043,0.0007854915527698984,15,1
2026-05-15 09:44:00+00:00,2026-05-15 10:14:00+00:00,SELL,80420.0,,,80589.12,TRANSITION,-0.002102959462820136,0.0022352648594876246,0.0006341706043272818,30,3
2026-05-15 10:14:00+00:00,2026-05-15 12:14:00+00:00,BUY,80589.12,,,80414.7,TRANSITION,-0.0021643120063849597,0.0023464705905709266,0.002323018293288305,120,5
2026-05-15 12:14:00+00:00,2026-05-15 12:29:00+00:00,SELL,80414.7,,,80535.92,TRANSITION,-0.0015074358295187468,0.002116777156415446,0.0005449252437675255,15,3
2026-05-15 12:29:00+00:00,2026-05-15 12:44:00+00:00,BUY,80535.92,,,80410.01,TRANSITION,-0.0015634017715325471,0.0016876941369763734,0.00023803043412179626,15,1
2026-05-15 12:44:00+00:00,2026-05-15 16:29:00+00:00,SELL,80410.01,,,79312.0,TRANSITION,0.013655140697035044,0.0004243252798999764,0.021776020174602576,225,3
2026-05-15 16:29:00+00:00,2026-05-15 16:59:00+00:00,BUY,79312.0,,,79294.31,TRANSITION,-0.0002230431712729767,0.002092747629614635,0.0008863728061327782,30,2
2026-05-15 16:59:00+00:00,2026-05-15 17:29:00+00:00,SELL,79294.31,,,79375.13,TRANSITION,-0.0010192408509514363,0.001963444791940334,0.0008866966620933793,30,4
2026-05-15 17:29:00+00:00,2026-05-15 18:29:00+00:00,BUY,79375.13,,,79282.49,TRANSITION,-0.0011671161987388168,0.0021182957432636573,0.0023535079564593804,60,5
2026-05-15 18:29:00+00:00,2026-05-15 20:59:00+00:00,SELL,79282.49,,,79123.12,TRANSITION,0.0020101538183274754,0.0006852711109351099,0.003563081835598317,150,2
2026-05-15 20:59:00+00:00,2026-05-15 21:59:00+00:00,BUY,79123.12,,,78973.5,TRANSITION,-0.0018909769988847173,0.0026755769994913888,0.0009716502584832937,60,2
2026-05-15 21:59:00+00:00,2026-05-15 22:44:00+00:00,SELL,78973.5,,,79122.12,TRANSITION,-0.0018818970920624683,0.002177186018094707,1.2662475380679988e-07,45,3
2026-05-15 22:44:00+00:00,2026-05-15 23:14:00+00:00,BUY,79122.12,,,79105.53,TRANSITION,-0.000209675878249932,0.0004463985545381296,0.00029473426647323134,30,7
2026-05-15 23:14:00+00:00,2026-05-15 23:44:00+00:00,SELL,79105.53,,,79134.91,TRANSITION,-0.0003714026061136896,0.000712086752974182,0.0003485217784394142,30,1395
2026-05-15 23:44:00+00:00,2026-05-15 23:59:00+00:00,BUY,79134.91,,,79113.21,TRANSITION,-0.00027421526100171326,0.0004401344488797895,1.263664796581093e-07,15,3
2026-05-15 23:59:00+00:00,2026-05-15 23:59:00+00:00,SELL,79113.21,,,79113.21,SESSION_RESET,0.0,0.0,0.0,0,2
2026-05-16 00:59:00+00:00,2026-05-16 01:14:00+00:00,SELL,79111.92,,,79139.49,TRANSITION,-0.00034849362776187185,0.00045770599424216227,0.0003070333775238118,15,2
2026-05-16 01:14:00+00:00,2026-05-16 01:29:00+00:00,BUY,79139.49,,,79037.13,TRANSITION,-0.0012934124291172533,0.001354822984075348,0.00020786082902476486,15,3
2026-05-16 01:29:00+00:00,2026-05-16 01:59:00+00:00,SELL,79037.13,,,79168.0,TRANSITION,-0.0016558040505771823,0.0018841777276072428,0.0003432563910152691,30,2
2026-05-16 01:59:00+00:00,2026-05-16 02:29:00+00:00,BUY,79168.0,,,79155.38,TRANSITION,-0.00015940784155208347,0.0008187651576395385,0.0005528748989491218,30,2
2026-05-16 02:29:00+00:00,2026-05-16 02:59:00+00:00,SELL,79155.38,,,79155.54,TRANSITION,-2.0213408108070547e-06,3.815280780648798e-05,0.000951040851550442,30,2
2026-05-16 02:59:00+00:00,2026-05-16 03:44:00+00:00,BUY,79155.54,,,79078.13,TRANSITION,-0.0009779479743298946,0.0009779479743298946,0.0004064150152978908,45,2
2026-05-16 03:44:00+00:00,2026-05-16 04:59:00+00:00,SELL,79078.13,,,79035.26,TRANSITION,0.0005421220759773897,0.0007555818530357255,0.00275841120673952,75,3
2026-05-16 04:59:00+00:00,2026-05-16 05:29:00+00:00,BUY,79035.26,,,79025.33,TRANSITION,-0.0001256401256855866,0.0012858817697315112,0.0,30,2
2026-05-16 05:29:00+00:00,2026-05-16 05:59:00+00:00,SELL,79025.33,,,79027.37,TRANSITION,-2.581450782924408e-05,0.00017918305434477138,0.0010682650739958727,30,66
2026-05-16 05:59:00+00:00,2026-05-16 06:14:00+00:00,BUY,79027.37,,,78936.65,TRANSITION,-0.0011479567142371203,0.0013504182158662393,0.00026028956803202466,15,2
2026-05-16 06:14:00+00:00,2026-05-16 11:14:00+00:00,SELL,78936.65,,,78084.01,TRANSITION,0.010801573160249383,1.2668386623087282e-07,0.016426463499527713,300,3
2026-05-16 11:14:00+00:00,2026-05-16 11:59:00+00:00,BUY,78084.01,,,78081.71,TRANSITION,-2.9455454452049256e-05,0.00017942213777180196,0.0014070742524623146,45,3
2026-05-16 11:59:00+00:00,2026-05-16 13:59:00+00:00,SELL,78081.71,,,78014.6,TRANSITION,0.000859484250537041,0.0006617426795596337,0.0031801301482768784,120,5
2026-05-16 13:59:00+00:00,2026-05-16 14:29:00+00:00,BUY,78014.6,,,77982.0,TRANSITION,-0.0004178705011626775,0.0015304827557919764,0.0006200121515715692,30,2
2026-05-16 14:29:00+00:00,2026-05-16 14:44:00+00:00,SELL,77982.0,,,78219.02,TRANSITION,-0.00303941935318412,0.003150342386704602,0.0,15,2
2026-05-16 14:44:00+00:00,2026-05-16 16:44:00+00:00,BUY,78219.02,,,78150.74,TRANSITION,-0.0008729334629863534,0.0018000736905167427,0.0018618233774852983,120,3
2026-05-16 16:44:00+00:00,2026-05-16 17:14:00+00:00,SELL,78150.74,,,78270.94,TRANSITION,-0.0015380532545180901,0.001539588748615719,4.926376896758522e-05,30,3
2026-05-16 17:14:00+00:00,2026-05-16 17:44:00+00:00,BUY,78270.94,,,78266.17,TRANSITION,-6.0942158098574956e-05,0.0004953307063899332,0.000632035337763941,30,15
2026-05-16 17:44:00+00:00,2026-05-16 18:29:00+00:00,SELL,78266.17,,,78196.92,TRANSITION,0.0008848011854930425,0.0003044738231090361,0.0015738600726213257,45,3
2026-05-16 18:29:00+00:00,2026-05-16 19:59:00+00:00,BUY,78196.92,,,78259.66,TRANSITION,0.0008023333911361885,0.0001570394332666662,0.0016730837992084823,90,1
2026-05-16 19:59:00+00:00,2026-05-16 20:59:00+00:00,SELL,78259.66,,,78261.0,TRANSITION,-1.7122486859724505e-05,0.0007574783739157419,0.0007441892796365999,60,8
2026-05-16 20:59:00+00:00,2026-05-16 21:59:00+00:00,BUY,78261.0,,,78265.73,TRANSITION,6.043878815752323e-05,0.0006919155134740699,0.0006047712142702207,60,2
2026-05-16 21:59:00+00:00,2026-05-16 23:59:00+00:00,SELL,78265.73,,,78148.05,SESSION_RESET,0.0015035955072544907,0.0001731281366698159,0.0017940163593949607,120,2
2026-05-17 00:29:00+00:00,2026-05-17 00:44:00+00:00,BUY,78195.99,,,78140.47,TRANSITION,-0.0007100108330363753,0.0009078470647920083,0.00041434349766521504,15,2
2026-05-17 00:44:00+00:00,2026-05-17 02:14:00+00:00,SELL,78140.47,,,77868.15,TRANSITION,0.003485005913069207,0.00017327768824520248,0.005365721501291185,90,1
2026-05-17 02:14:00+00:00,2026-05-17 02:59:00+00:00,BUY,77868.15,,,77895.51,TRANSITION,0.00035136316966565386,0.00032272501658239095,0.0008970291447787809,45,5
2026-05-17 02:59:00+00:00,2026-05-17 03:14:00+00:00,SELL,77895.51,,,77958.57,TRANSITION,-0.0008095460187629843,0.0015117687784573118,9.641120521574045e-05,15,180
2026-05-17 03:14:00+00:00,2026-05-17 05:44:00+00:00,BUY,77958.57,,,78154.85,TRANSITION,0.0025177475677144773,1.2827326116055265e-07,0.0046869766851803385,150,5
2026-05-17 05:44:00+00:00,2026-05-17 06:14:00+00:00,SELL,78154.85,,,78185.13,TRANSITION,-0.00038743596846515393,0.0006290076687497824,0.0006708476825175605,30,3
2026-05-17 06:14:00+00:00,2026-05-17 06:29:00+00:00,BUY,78185.13,,,78082.53,TRANSITION,-0.0013122699930281604,0.00215040890767854,0.00019018961789787062,15,5
2026-05-17 06:29:00+00:00,2026-05-17 06:59:00+00:00,SELL,78082.53,,,78104.8,TRANSITION,-0.0002852110452876472,0.000493836457399596,0.0005427590525051463,30,2
2026-05-17 06:59:00+00:00,2026-05-17 08:14:00+00:00,BUY,78104.8,,,78148.72,TRANSITION,0.0005623213938195636,0.0006530968647254626,0.001330135919943453,75,2
2026-05-17 08:14:00+00:00,2026-05-17 09:14:00+00:00,SELL,78148.72,,,78128.27,TRANSITION,0.0002616805495982159,3.582912170523533e-06,0.001480638454475088,60,3
2026-05-17 09:14:00+00:00,2026-05-17 09:44:00+00:00,BUY,78128.27,,,78123.87,TRANSITION,-5.631764276885602e-05,0.00045873279928009485,0.0003404657494654786,30,3
2026-05-17 09:44:00+00:00,2026-05-17 09:59:00+00:00,SELL,78123.87,,,78249.33,TRANSITION,-0.0016059112279000825,0.0021773114926335042,0.0,15,585
2026-05-17 09:59:00+00:00,2026-05-17 11:14:00+00:00,BUY,78249.33,,,78357.58,TRANSITION,0.0013833984265424382,3.8338986417252435e-06,0.004481316325647817,75,4
2026-05-17 11:14:00+00:00,2026-05-17 11:44:00+00:00,SELL,78357.58,,,78411.25,TRANSITION,-0.0006849369263318017,0.0009976061026897238,0.0008752184536582389,30,1
2026-05-17 11:44:00+00:00,2026-05-17 12:59:00+00:00,BUY,78411.25,,,78364.83,TRANSITION,-0.0005920068867668639,0.0009877409172790524,0.0017695164915748696,75,5
2026-05-17 12:59:00+00:00,2026-05-17 16:29:00+00:00,SELL,78364.83,,,78141.36,TRANSITION,0.0028516618998599393,0.0,0.006569656311383586,210,3
2026-05-17 16:29:00+00:00,2026-05-17 16:59:00+00:00,BUY,78141.36,,,78034.36,TRANSITION,-0.0013693132548499283,0.0014861527877170894,0.0006692998432584602,30,1
2026-05-17 16:59:00+00:00,2026-05-17 17:44:00+00:00,SELL,78034.36,,,78049.99,TRANSITION,-0.00020029638226038703,0.0002747507636379965,0.0022768175455017284,45,1
2026-05-17 17:44:00+00:00,2026-05-17 19:29:00+00:00,BUY,78049.99,,,78228.18,TRANSITION,0.002283023995262367,0.00045688666968443544,0.0032032034853559203,105,1
2026-05-17 19:29:00+00:00,2026-05-17 19:44:00+00:00,SELL,78228.18,,,78383.93,TRANSITION,-0.0019909705172739545,0.0024561481553068724,0.00023290839694834538,15,2
2026-05-17 19:44:00+00:00,2026-05-17 22:14:00+00:00,BUY,78383.93,,,78117.01,TRANSITION,-0.003405289834281061,0.005535956158360432,0.001294015240113727,150,3
2026-05-17 22:14:00+00:00,2026-05-17 23:59:00+00:00,SELL,78117.01,,,77457.67,SESSION_RESET,0.008440415218145146,0.00037251809817101067,0.01768948913943316,105,1
2026-05-18 00:29:00+00:00,2026-05-18 00:59:00+00:00,SELL,77152.52,,,77209.95,TRANSITION,-0.0007443697237626589,0.0009564172369223143,0.0025212397469324926,30,2
2026-05-18 00:59:00+00:00,2026-05-18 01:29:00+00:00,BUY,77209.95,,,76900.0,TRANSITION,-0.004014378975766687,0.004712086978426905,0.0010567290873779416,30,3
2026-05-18 01:29:00+00:00,2026-05-18 01:59:00+00:00,SELL,76900.0,,,77109.22,TRANSITION,-0.0027206762028608735,0.0033851755526658907,0.0020162548764629767,30,9
2026-05-18 01:59:00+00:00,2026-05-18 02:29:00+00:00,BUY,77109.22,,,77039.18,TRANSITION,-0.0009083219879543348,0.0019218194659471634,0.001462989769576163,30,1
2026-05-18 02:29:00+00:00,2026-05-18 03:29:00+00:00,SELL,77039.18,,,76963.01,TRANSITION,0.0009887176888434984,0.00013343859579000437,0.004303913930547969,60,10
2026-05-18 03:29:00+00:00,2026-05-18 03:59:00+00:00,BUY,76963.01,,,76924.65,TRANSITION,-0.0004984212545741205,0.001895326079372355,0.0008758753068519993,30,3
2026-05-18 03:59:00+00:00,2026-05-18 04:14:00+00:00,SELL,76924.65,,,77028.72,TRANSITION,-0.0013528823335563697,0.001468579967539679,0.0,15,8
2026-05-18 04:14:00+00:00,2026-05-18 04:29:00+00:00,BUY,77028.72,,,76817.04,TRANSITION,-0.002748065916193435,0.003332653067583187,6.672835794232876e-05,15,1
2026-05-18 04:29:00+00:00,2026-05-18 04:44:00+00:00,SELL,76817.04,,,76999.99,TRANSITION,-0.002381633033504176,0.002381763212953876,0.000468385660264909,15,9
2026-05-18 04:44:00+00:00,2026-05-18 05:29:00+00:00,BUY,76999.99,,,77027.03,TRANSITION,0.0003511688767750956,0.0011207793663350204,0.0010511689676841226,45,1
2026-05-18 05:29:00+00:00,2026-05-18 06:44:00+00:00,SELL,77027.03,,,76825.25,TRANSITION,0.0026195998988926203,0.00044997191245726975,0.005760315567145677,75,1
2026-05-18 06:44:00+00:00,2026-05-18 08:29:00+00:00,BUY,76825.25,,,76980.54,TRANSITION,0.0020213406399587843,0.0006992492702594676,0.004642093582513622,105,1
2026-05-18 08:29:00+00:00,2026-05-18 08:59:00+00:00,SELL,76980.54,,,77040.42,TRANSITION,-0.0007778589238267835,0.0007779888267866064,0.001171724698215901,30,2
2026-05-18 08:59:00+00:00,2026-05-18 09:59:00+00:00,BUY,77040.42,,,76933.16,TRANSITION,-0.0013922561689045149,0.002119017523528558,0.00010020713801925229,60,1
2026-05-18 09:59:00+00:00,2026-05-18 11:44:00+00:00,SELL,76933.16,,,77356.01,TRANSITION,-0.005496329541123636,0.006113358660946625,0.003439089204187138,105,8
2026-05-18 11:44:00+00:00,2026-05-18 13:29:00+00:00,BUY,77356.01,,,77280.91,TRANSITION,-0.0009708360087340501,0.001898236478329176,0.00573956697094389,105,5
2026-05-18 13:29:00+00:00,2026-05-18 16:14:00+00:00,SELL,77280.91,,,76509.23,TRANSITION,0.00998538966479571,9.05786435485814e-05,0.015914797069548008,165,1
2026-05-18 16:14:00+00:00,2026-05-18 16:29:00+00:00,BUY,76509.23,,,76278.34,TRANSITION,-0.003017805825519345,0.0038064688404261283,0.002044851320553051,15,5
2026-05-18 16:29:00+00:00,2026-05-18 17:29:00+00:00,SELL,76278.34,,,76666.0,TRANSITION,-0.0050821766703366055,0.005477046301741738,0.0005584809527841228,60,2
2026-05-18 17:29:00+00:00,2026-05-18 18:14:00+00:00,BUY,76666.0,,,76438.0,TRANSITION,-0.0029739389038165548,0.0029985912920981847,0.0011897059974435395,45,2
2026-05-18 18:14:00+00:00,2026-05-18 19:14:00+00:00,SELL,76438.0,,,76619.76,TRANSITION,-0.002377874878986823,0.006301577749286912,0.0038431146811794496,60,3
2026-05-18 19:14:00+00:00,2026-05-18 20:44:00+00:00,BUY,76619.76,,,76966.21,TRANSITION,0.004521679524968646,0.0009103395781975825,0.007339882035652483,90,1
2026-05-18 20:44:00+00:00,2026-05-18 21:14:00+00:00,SELL,76966.21,,,76917.76,TRANSITION,0.0006294970221349295,0.001064103325342305,0.0021595190928591444,30,1
2026-05-18 21:14:00+00:00,2026-05-18 22:44:00+00:00,BUY,76917.76,,,77046.71,TRANSITION,0.001676465877321592,0.0,0.00396566410670304,90,3
2026-05-18 22:44:00+00:00,2026-05-18 22:59:00+00:00,SELL,77046.71,,,77078.22,TRANSITION,-0.00040897268682848055,0.0004305180584608772,0.0014214753621537386,15,3
2026-05-18 22:59:00+00:00,2026-05-18 23:29:00+00:00,BUY,77078.22,,,77033.77,TRANSITION,-0.0005766869032522687,0.0006645197566835504,0.0010712494398546365,30,1
2026-05-18 23:29:00+00:00,2026-05-18 23:44:00+00:00,SELL,77033.77,,,77118.54,TRANSITION,-0.0011004264752976457,0.0011004264752976457,0.0005162670864999087,15,2
2026-05-18 23:44:00+00:00,2026-05-18 23:59:00+00:00,BUY,77118.54,,,77001.87,SESSION_RESET,-0.0015128657778012689,0.002201027146001347,0.0,15,3
2026-05-19 00:59:00+00:00,2026-05-19 02:14:00+00:00,SELL,77140.87,,,76720.6,TRANSITION,0.005448084783072703,0.0001987273412913511,0.008465551399666527,75,2
2026-05-19 02:14:00+00:00,2026-05-19 02:59:00+00:00,BUY,76720.6,,,76617.47,TRANSITION,-0.0013442282776725501,0.0014564536773696403,0.0036069843040851595,45,1
2026-05-19 02:59:00+00:00,2026-05-19 03:14:00+00:00,SELL,76617.47,,,76772.15,TRANSITION,-0.0020188607115321482,0.0020188607115321482,0.00040930612822376647,15,6
2026-05-19 03:14:00+00:00,2026-05-19 04:29:00+00:00,BUY,76772.15,,,76735.79,TRANSITION,-0.00047360924501919753,0.0010227667194417445,0.002235185545800213,75,3
2026-05-19 04:29:00+00:00,2026-05-19 04:59:00+00:00,SELL,76735.79,,,76927.25,TRANSITION,-0.002495054784736124,0.002609082411219151,-1.3031728753054117e-07,30,1
2026-05-19 04:59:00+00:00,2026-05-19 05:14:00+00:00,BUY,76927.25,,,76859.85,TRANSITION,-0.0008761524687284958,0.0010962305294937977,0.00018744983084665386,15,10
2026-05-19 05:14:00+00:00,2026-05-19 06:14:00+00:00,SELL,76859.85,,,76991.8,TRANSITION,-0.00171676109177935,0.002014966201469237,0.002795607849872331,60,3
2026-05-19 06:14:00+00:00,2026-05-19 08:14:00+00:00,BUY,76991.8,,,77108.43,TRANSITION,0.0015148366449412808,0.0006607197130085268,0.003724682368771792,120,15
2026-05-19 08:14:00+00:00,2026-05-19 08:44:00+00:00,SELL,77108.43,,,77186.0,TRANSITION,-0.001005985986227537,0.0027051516935309287,0.0017568766475985391,30,9
2026-05-19 08:44:00+00:00,2026-05-19 08:59:00+00:00,BUY,77186.0,,,77048.71,TRANSITION,-0.0017786904360893633,0.0018656232995620968,0.0003460472106341358,15,5
2026-05-19 08:59:00+00:00,2026-05-19 10:29:00+00:00,SELL,77048.71,,,76837.54,TRANSITION,0.0027407337514153422,0.0003288828586487237,0.004405265188735967,90,1
2026-05-19 10:29:00+00:00,2026-05-19 10:44:00+00:00,BUY,76837.54,,,76752.93,TRANSITION,-0.0011011544617383715,0.001139286864207178,0.0018474042766076536,15,2
2026-05-19 10:44:00+00:00,2026-05-19 10:59:00+00:00,SELL,76752.93,,,77041.87,TRANSITION,-0.0037645468387982367,0.00457363647224944,0.0006375000928302414,15,1
2026-05-19 10:59:00+00:00,2026-05-19 11:29:00+00:00,BUY,77041.87,,,76885.34,TRANSITION,-0.0020317523445367936,0.0024904639516148213,0.00044988523772856884,30,3
2026-05-19 11:29:00+00:00,2026-05-19 12:14:00+00:00,SELL,76885.34,,,76786.88,TRANSITION,0.0012806082407906612,0.0001428100597592529,0.0032712348023692783,45,10
2026-05-19 12:14:00+00:00,2026-05-19 13:14:00+00:00,BUY,76786.88,,,76824.33,TRANSITION,0.00048771352606066413,0.00045111873278350957,0.002552649619309897,60,5
2026-05-19 13:14:00+00:00,2026-05-19 15:14:00+00:00,SELL,76824.33,,,76590.89,TRANSITION,0.003038620707788826,0.0029208194851813147,0.008846416232982381,120,15
2026-05-19 15:14:00+00:00,2026-05-19 15:44:00+00:00,BUY,76590.89,,,76485.79,TRANSITION,-0.0013722258613264036,0.0022925703043794963,0.0011080952316913323,30,1
2026-05-19 15:44:00+00:00,2026-05-19 16:29:00+00:00,SELL,76485.79,,,76612.0,TRANSITION,-0.0016501104322777657,0.0016501104322777657,0.0010207124748269245,45,5
2026-05-19 16:29:00+00:00,2026-05-19 17:29:00+00:00,BUY,76612.0,,,76879.99,TRANSITION,0.003498015976609477,1.3052785457580158e-07,0.005265624184200954,60,2
2026-05-19 17:29:00+00:00,2026-05-19 18:14:00+00:00,SELL,76879.99,,,76919.16,TRANSITION,-0.0005094953836492207,0.0017180023046309155,0.0015686786639801309,45,2
2026-05-19 18:14:00+00:00,2026-05-19 18:29:00+00:00,BUY,76919.16,,,76773.9,TRANSITION,-0.0018884761612062496,0.0019879312254580455,0.00036453856230350923,15,15
2026-05-19 18:29:00+00:00,2026-05-19 18:44:00+00:00,SELL,76773.9,,,76851.09,TRANSITION,-0.0010054198106388022,0.0011806095561121609,0.0003790350626969748,15,2
2026-05-19 18:44:00+00:00,2026-05-19 20:44:00+00:00,BUY,76851.09,,,76934.51,TRANSITION,0.0010854758208373916,0.001118396629117389,0.0027938445635579978,120,1
2026-05-19 20:44:00+00:00,2026-05-19 20:59:00+00:00,SELL,76934.51,,,77022.23,TRANSITION,-0.001140190533481024,0.0013742857399106133,0.0,15,3
2026-05-19 20:59:00+00:00,2026-05-19 21:29:00+00:00,BUY,77022.23,,,76997.91,TRANSITION,-0.00031575299754359794,0.00062929884008813,0.00024148872345043532,30,2
2026-05-19 21:29:00+00:00,2026-05-19 23:14:00+00:00,SELL,76997.91,,,76810.72,TRANSITION,0.002431104948173299,0.0005494954343565646,0.004609995258312938,105,3
2026-05-19 23:14:00+00:00,2026-05-19 23:59:00+00:00,BUY,76810.72,,,76834.36,TRANSITION,0.0003077695405016307,5.4810057762853974e-05,0.002204770375801787,45,1
2026-05-19 23:59:00+00:00,2026-05-19 23:59:00+00:00,SELL,76834.36,,,76834.36,SESSION_RESET,0.0,0.0,0.0,0,6
2026-05-20 00:29:00+00:00,2026-05-20 01:29:00+00:00,BUY,76695.27,,,76578.3,TRANSITION,-0.0015251266473147714,0.0017376560510185839,0.0028918341378809096,60,2
2026-05-20 01:29:00+00:00,2026-05-20 01:59:00+00:00,SELL,76578.3,,,76820.98,TRANSITION,-0.003169043971986751,0.0044942235594157024,0.0005446712711042998,30,1
2026-05-20 01:59:00+00:00,2026-05-20 02:29:00+00:00,BUY,76820.98,,,76775.35,TRANSITION,-0.0005939783637229063,0.0008591403025579731,0.0011538514608899733,30,10
2026-05-20 02:29:00+00:00,2026-05-20 02:59:00+00:00,SELL,76775.35,,,76690.42,TRANSITION,0.001106214429501234,1.3025013881097657e-07,0.0022839361852470333,30,1
2026-05-20 02:59:00+00:00,2026-05-20 03:59:00+00:00,BUY,76690.42,,,76723.54,TRANSITION,0.00043186619658616216,0.0011139592142016307,0.001814959417356201,60,3
2026-05-20 03:59:00+00:00,2026-05-20 04:14:00+00:00,SELL,76723.54,,,76825.73,TRANSITION,-0.0013319249867772308,0.001476469933478218,-1.3033809453152483e-07,15,1
2026-05-20 04:14:00+00:00,2026-05-20 04:44:00+00:00,BUY,76825.73,,,76738.98,TRANSITION,-0.0011291789873002184,0.0017406928642265545,1.3016472488205742e-07,30,1
2026-05-20 04:44:00+00:00,2026-05-20 05:14:00+00:00,SELL,76738.98,,,77230.0,TRANSITION,-0.0063985734498947485,0.007012081734732542,0.0,30,15
2026-05-20 05:14:00+00:00,2026-05-20 07:59:00+00:00,BUY,77230.0,,,77282.64,TRANSITION,0.000681600414346749,0.0012948336138806163,0.0031362164961803237,165,5
2026-05-20 07:59:00+00:00,2026-05-20 08:29:00+00:00,SELL,77282.64,,,77282.19,TRANSITION,5.8227824514934995e-06,0.0006375299808599198,0.0009356564423782323,30,12
2026-05-20 08:29:00+00:00,2026-05-20 10:59:00+00:00,BUY,77282.19,,,77517.45,TRANSITION,0.00304416839119071,-1.2939591896608144e-07,0.0049275259927286956,150,2
2026-05-20 10:59:00+00:00,2026-05-20 12:14:00+00:00,SELL,77517.45,,,77445.74,TRANSITION,0.0009250820299170297,0.0006663015875781355,0.002441385778298951,75,2
2026-05-20 12:14:00+00:00,2026-05-20 13:14:00+00:00,BUY,77445.74,,,77466.07,TRANSITION,0.000262506368975256,0.0008968860004437481,0.003903507152233262,60,15
2026-05-20 13:14:00+00:00,2026-05-20 14:29:00+00:00,SELL,77466.07,,,77412.9,TRANSITION,0.0006863650111592443,0.0013969987118229517,0.007415633709054898,75,3
2026-05-20 14:29:00+00:00,2026-05-20 15:14:00+00:00,BUY,77412.9,,,77322.0,TRANSITION,-0.001174222900834282,0.0017068214729068427,0.0018675182043303765,45,15
2026-05-20 15:14:00+00:00,2026-05-20 15:29:00+00:00,SELL,77322.0,,,77553.46,TRANSITION,-0.002993455937508166,0.006867903054757942,0.0,15,5
2026-05-20 15:29:00+00:00,2026-05-20 15:59:00+00:00,BUY,77553.46,,,77455.46,TRANSITION,-0.001263644458931942,0.0023086010604814813,0.0011288986977497633,30,5
2026-05-20 15:59:00+00:00,2026-05-20 16:44:00+00:00,SELL,77455.46,,,77337.7,TRANSITION,0.0015203576352139578,0.0013109469622928271,0.00564298501358073,45,3
2026-05-20 16:44:00+00:00,2026-05-20 18:14:00+00:00,BUY,77337.7,,,77480.44,TRANSITION,0.0018456716452649256,0.0013814737185098148,0.004861277229604791,90,3
2026-05-20 18:14:00+00:00,2026-05-20 18:29:00+00:00,SELL,77480.44,,,77516.16,TRANSITION,-0.0004610195812001218,0.0019886309370468437,0.0004732807402745551,15,1
2026-05-20 18:29:00+00:00,2026-05-20 18:59:00+00:00,BUY,77516.16,,,77415.09,TRANSITION,-0.0013038571570109638,0.0015161999768822246,0.0005271158942857925,30,2
2026-05-20 18:59:00+00:00,2026-05-20 19:29:00+00:00,SELL,77415.09,,,77562.71,TRANSITION,-0.0019068633776697787,0.0019069925514522384,0.0008316208119113484,30,2
2026-05-20 19:29:00+00:00,2026-05-20 21:29:00+00:00,BUY,77562.71,,,77615.51,TRANSITION,0.0006807394945327253,0.0011154844899050596,0.0026287116579603704,120,1
2026-05-20 21:29:00+00:00,2026-05-20 22:29:00+00:00,SELL,77615.51,,,77434.01,TRANSITION,0.0023384501370924448,0.0005772042211666575,0.0050105964645467665,60,2
2026-05-20 22:29:00+00:00,2026-05-20 23:29:00+00:00,BUY,77434.01,,,77394.19,TRANSITION,-0.000514244322359031,0.0007060205199239748,0.0009127772150765222,60,2
2026-05-20 23:29:00+00:00,2026-05-20 23:44:00+00:00,SELL,77394.19,,,77485.69,TRANSITION,-0.0011822592884556322,0.0012287744080013146,1.2920866552532206e-07,15,1
2026-05-20 23:44:00+00:00,2026-05-20 23:59:00+00:00,BUY,77485.69,,,77552.23,SESSION_RESET,0.0008587392072006276,0.00034445069792889924,0.0009504980855173927,15,15
2026-05-21 01:29:00+00:00,2026-05-21 01:44:00+00:00,SELL,77877.0,,,77894.86,TRANSITION,-0.00022933600421177732,0.0012581378327361857,0.0007319234176971378,15,2
2026-05-21 01:44:00+00:00,2026-05-21 02:59:00+00:00,BUY,77894.86,,,77955.78,TRANSITION,0.0007820798445494126,0.0012177953718640817,0.002633549890198139,75,3
2026-05-21 02:59:00+00:00,2026-05-21 03:14:00+00:00,SELL,77955.78,,,77959.68,TRANSITION,-5.002836223297592e-05,0.0008173864721769338,0.00034994197992757993,15,2
2026-05-21 03:14:00+00:00,2026-05-21 04:14:00+00:00,BUY,77959.68,,,77977.76,TRANSITION,0.0002319147538830553,0.0006629067743735353,0.002826204520080146,60,195
2026-05-21 04:14:00+00:00,2026-05-21 04:29:00+00:00,SELL,77977.76,,,78026.32,TRANSITION,-0.0006227416637771106,0.0006700628486891648,0.00015901969997591853,15,3
2026-05-21 04:29:00+00:00,2026-05-21 05:14:00+00:00,BUY,78026.32,,,77912.54,TRANSITION,-0.0014582258909559412,0.001730313565986571,0.0015475547225602846,45,2
2026-05-21 05:14:00+00:00,2026-05-21 07:44:00+00:00,SELL,77912.54,,,77720.25,TRANSITION,0.0024680237610016772,0.0004521736808992555,0.005025378456407577,150,1
2026-05-21 07:44:00+00:00,2026-05-21 09:44:00+00:00,BUY,77720.25,,,77690.41,TRANSITION,-0.0003839411221656712,0.0005784850151666574,0.006172779938304367,120,3
2026-05-21 09:44:00+00:00,2026-05-21 13:29:00+00:00,SELL,77690.41,,,77303.73,TRANSITION,0.004977190878513932,0.00025215467391659417,0.007847686735080975,225,9
2026-05-21 13:29:00+00:00,2026-05-21 13:44:00+00:00,BUY,77303.73,,,76756.6,TRANSITION,-0.007077666239390908,0.0075579794144473335,0.00015096296129563547,15,2
2026-05-21 13:44:00+00:00,2026-05-21 15:14:00+00:00,SELL,76756.6,,,77152.94,TRANSITION,-0.005163595052412385,0.006308512883582664,0.00013184533968427334,90,1
2026-05-21 15:14:00+00:00,2026-05-21 16:29:00+00:00,BUY,77152.94,,,77182.01,TRANSITION,0.00037678408625766476,0.0010779887325097172,0.0032296889787996803,75,3
2026-05-21 16:29:00+00:00,2026-05-21 16:59:00+00:00,SELL,77182.01,,,77207.93,TRANSITION,-0.0003358295540631587,0.0013665101491915172,0.0022448236318281262,30,3
2026-05-21 16:59:00+00:00,2026-05-21 18:59:00+00:00,BUY,77207.93,,,77387.74,TRANSITION,0.0023289058520285706,0.0003380481771754698,0.011530292289924242,120,1
2026-05-21 18:59:00+00:00,2026-05-21 19:14:00+00:00,SELL,77387.74,,,77540.01,TRANSITION,-0.0019676243291248652,0.002663470983905142,0.00028131070890562344,15,1
2026-05-21 19:14:00+00:00,2026-05-21 21:44:00+00:00,BUY,77540.01,,,77722.12,TRANSITION,0.00234859397103509,0.00026205825869757347,0.003525147855926393,150,7
2026-05-21 21:44:00+00:00,2026-05-21 22:29:00+00:00,SELL,77722.12,,,77698.95,TRANSITION,0.00029811332989885316,0.0003665623119905278,0.0015712386641022575,45,5
2026-05-21 22:29:00+00:00,2026-05-21 22:59:00+00:00,BUY,77698.95,,,77628.0,TRANSITION,-0.0009131397528537656,0.0018484162269888505,0.0002245847595108697,30,1
2026-05-21 22:59:00+00:00,2026-05-21 23:29:00+00:00,SELL,77628.0,,,77655.11,TRANSITION,-0.00034922965940125446,0.0011495852012161235,0.001205364043901775,30,60
2026-05-21 23:29:00+00:00,2026-05-21 23:59:00+00:00,BUY,77655.11,,,77615.52,TRANSITION,-0.0005098183493655022,0.0007208797978651492,0.0011625764228522608,30,3
2026-05-21 23:59:00+00:00,2026-05-21 23:59:00+00:00,SELL,77615.52,,,77615.52,SESSION_RESET,0.0,0.0,0.0,0,4
2026-05-22 01:14:00+00:00,2026-05-22 02:44:00+00:00,BUY,77514.01,,,77631.05,TRANSITION,0.001509920593709552,0.0020299556170554366,0.002760791242770178,90,1
2026-05-22 02:44:00+00:00,2026-05-22 02:59:00+00:00,SELL,77631.05,,,77673.36,TRANSITION,-0.0005450138829759184,0.0009493624007403878,0.00048807790181891675,15,1
2026-05-22 02:59:00+00:00,2026-05-22 04:44:00+00:00,BUY,77673.36,,,77692.58,TRANSITION,0.0002474464861569161,0.0,0.0029178601260457823,105,1
2026-05-22 04:44:00+00:00,2026-05-22 07:29:00+00:00,SELL,77692.58,,,77509.05,TRANSITION,0.0023622590471316417,0.00043015690816289347,0.005197536238338303,165,5
2026-05-22 07:29:00+00:00,2026-05-22 07:59:00+00:00,BUY,77509.05,,,77408.06,TRANSITION,-0.0013029446238859235,0.001406932480787765,0.0004429160207743708,30,2
2026-05-22 07:59:00+00:00,2026-05-22 08:29:00+00:00,SELL,77408.06,,,77490.56,TRANSITION,-0.001065780488491767,0.0016398809116260288,0.0005185506522188958,30,1
2026-05-22 08:29:00+00:00,2026-05-22 08:44:00+00:00,BUY,77490.56,,,77324.41,TRANSITION,-0.0021441321368692416,0.0035431412548831455,6.349160465478961e-05,15,15
2026-05-22 08:44:00+00:00,2026-05-22 09:44:00+00:00,SELL,77324.41,,,77315.9,TRANSITION,0.000110055802559752,0.00042703203296332325,0.0016089356517560687,60,15
2026-05-22 09:44:00+00:00,2026-05-22 10:14:00+00:00,BUY,77315.9,,,77315.25,TRANSITION,-8.407067627670107e-06,0.0007206797049507432,0.0005703872036671089,30,3
2026-05-22 10:14:00+00:00,2026-05-22 10:29:00+00:00,SELL,77315.25,,,77347.24,TRANSITION,-0.00041376054529999244,0.0004516573379766379,0.0006922308341498485,15,3
2026-05-22 10:29:00+00:00,2026-05-22 10:59:00+00:00,BUY,77347.24,,,77312.0,TRANSITION,-0.0004556077243351571,0.0008317038849738109,0.00020388574951077146,30,2
2026-05-22 10:59:00+00:00,2026-05-22 11:29:00+00:00,SELL,77312.0,,,77315.24,TRANSITION,-4.190811258284922e-05,0.0006208609271523179,0.0016498085678808324,30,2
2026-05-22 11:29:00+00:00,2026-05-22 13:29:00+00:00,BUY,77315.24,,,77306.59,TRANSITION,-0.00011187962425013142,0.00014369741334309486,0.00348831614569129,120,3
2026-05-22 13:29:00+00:00,2026-05-22 15:29:00+00:00,SELL,77306.59,,,76912.96,TRANSITION,0.005091803945821309,0.0008380915520915895,0.009528165710064259,120,1
2026-05-22 15:29:00+00:00,2026-05-22 15:44:00+00:00,BUY,76912.96,,,76719.99,TRANSITION,-0.00250893997578563,0.003457934787583346,0.0015300412310226131,15,1
2026-05-22 15:44:00+00:00,2026-05-22 16:29:00+00:00,SELL,76719.99,,,76938.67,TRANSITION,-0.002850365335031887,0.0029698908980565725,0.000718326475277181,45,7
2026-05-22 16:29:00+00:00,2026-05-22 17:59:00+00:00,BUY,76938.67,,,76750.0,TRANSITION,-0.002452212911920602,0.002452212911920602,0.0020152414903975195,90,1
2026-05-22 17:59:00+00:00,2026-05-22 23:14:00+00:00,SELL,76750.0,,,75855.76,TRANSITION,0.011651335504886062,0.0019283387622149838,0.015527296416938126,315,1
2026-05-22 23:14:00+00:00,2026-05-22 23:29:00+00:00,BUY,75855.76,,,75681.93,TRANSITION,-0.0022915860311728702,0.0022915860311728702,8.674357754772672e-05,15,1
2026-05-22 23:29:00+00:00,2026-05-22 23:59:00+00:00,SELL,75681.93,,,75539.5,SESSION_RESET,0.0018819551774114777,0.0016907602647026367,0.004264558263775779,30,2
2026-05-23 00:29:00+00:00,2026-05-23 00:44:00+00:00,BUY,75486.11,,,75283.02,TRANSITION,-0.0026904287424533665,0.003525284320519372,0.00011565041568569271,15,5
2026-05-23 00:44:00+00:00,2026-05-23 01:29:00+00:00,SELL,75283.02,,,75468.0,TRANSITION,-0.002457127782599528,0.0028821904328492124,1.328320783267359e-07,45,9
2026-05-23 01:29:00+00:00,2026-05-23 02:29:00+00:00,BUY,75468.0,,,75473.06,TRANSITION,6.704828536595209e-05,0.0015635766152541474,0.0009835956961890592,60,2
2026-05-23 02:29:00+00:00,2026-05-23 02:44:00+00:00,SELL,75473.06,,,75494.95,TRANSITION,-0.0002900372662775223,0.0006219437770245745,0.00011381544620022704,15,2
2026-05-23 02:44:00+00:00,2026-05-23 04:29:00+00:00,BUY,75494.95,,,75588.0,TRANSITION,0.0012325327720596267,1.3245919090960802e-07,0.0022474350933406576,105,3
2026-05-23 04:29:00+00:00,2026-05-23 05:44:00+00:00,SELL,75588.0,,,75519.78,TRANSITION,0.0009025242101921094,0.000828570672593595,0.0015482616288299577,75,15
2026-05-23 05:44:00+00:00,2026-05-23 05:59:00+00:00,BUY,75519.78,,,75482.68,TRANSITION,-0.0004912620243333047,0.0006606216278702006,8.871847878790285e-05,15,1
2026-05-23 05:59:00+00:00,2026-05-23 08:59:00+00:00,SELL,75482.68,,,74684.3,TRANSITION,0.01057699594132045,0.00024389701054604174,0.015806010067474913,180,10
2026-05-23 08:59:00+00:00,2026-05-23 09:59:00+00:00,BUY,74684.3,,,74656.91,TRANSITION,-0.0003667437466776741,0.0008007037623704434,0.0009125077158116789,60,4
2026-05-23 09:59:00+00:00,2026-05-23 11:29:00+00:00,SELL,74656.91,,,74853.96,TRANSITION,-0.0026394073904211,0.0029018077496108454,0.0,90,1
2026-05-23 11:29:00+00:00,2026-05-23 11:59:00+00:00,BUY,74853.96,,,74789.99,TRANSITION,-0.0008545974054011459,0.0009881908719325092,0.0,30,2
2026-05-23 11:59:00+00:00,2026-05-23 12:59:00+00:00,SELL,74789.99,,,74753.93,TRANSITION,0.0004821500845235067,0.0001125819110284445,0.001737398280170947,60,2
2026-05-23 12:59:00+00:00,2026-05-23 16:44:00+00:00,BUY,74753.93,,,75500.0,TRANSITION,0.009980344846083771,0.0,0.013007610435999952,225,2
2026-05-23 16:44:00+00:00,2026-05-23 17:14:00+00:00,SELL,75500.0,,,75454.67,TRANSITION,0.0006003973509934006,0.0005296688741722548,0.001063576158940436,30,1
2026-05-23 17:14:00+00:00,2026-05-23 22:29:00+00:00,BUY,75454.67,,,76545.28,TRANSITION,0.01445384361233043,0.001099335534831669,0.025836836871727022,315,1
2026-05-23 22:29:00+00:00,2026-05-23 22:44:00+00:00,SELL,76545.28,,,76550.0,TRANSITION,-6.16628484473656e-05,0.0007074244159795899,0.001949434374007139,15,2
2026-05-23 22:44:00+00:00,2026-05-23 23:59:00+00:00,BUY,76550.0,,,76752.01,SESSION_RESET,0.0026389288047027402,0.0006655780535597269,0.0035532331809274985,75,5
2026-05-24 02:29:00+00:00,2026-05-24 02:44:00+00:00,SELL,76752.82,,,76825.78,TRANSITION,-0.000950583965514125,0.001292721231610599,0.0,15,1
2026-05-24 02:44:00+00:00,2026-05-24 03:44:00+00:00,BUY,76825.78,,,76757.39,TRANSITION,-0.0008901959732787538,0.0011360769783267913,0.0024189796706261426,60,11
2026-05-24 03:44:00+00:00,2026-05-24 04:14:00+00:00,SELL,76757.39,,,76842.44,TRANSITION,-0.0011080366333457,0.0013141405667909676,9.627737472573544e-05,30,3
2026-05-24 04:14:00+00:00,2026-05-24 05:14:00+00:00,BUY,76842.44,,,76742.5,TRANSITION,-0.0013005833755409422,0.0014632538997981107,2.9280694366290293e-05,60,3
2026-05-24 05:14:00+00:00,2026-05-24 05:59:00+00:00,SELL,76742.5,,,76822.23,TRANSITION,-0.0010389288855587964,0.0015542886927061125,0.0011846108740268234,45,9
2026-05-24 05:59:00+00:00,2026-05-24 06:29:00+00:00,BUY,76822.23,,,76743.0,TRANSITION,-0.001031342099806214,0.001382542527078319,0.0005148249406454735,30,9
2026-05-24 06:29:00+00:00,2026-05-24 06:44:00+00:00,SELL,76743.0,,,76816.63,TRANSITION,-0.0009594360397691601,0.0009594360397691601,0.00011440782872703485,15,5
2026-05-24 06:44:00+00:00,2026-05-24 07:59:00+00:00,BUY,76816.63,,,76799.99,TRANSITION,-0.00021661976059089572,0.00039613817997492947,0.0032455211846705283,75,1
2026-05-24 07:59:00+00:00,2026-05-24 08:59:00+00:00,SELL,76799.99,,,76830.69,TRANSITION,-0.0003997396353827271,0.0008044271880764416,0.0008537761528355274,60,2
2026-05-24 08:59:00+00:00,2026-05-24 10:14:00+00:00,BUY,76830.69,,,76946.22,TRANSITION,0.0015036959839876335,0.00011492803201431285,0.002811116234931587,75,1
2026-05-24 10:14:00+00:00,2026-05-24 10:29:00+00:00,SELL,76946.22,,,77240.0,TRANSITION,-0.003817991319131711,0.007757756001529289,1.2996089989555445e-07,15,5
2026-05-24 10:29:00+00:00,2026-05-24 12:14:00+00:00,BUY,77240.0,,,77215.99,TRANSITION,-0.000310849300880305,0.0019981874676333056,0.0015098394614188936,105,3
2026-05-24 12:14:00+00:00,2026-05-24 12:44:00+00:00,SELL,77215.99,,,77127.09,TRANSITION,0.0011513159385770839,1.2950685466522296e-07,0.0022179343941586362,30,5
2026-05-24 12:44:00+00:00,2026-05-24 13:14:00+00:00,BUY,77127.09,,,77047.68,TRANSITION,-0.0010295993275514933,0.0014715970743872226,5.964181975573081e-06,30,3
2026-05-24 13:14:00+00:00,2026-05-24 16:14:00+00:00,SELL,77047.68,,,76605.77,TRANSITION,0.005735539343948955,0.0009601846544894082,0.011062240939636243,180,3
2026-05-24 16:14:00+00:00,2026-05-24 16:44:00+00:00,BUY,76605.77,,,76518.64,TRANSITION,-0.0011373816880896133,0.0021694188309836493,0.0016778109534046695,30,13
2026-05-24 16:44:00+00:00,2026-05-24 16:59:00+00:00,SELL,76518.64,,,76671.7,TRANSITION,-0.0020002969211161837,0.0023701414452739957,1.3068711094135116e-07,15,15
2026-05-24 16:59:00+00:00,2026-05-24 17:29:00+00:00,BUY,76671.7,,,76615.25,TRANSITION,-0.0007362560110183691,0.0013766487504516388,0.0008090338416912478,30,2
2026-05-24 17:29:00+00:00,2026-05-24 18:14:00+00:00,SELL,76615.25,,,76737.46,TRANSITION,-0.001595113244425965,0.0024112692969089737,0.0002603920237811283,45,2
2026-05-24 18:14:00+00:00,2026-05-24 18:29:00+00:00,BUY,76737.46,,,76680.47,TRANSITION,-0.0007426620584002289,0.0007894449464446926,0.0006587395517129229,15,3
2026-05-24 18:29:00+00:00,2026-05-24 19:59:00+00:00,SELL,76680.47,,,76773.34,TRANSITION,-0.001211129770070467,0.0013437580651239304,0.0011015842756310853,90,5
2026-05-24 19:59:00+00:00,2026-05-24 20:14:00+00:00,BUY,76773.34,,,76688.94,TRANSITION,-0.0010993399531659582,0.0014796803161096193,0.00029749910580934095,15,5
2026-05-24 20:14:00+00:00,2026-05-24 21:14:00+00:00,SELL,76688.94,,,76723.46,TRANSITION,-0.000450130096986659,0.0007716888510910832,0.001207084098437232,60,3
2026-05-24 21:14:00+00:00,2026-05-24 21:29:00+00:00,BUY,76723.46,,,76534.65,TRANSITION,-0.0024609161265669224,0.003209187906801924,0.00019954783061136282,15,3
2026-05-24 21:29:00+00:00,2026-05-24 22:14:00+00:00,SELL,76534.65,,,76984.71,TRANSITION,-0.00588047374620531,0.006237174926650878,0.005574599217478543,45,1
2026-05-24 22:14:00+00:00,2026-05-24 23:59:00+00:00,BUY,76984.71,,,77064.96,SESSION_RESET,0.0010424147860010123,0.003998066629074892,0.003133869050100919,105,5
2026-05-25 00:44:00+00:00,2026-05-25 01:14:00+00:00,SELL,77124.7,,,77179.41,TRANSITION,-0.0007093706685407711,0.002117350213355811,0.0013435384513650664,30,3
2026-05-25 01:14:00+00:00,2026-05-25 01:44:00+00:00,BUY,77179.41,,,77126.66,TRANSITION,-0.0006834724442697864,0.0010134827410575068,0.0008585191309443122,30,1
2026-05-25 01:44:00+00:00,2026-05-25 02:14:00+00:00,SELL,77126.66,,,77403.24,TRANSITION,-0.0035860492338187825,0.004646123662038476,0.002754041209615501,30,15
2026-05-25 02:14:00+00:00,2026-05-25 02:59:00+00:00,BUY,77403.24,,,77108.77,TRANSITION,-0.0038043627114317325,0.004744504235223296,0.0,45,9
2026-05-25 02:59:00+00:00,2026-05-25 04:29:00+00:00,SELL,77108.77,,,77175.44,TRANSITION,-0.0008646227919340206,0.0008646227919340206,0.0015301761394975596,90,4
2026-05-25 04:29:00+00:00,2026-05-25 06:14:00+00:00,BUY,77175.44,,,77332.0,TRANSITION,0.0020286246505364616,0.000527369847194873,0.006149106503312423,105,1
2026-05-25 06:14:00+00:00,2026-05-25 06:44:00+00:00,SELL,77332.0,,,77413.03,TRANSITION,-0.0010478197899963643,0.0012414007138054105,0.0014195934412662137,30,3
2026-05-25 06:44:00+00:00,2026-05-25 07:14:00+00:00,BUY,77413.03,,,77327.07,TRANSITION,-0.0011104073823229998,0.001381550366908479,0.0013818087213483463,30,9
2026-05-25 07:14:00+00:00,2026-05-25 07:44:00+00:00,SELL,77327.07,,,77317.71,TRANSITION,0.00012104428630233347,0.0003608050841703194,0.0018421750623683483,30,3
2026-05-25 07:44:00+00:00,2026-05-25 08:14:00+00:00,BUY,77317.71,,,77293.45,TRANSITION,-0.00031377028626441874,0.00048358907681046704,0.0012770683456609189,30,3
2026-05-25 08:14:00+00:00,2026-05-25 08:44:00+00:00,SELL,77293.45,,,77347.4,TRANSITION,-0.0006979892862848933,0.0012491355994589828,1.2937706875241449e-07,30,5
2026-05-25 08:44:00+00:00,2026-05-25 10:44:00+00:00,BUY,77347.4,,,77516.76,TRANSITION,0.002189601718997673,0.00027576880412253285,0.004558265694774575,120,525
2026-05-25 10:44:00+00:00,2026-05-25 10:59:00+00:00,SELL,77516.76,,,77545.65,TRANSITION,-0.0003726935955527478,0.0005800036018018092,0.0003404425055949116,15,5
2026-05-25 10:59:00+00:00,2026-05-25 11:14:00+00:00,BUY,77545.65,,,77444.0,TRANSITION,-0.001310840775723644,0.0016662443347885002,0.0,15,4
2026-05-25 11:14:00+00:00,2026-05-25 11:44:00+00:00,SELL,77444.0,,,77467.49,TRANSITION,-0.0003033159444244259,0.0009317700531997766,0.0004020969991219387,30,3
2026-05-25 11:44:00+00:00,2026-05-25 11:59:00+00:00,BUY,77467.49,,,77357.5,TRANSITION,-0.0014198213986280597,0.0017318232461127046,0.0003904863833848237,15,15
2026-05-25 11:59:00+00:00,2026-05-25 12:14:00+00:00,SELL,77357.5,,,77365.33,TRANSITION,-0.00010121836925962894,0.00018627799502315216,0.0009178166305788062,15,2
2026-05-25 12:14:00+00:00,2026-05-25 12:44:00+00:00,BUY,77365.33,,,77358.46,TRANSITION,-8.879946611738544e-05,0.0005315042280566158,0.0007177633702331372,30,3
2026-05-25 12:44:00+00:00,2026-05-25 13:44:00+00:00,SELL,77358.46,,,77356.31,TRANSITION,2.779269390844558e-05,0.0011833224187760923,0.0009302150016947907,60,9
2026-05-25 13:44:00+00:00,2026-05-25 15:29:00+00:00,BUY,77356.31,,,77603.0,TRANSITION,0.0031890094033699685,0.0006653626575518037,0.007099744028638471,105,3
2026-05-25 15:29:00+00:00,2026-05-25 15:44:00+00:00,SELL,77603.0,,,77655.5,TRANSITION,-0.0006765202376196797,0.0010323054521088177,0.0003309150419441647,15,1
2026-05-25 15:44:00+00:00,2026-05-25 16:14:00+00:00,BUY,77655.5,,,77512.01,TRANSITION,-0.0018477763970356927,0.0018479051709151316,0.0,30,1
2026-05-25 16:14:00+00:00,2026-05-25 16:29:00+00:00,SELL,77512.01,,,77590.0,TRANSITION,-0.001006166657270341,0.0014286818262099672,4.0380839046621356e-05,15,1
2026-05-25 16:29:00+00:00,2026-05-25 17:59:00+00:00,BUY,77590.0,,,77564.01,TRANSITION,-0.0003349658461142575,0.0005105039309189404,0.0028004897538341745,90,165
2026-05-25 17:59:00+00:00,2026-05-25 18:14:00+00:00,SELL,77564.01,,,77640.32,TRANSITION,-0.000983832579053252,0.0012119022727164314,0.00026597387112902116,15,4
2026-05-25 18:14:00+00:00,2026-05-25 18:59:00+00:00,BUY,77640.32,,,77543.39,TRANSITION,-0.001248449259354,0.0012485780584109173,0.00017632590901206713,45,5
2026-05-25 18:59:00+00:00,2026-05-25 19:29:00+00:00,SELL,77543.39,,,77514.72,TRANSITION,0.0003697284836270152,0.0,0.0015074141071211797,30,1
2026-05-25 19:29:00+00:00,2026-05-25 19:59:00+00:00,BUY,77514.72,,,77441.86,TRANSITION,-0.000939950502304602,0.0022074516943362574,8.888634313585108e-05,30,2
2026-05-25 19:59:00+00:00,2026-05-25 21:14:00+00:00,SELL,77441.86,,,77362.01,TRANSITION,0.0010310961022889406,0.0007507567612657989,0.002864858876065226,75,2
2026-05-25 21:14:00+00:00,2026-05-25 21:44:00+00:00,BUY,77362.01,,,77297.99,TRANSITION,-0.0008275379608155156,0.0010929136923922783,0.00012163592957322972,30,3
2026-05-25 21:44:00+00:00,2026-05-25 21:59:00+00:00,SELL,77297.99,,,77367.03,TRANSITION,-0.0008931668210259231,0.0012689851314373957,0.00010052007820648472,15,1
2026-05-25 21:59:00+00:00,2026-05-25 22:29:00+00:00,BUY,77367.03,,,77297.07,TRANSITION,-0.0009042611562055808,0.0011971507759829393,0.0010716451180819981,30,3
2026-05-25 22:29:00+00:00,2026-05-25 23:14:00+00:00,SELL,77297.07,,,77286.0,TRANSITION,0.00014321370784179768,-1.2937100991425968e-07,0.0035868112465323714,45,2
2026-05-25 23:14:00+00:00,2026-05-25 23:59:00+00:00,BUY,77286.0,,,77322.01,SESSION_RESET,0.0004659317340785493,0.00035310405506810543,0.0010537484149781633,45,3
2026-05-26 01:14:00+00:00,2026-05-26 01:44:00+00:00,BUY,76835.07,,,76666.0,TRANSITION,-0.0022004274870837883,0.0031778457415345984,0.0006890082874914772,30,3
2026-05-26 01:44:00+00:00,2026-05-26 03:59:00+00:00,SELL,76666.0,,,76664.01,TRANSITION,2.5956747450046156e-05,0.0018782772024104558,0.002483630292437371,135,15
2026-05-26 03:59:00+00:00,2026-05-26 06:29:00+00:00,BUY,76664.01,,,76844.23,TRANSITION,0.002350777111711234,0.0007463736895578665,0.004242146999615611,150,8
2026-05-26 06:29:00+00:00,2026-05-26 06:44:00+00:00,SELL,76844.23,,,76980.01,TRANSITION,-0.0017669511425906519,0.002804504645306607,0.0001259691196071978,15,2
2026-05-26 06:44:00+00:00,2026-05-26 07:14:00+00:00,BUY,76980.01,,,76680.07,TRANSITION,-0.003896336204684668,0.004059625349490014,0.0,30,9
2026-05-26 07:14:00+00:00,2026-05-26 07:59:00+00:00,SELL,76680.07,,,76730.84,TRANSITION,-0.0006621016386655557,0.0011729253768285263,0.0009955650796877344,45,3
2026-05-26 07:59:00+00:00,2026-05-26 08:59:00+00:00,BUY,76730.84,,,76726.37,TRANSITION,-5.825558536829734e-05,0.0004904155877869981,0.0015791564382717335,60,1
2026-05-26 08:59:00+00:00,2026-05-26 09:29:00+00:00,SELL,76726.37,,,76737.44,TRANSITION,-0.00014427894868487828,0.0010117773068112654,0.000998092311678524,30,1
2026-05-26 09:29:00+00:00,2026-05-26 09:59:00+00:00,BUY,76737.44,,,76672.19,TRANSITION,-0.0008503020168512267,0.0011369938846018319,0.0007211603618780676,30,2
2026-05-26 09:59:00+00:00,2026-05-26 10:14:00+00:00,SELL,76672.19,,,76713.35,TRANSITION,-0.0005368308900528796,0.0006235637719490949,0.0011118764182945602,15,1
2026-05-26 10:14:00+00:00,2026-05-26 11:14:00+00:00,BUY,76713.35,,,77267.73,TRANSITION,0.00722664308102814,0.0,0.011841485217370823,60,3
2026-05-26 11:14:00+00:00,2026-05-26 12:44:00+00:00,SELL,77267.73,,,77098.59,TRANSITION,0.0021890121529388714,0.001187688573224606,0.005044667418079884,90,1
2026-05-26 12:44:00+00:00,2026-05-26 13:29:00+00:00,BUY,77098.59,,,76798.04,TRANSITION,-0.003898255467447627,0.003941576622866896,0.0006895067730811094,45,3
2026-05-26 13:29:00+00:00,2026-05-26 13:59:00+00:00,SELL,76798.04,,,77231.56,TRANSITION,-0.005644935730130666,0.008671705684155496,0.0013823269448020932,30,1
2026-05-26 13:59:00+00:00,2026-05-26 14:44:00+00:00,BUY,77231.56,,,76820.0,TRANSITION,-0.005328909580487533,0.005976313310258108,0.010985664409730974,45,2
2026-05-26 14:44:00+00:00,2026-05-26 15:14:00+00:00,SELL,76820.0,,,76969.64,TRANSITION,-0.0019479302265035072,0.004862405623535523,0.001692267638635772,30,3
2026-05-26 15:14:00+00:00,2026-05-26 15:29:00+00:00,BUY,76969.64,,,76644.0,TRANSITION,-0.004230759036939752,0.005323397640940054,0.00010666543328001019,15,3
2026-05-26 15:29:00+00:00,2026-05-26 20:29:00+00:00,SELL,76644.0,,,76161.5,TRANSITION,0.0062953394916757995,0.0008612546318041173,0.011282031209227038,300,2
2026-05-26 20:29:00+00:00,2026-05-26 20:44:00+00:00,BUY,76161.5,,,76075.66,TRANSITION,-0.0011270786420960264,0.002348430637526842,0.00024290487976208453,15,2
2026-05-26 20:44:00+00:00,2026-05-26 23:59:00+00:00,SELL,76075.66,,,75930.01,SESSION_RESET,0.0019145413920826808,0.0006924685240981545,0.005227558985357502,195,5
2026-05-27 01:29:00+00:00,2026-05-27 02:59:00+00:00,SELL,75880.49,,,75879.0,TRANSITION,1.963614098966992e-05,0.0013786152408873556,0.002602777077480654,90,2
2026-05-27 02:59:00+00:00,2026-05-27 03:44:00+00:00,BUY,75879.0,,,75764.0,TRANSITION,-0.0015155708430527551,0.001866656123565142,0.0011585550679371565,45,2
2026-05-27 03:44:00+00:00,2026-05-27 05:29:00+00:00,SELL,75764.0,,,75655.0,TRANSITION,0.001438678000105591,0.0001306689192755686,0.005980412860989465,105,15
2026-05-27 05:29:00+00:00,2026-05-27 07:14:00+00:00,BUY,75655.0,,,75795.44,TRANSITION,0.0018563214592558631,0.000912034895248166,0.0032383847729826184,105,2
2026-05-27 07:14:00+00:00,2026-05-27 07:29:00+00:00,SELL,75795.44,,,75863.83,TRANSITION,-0.0009022970247286567,0.001011670359061086,0.0004148006793021101,15,5
2026-05-27 07:29:00+00:00,2026-05-27 08:59:00+00:00,BUY,75863.83,,,75873.24,TRANSITION,0.000124038029717238,0.0002743072686944183,0.0027362183006051995,90,2
2026-05-27 08:59:00+00:00,2026-05-27 09:44:00+00:00,SELL,75873.24,,,75934.08,TRANSITION,-0.000801863740101207,0.0013808557536226147,0.0021414664775092043,45,1
2026-05-27 09:44:00+00:00,2026-05-27 10:59:00+00:00,BUY,75934.08,,,75909.82,TRANSITION,-0.0003194876398054044,0.0008353298018492825,0.0014467812081215784,75,3
2026-05-27 10:59:00+00:00,2026-05-27 11:14:00+00:00,SELL,75909.82,,,75959.97,TRANSITION,-0.000660652337207415,0.0011879885896184843,0.00031761371585389847,15,2
2026-05-27 11:14:00+00:00,2026-05-27 11:44:00+00:00,BUY,75959.97,,,75834.84,TRANSITION,-0.0016473150265857747,0.0021059776616552265,0.0009119276903348444,30,15
2026-05-27 11:44:00+00:00,2026-05-27 12:29:00+00:00,SELL,75834.84,,,75942.94,TRANSITION,-0.001425466184144462,0.0044743286858652,0.0034165035490283427,45,5
2026-05-27 12:29:00+00:00,2026-05-27 12:59:00+00:00,BUY,75942.94,,,75688.0,TRANSITION,-0.0033569940800290627,0.0033569940800290627,0.0006475914680152364,30,10
2026-05-27 12:59:00+00:00,2026-05-27 15:29:00+00:00,SELL,75688.0,,,75352.89,TRANSITION,0.0044275182327449605,0.0009512736497199028,0.012282924637987505,150,1
2026-05-27 15:29:00+00:00,2026-05-27 16:29:00+00:00,BUY,75352.89,,,75098.01,TRANSITION,-0.003382484732835126,0.00401962021629163,0.0019826711357718886,60,10
2026-05-27 16:29:00+00:00,2026-05-27 16:59:00+00:00,SELL,75098.01,,,75304.01,TRANSITION,-0.002743082007099789,0.003019653916262283,0.001305094502504058,30,11
2026-05-27 16:59:00+00:00,2026-05-27 17:14:00+00:00,BUY,75304.01,,,74968.25,TRANSITION,-0.004458726699945923,0.004558721374864282,0.0005311802120497966,15,4
2026-05-27 17:14:00+00:00,2026-05-27 18:44:00+00:00,SELL,74968.25,,,74985.79,TRANSITION,-0.00023396571215139204,0.001537184074591647,0.004065721155289111,90,3
2026-05-27 18:44:00+00:00,2026-05-27 19:44:00+00:00,BUY,74985.79,,,75012.27,TRANSITION,0.0003531335737079049,0.00043181514790989207,0.0015920349708925473,60,3
2026-05-27 19:44:00+00:00,2026-05-27 19:59:00+00:00,SELL,75012.27,,,75066.08,TRANSITION,-0.0007173493083197944,0.0008310640379233491,0.0007986693376963994,15,3
2026-05-27 19:59:00+00:00,2026-05-27 21:14:00+00:00,BUY,75066.08,,,75167.16,TRANSITION,0.0013465469357131976,0.00013095128985024588,0.004658961810713919,75,2
2026-05-27 21:14:00+00:00,2026-05-27 23:59:00+00:00,SELL,75167.16,,,74449.3,SESSION_RESET,0.009550181222757392,0.0004980898573260227,0.012281560191977431,165,15
2026-05-28 00:44:00+00:00,2026-05-28 01:14:00+00:00,BUY,74573.76,,,74480.95,TRANSITION,-0.0012445396343163826,0.0016382438005003136,0.00022809631698883514,30,3
2026-05-28 01:14:00+00:00,2026-05-28 02:14:00+00:00,SELL,74480.95,,,74365.28,TRANSITION,0.0015530145627841517,0.0007423374701854387,0.004362860570387423,60,3
2026-05-28 02:14:00+00:00,2026-05-28 02:29:00+00:00,BUY,74365.28,,,74214.6,TRANSITION,-0.0020262143839167015,0.002464591002682957,0.0003325476620271708,15,3
2026-05-28 02:29:00+00:00,2026-05-28 06:59:00+00:00,SELL,74214.6,,,73202.7,TRANSITION,0.013634783452312735,0.002233927017055857,0.020019645730085453,270,3
2026-05-28 06:59:00+00:00,2026-05-28 08:29:00+00:00,BUY,73202.7,,,73263.27,TRANSITION,0.0008274284964899791,0.0006106332143486113,0.0042271664842963765,90,1
2026-05-28 08:29:00+00:00,2026-05-28 09:29:00+00:00,SELL,73263.27,,,73404.3,TRANSITION,-0.0019249755027314346,0.0021223458903757734,0.0009573692247151869,60,5
2026-05-28 09:29:00+00:00,2026-05-28 10:29:00+00:00,BUY,73404.3,,,73429.73,TRANSITION,0.0003464374702843432,0.0007409647663692647,0.002884027230012371,60,10
2026-05-28 10:29:00+00:00,2026-05-28 11:14:00+00:00,SELL,73429.73,,,73440.96,TRANSITION,-0.00015293533014503087,0.0023111892145048934,0.0011259744520372473,45,1
2026-05-28 11:14:00+00:00,2026-05-28 11:29:00+00:00,BUY,73440.96,,,73354.86,TRANSITION,-0.0011723702958132058,0.0013868282767546315,0.00029561160420549855,15,1
2026-05-28 11:29:00+00:00,2026-05-28 11:44:00+00:00,SELL,73354.86,,,73478.74,TRANSITION,-0.0016887769944623253,0.0016889133180814388,0.000483948848106315,15,3
2026-05-28 11:44:00+00:00,2026-05-28 12:14:00+00:00,BUY,73478.74,,,73408.0,TRANSITION,-0.0009627274501441537,0.000971709640094655,0.0007249716040311731,30,1
2026-05-28 12:14:00+00:00,2026-05-28 12:44:00+00:00,SELL,73408.0,,,73487.27,TRANSITION,-0.0010798550566696282,0.001848163687881406,0.0022128378378378694,30,1
2026-05-28 12:44:00+00:00,2026-05-28 13:14:00+00:00,BUY,73487.27,,,73338.35,TRANSITION,-0.002026473428663199,0.002057771366387691,0.0012720570515137644,30,15
2026-05-28 13:14:00+00:00,2026-05-28 14:14:00+00:00,SELL,73338.35,,,73314.62,TRANSITION,0.0003235687740453729,0.0,0.010301977069295925,60,5
2026-05-28 14:14:00+00:00,2026-05-28 14:29:00+00:00,BUY,73314.62,,,72965.07,TRANSITION,-0.004767807566894411,0.005851765991557885,0.003527127331492833,15,1
2026-05-28 14:29:00+00:00,2026-05-28 14:59:00+00:00,SELL,72965.07,,,73033.06,TRANSITION,-0.0009318157304582957,0.0013244693659582511,0.0036435242233030926,30,2
2026-05-28 14:59:00+00:00,2026-05-28 15:59:00+00:00,BUY,73033.06,,,72928.73,TRANSITION,-0.0014285311337085115,0.004560400454259998,0.002012102464281205,60,4
2026-05-28 15:59:00+00:00,2026-05-28 16:14:00+00:00,SELL,72928.73,,,73109.55,TRANSITION,-0.0024794069497714685,0.0031787198268776514,0.0025686721817314213,15,160
2026-05-28 16:14:00+00:00,2026-05-28 17:29:00+00:00,BUY,73109.55,,,73364.0,TRANSITION,0.0034803934643284915,0.000767751955797904,0.005340615555696856,75,3
2026-05-28 17:29:00+00:00,2026-05-28 17:59:00+00:00,SELL,73364.0,,,73554.82,TRANSITION,-0.0026010032168366907,0.00505315958780875,0.00031827599367545146,30,5
2026-05-28 17:59:00+00:00,2026-05-28 19:14:00+00:00,BUY,73554.82,,,73482.25,TRANSITION,-0.000986611074570055,0.0013214633656912168,0.0026493165233766507,75,2
2026-05-28 19:14:00+00:00,2026-05-28 19:29:00+00:00,SELL,73482.25,,,73559.99,TRANSITION,-0.0010579425643608522,0.0010580786516471664,0.0007179965229697615,15,5
2026-05-28 19:29:00+00:00,2026-05-28 19:44:00+00:00,BUY,73559.99,,,73434.69,TRANSITION,-0.0017033716290608917,0.0018606582192304524,0.00045228391140332563,15,1
2026-05-28 19:44:00+00:00,2026-05-28 20:29:00+00:00,SELL,73434.69,,,73647.4,TRANSITION,-0.0028965874302729656,0.0031854155032178693,0.0026310453547227666,45,1185
2026-05-28 20:29:00+00:00,2026-05-28 20:59:00+00:00,BUY,73647.4,,,73579.99,TRANSITION,-0.0009153072613559874,0.001023797174102469,0.0010054665880941203,30,2
2026-05-28 20:59:00+00:00,2026-05-28 21:14:00+00:00,SELL,73579.99,,,73694.32,TRANSITION,-0.0015538191837210326,0.0018613756267157938,0.00026556132992146573,15,4
2026-05-28 21:14:00+00:00,2026-05-28 22:14:00+00:00,BUY,73694.32,,,73711.99,TRANSITION,0.00023977424583059118,0.0003198346901091832,0.003458882584166516,60,3
2026-05-28 22:14:00+00:00,2026-05-28 23:14:00+00:00,SELL,73711.99,,,73597.05,TRANSITION,0.0015593121281897602,9.238659816398488e-05,0.0035739097533522336,60,15
2026-05-28 23:14:00+00:00,2026-05-28 23:59:00+00:00,BUY,73597.05,,,73617.51,SESSION_RESET,0.00027800027310866197,0.00084324032009432,0.0016012870081068638,45,1
2026-05-29 00:59:00+00:00,2026-05-29 02:14:00+00:00,SELL,73716.37,,,73623.19,TRANSITION,0.001264034026634695,0.0020614145813203553,0.0034300386739063698,75,6
2026-05-29 02:14:00+00:00,2026-05-29 02:29:00+00:00,BUY,73623.19,,,73388.22,TRANSITION,-0.003191521584435572,0.0034357381145804344,0.0003190570797053304,15,3
2026-05-29 02:29:00+00:00,2026-05-29 04:29:00+00:00,SELL,73388.22,,,73373.85,TRANSITION,0.00019580799207277876,0.0012781342836766297,0.0027131057273224583,120,2
2026-05-29 04:29:00+00:00,2026-05-29 07:44:00+00:00,BUY,73373.85,,,73407.79,TRANSITION,0.0004625626159726902,0.0002678065823179338,0.00770492484720369,195,1
2026-05-29 07:44:00+00:00,2026-05-29 07:59:00+00:00,SELL,73407.79,,,73528.56,TRANSITION,-0.0016451932417527362,0.0017436841512324512,0.0004688875662923275,15,1
2026-05-29 07:59:00+00:00,2026-05-29 08:59:00+00:00,BUY,73528.56,,,73653.4,TRANSITION,0.0016978436678210006,6.201671840163431e-05,0.004175520369228013,60,1
2026-05-29 08:59:00+00:00,2026-05-29 09:14:00+00:00,SELL,73653.4,,,73816.7,TRANSITION,-0.0022171413675404384,0.003038148951711721,5.1864543931338315e-05,15,4
2026-05-29 09:14:00+00:00,2026-05-29 09:59:00+00:00,BUY,73816.7,,,73744.96,TRANSITION,-0.0009718667997890815,0.0013228713827629004,0.0011670800780854296,45,5
2026-05-29 09:59:00+00:00,2026-05-29 11:14:00+00:00,SELL,73744.96,,,73652.81,TRANSITION,0.0012495769202398202,6.1970336684601e-05,0.00212665380793483,75,2
2026-05-29 11:14:00+00:00,2026-05-29 11:29:00+00:00,BUY,73652.81,,,73571.64,TRANSITION,-0.0011020625010776676,0.0011920794332219357,0.0006462754102661639,15,1
2026-05-29 11:29:00+00:00,2026-05-29 13:44:00+00:00,SELL,73571.64,,,73261.99,TRANSITION,0.004208822856198315,0.0002855719948609921,0.009122808734452474,135,2
2026-05-29 13:44:00+00:00,2026-05-29 14:14:00+00:00,BUY,73261.99,,,73013.79,TRANSITION,-0.003387841362212678,0.005004368568203029,0.0011472524838594795,30,1
2026-05-29 14:14:00+00:00,2026-05-29 14:59:00+00:00,SELL,73013.79,,,73096.85,TRANSITION,-0.0011375933231244704,0.002419953819682588,0.00686582630486636,45,3
2026-05-29 14:59:00+00:00,2026-05-29 16:29:00+00:00,BUY,73096.85,,,73649.23,TRANSITION,0.007556823584053076,0.0012021037842261312,0.015091621595184937,90,3
2026-05-29 16:29:00+00:00,2026-05-29 16:44:00+00:00,SELL,73649.23,,,74065.0,TRANSITION,-0.0056452728697910905,0.0060526091039920455,9.00213077582767e-05,15,2
2026-05-29 16:44:00+00:00,2026-05-29 18:29:00+00:00,BUY,74065.0,,,73790.36,TRANSITION,-0.0037080942415445815,0.004358873962060306,0.006063592790116868,105,15
2026-05-29 18:29:00+00:00,2026-05-29 20:14:00+00:00,SELL,73790.36,,,73657.98,TRANSITION,0.0017940012760475034,0.0008998465382198187,0.008173289844364502,105,3
2026-05-29 20:14:00+00:00,2026-05-29 20:59:00+00:00,BUY,73657.98,,,73673.61,TRANSITION,0.0002121969676605937,0.0008352116091153943,0.0013850502009423022,45,9
2026-05-29 20:59:00+00:00,2026-05-29 21:14:00+00:00,SELL,73673.61,,,73804.15,TRANSITION,-0.0017718691944102318,0.002312768439065215,0.00036078047485390966,15,1
2026-05-29 21:14:00+00:00,2026-05-29 21:29:00+00:00,BUY,73804.15,,,73538.86,TRANSITION,-0.003594513316663001,0.003594513316663001,5.7449343973275744e-05,15,3
2026-05-29 21:29:00+00:00,2026-05-29 21:44:00+00:00,SELL,73538.86,,,73600.0,TRANSITION,-0.0008313971687893913,0.0008313971687893913,0.0009199217937291138,15,2
2026-05-29 21:44:00+00:00,2026-05-29 21:59:00+00:00,BUY,73600.0,,,73409.27,TRANSITION,-0.002591440217391249,0.002597826086956482,0.00019021739130434782,15,5
2026-05-29 21:59:00+00:00,2026-05-29 22:29:00+00:00,SELL,73409.27,,,73523.84,TRANSITION,-0.001560702074819603,0.002214161780930305,0.00040158415960287407,30,2
2026-05-29 22:29:00+00:00,2026-05-29 23:14:00+00:00,BUY,73523.84,,,73415.19,TRANSITION,-0.001477751978133816,0.00169101613843893,0.0003762045072727906,45,10
2026-05-29 23:14:00+00:00,2026-05-29 23:44:00+00:00,SELL,73415.19,,,73431.73,TRANSITION,-0.0002252939752657944,0.0006648487867428753,0.0012965981563216322,30,3
2026-05-29 23:44:00+00:00,2026-05-29 23:59:00+00:00,BUY,73431.73,,,73460.78,SESSION_RESET,0.00039560555089745145,0.00027494926239654614,0.0009297070898371055,15,1
2026-05-30 00:44:00+00:00,2026-05-30 03:29:00+00:00,BUY,73517.54,,,73664.19,TRANSITION,0.001994762066304296,0.0006085622560274825,0.0037935164859977557,165,3
2026-05-30 03:29:00+00:00,2026-05-30 04:59:00+00:00,SELL,73664.19,,,73402.84,TRANSITION,0.003547856835186891,0.0,0.006084231700640465,90,2
2026-05-30 04:59:00+00:00,2026-05-30 06:14:00+00:00,BUY,73402.84,,,73536.51,TRANSITION,0.001821046706094727,0.0007627770260658946,0.0031628204031343135,75,1
2026-05-30 06:14:00+00:00,2026-05-30 06:29:00+00:00,SELL,73536.51,,,73607.81,TRANSITION,-0.0009695864000073285,0.0011897491463764768,1.3598687230004948e-07,15,15
2026-05-30 06:29:00+00:00,2026-05-30 06:59:00+00:00,BUY,73607.81,,,73584.99,TRANSITION,-0.0003100214501693833,0.0006428665653820218,0.00138708107196785,30,1
2026-05-30 06:59:00+00:00,2026-05-30 07:29:00+00:00,SELL,73584.99,,,73563.19,TRANSITION,0.0002962560707014149,4.3623026924266086e-05,0.0007201196874526345,30,6
2026-05-30 07:29:00+00:00,2026-05-30 07:44:00+00:00,BUY,73563.19,,,73495.91,TRANSITION,-0.0009145878529737337,0.0009612144334687824,0.00017631100554504453,15,1
2026-05-30 07:44:00+00:00,2026-05-30 07:59:00+00:00,SELL,73495.91,,,73548.6,TRANSITION,-0.000716910641694243,0.000716910641694243,0.00013483743517161013,15,15
2026-05-30 07:59:00+00:00,2026-05-30 08:44:00+00:00,BUY,73548.6,,,73520.91,TRANSITION,-0.00037648575227811716,0.000470437234699312,0.00025819662100965465,45,2
2026-05-30 08:44:00+00:00,2026-05-30 08:59:00+00:00,SELL,73520.91,,,73530.07,TRANSITION,-0.00012459040564110935,0.00019178217462203974,0.0002841368530394879,15,5
2026-05-30 08:59:00+00:00,2026-05-30 11:14:00+00:00,BUY,73530.07,,,73614.56,TRANSITION,0.0011490537136710284,0.0003671967128550265,0.0020492296552960306,135,2
2026-05-30 11:14:00+00:00,2026-05-30 11:44:00+00:00,SELL,73614.56,,,73629.69,TRANSITION,-0.00020552999297971294,0.00028024347357376934,0.0006783984037940637,30,3
2026-05-30 11:44:00+00:00,2026-05-30 18:29:00+00:00,BUY,73629.69,,,73969.36,TRANSITION,0.004613220563606858,0.0006168707215798172,0.0066048084678883975,405,5
2026-05-30 18:29:00+00:00,2026-05-30 18:44:00+00:00,SELL,73969.36,,,74095.74,TRANSITION,-0.001708545267932623,0.001708545267932623,9.138919141648328e-05,15,2
2026-05-30 18:44:00+00:00,2026-05-30 19:29:00+00:00,BUY,74095.74,,,73993.76,TRANSITION,-0.0013763274379878043,0.0013763274379878043,0.0006480804429510997,45,3
2026-05-30 19:29:00+00:00,2026-05-30 19:44:00+00:00,SELL,73993.76,,,74017.96,TRANSITION,-0.000327054605685826,0.0006251878536785982,0.0003035391092436964,15,2
2026-05-30 19:44:00+00:00,2026-05-30 20:14:00+00:00,BUY,74017.96,,,73961.24,TRANSITION,-0.0007663005032832728,0.0010802783540644243,0.0007026672985852995,30,3
2026-05-30 20:14:00+00:00,2026-05-30 20:29:00+00:00,SELL,73961.24,,,73966.29,TRANSITION,-6.827900667955754e-05,0.0001099224404565162,5.394717557473669e-05,15,3
2026-05-30 20:29:00+00:00,2026-05-30 20:44:00+00:00,BUY,73966.29,,,73932.9,TRANSITION,-0.0004514218571730368,0.0004723773491949884,0.00018508431340820704,15,30
2026-05-30 20:44:00+00:00,2026-05-30 20:59:00+00:00,SELL,73932.9,,,73979.84,TRANSITION,-0.0006349000242111744,0.0006503194112499543,8.413033980813906e-05,15,3
2026-05-30 20:59:00+00:00,2026-05-30 21:44:00+00:00,BUY,73979.84,,,73978.2,TRANSITION,-2.2168201499211378e-05,0.00017356079710359617,0.0010024352580379127,45,1
2026-05-30 21:44:00+00:00,2026-05-30 21:59:00+00:00,SELL,73978.2,,,73981.99,TRANSITION,-5.123130868293834e-05,0.0005379963286482087,0.0006641145634793778,15,3
2026-05-30 21:59:00+00:00,2026-05-30 22:14:00+00:00,BUY,73981.99,,,73890.0,TRANSITION,-0.0012434107273946705,0.002055500264321181,1.351680320407887e-07,15,2
2026-05-30 22:14:00+00:00,2026-05-30 22:59:00+00:00,SELL,73890.0,,,73883.3,TRANSITION,9.067532819051413e-05,0.0005736906211936584,0.0012720259845717314,45,15
2026-05-30 22:59:00+00:00,2026-05-30 23:29:00+00:00,BUY,73883.3,,,73838.0,TRANSITION,-0.0006131290832976182,0.000770945531669625,0.0015251078389838166,30,2
2026-05-30 23:29:00+00:00,2026-05-30 23:59:00+00:00,SELL,73838.0,,,73884.38,TRANSITION,-0.0006281318562258546,0.0006281318562258546,0.0007678972886589167,30,2
2026-05-30 23:59:00+00:00,2026-05-30 23:59:00+00:00,BUY,73884.38,,,73884.38,SESSION_RESET,0.0,0.0,0.0,0,2
2026-05-31 00:29:00+00:00,2026-05-31 01:44:00+00:00,BUY,73967.81,,,74074.06,TRANSITION,0.0014364356603230515,0.0005922846708588191,0.00416194558146315,75,1
2026-05-31 01:44:00+00:00,2026-05-31 02:14:00+00:00,SELL,74074.06,,,74166.0,TRANSITION,-0.0012411902358261764,0.0012411902358261764,0.00021681004119387641,30,1
2026-05-31 02:14:00+00:00,2026-05-31 02:29:00+00:00,BUY,74166.0,,,73970.01,TRANSITION,-0.0026425855513308692,0.0026427203840034517,0.0010508858506593631,15,3
2026-05-31 02:29:00+00:00,2026-05-31 02:59:00+00:00,SELL,73970.01,,,74090.84,TRANSITION,-0.0016334998467622452,0.0018925237403645781,0.0010750302724034987,30,1
2026-05-31 02:59:00+00:00,2026-05-31 03:59:00+00:00,BUY,74090.84,,,74150.64,TRANSITION,0.0008071173170664945,0.00022661370825318754,0.0018347747170905653,60,2
2026-05-31 03:59:00+00:00,2026-05-31 04:29:00+00:00,SELL,74150.64,,,74182.48,TRANSITION,-0.0004293961589542114,0.0008814488991598803,0.0005615595495871569,30,1
2026-05-31 04:29:00+00:00,2026-05-31 04:59:00+00:00,BUY,74182.48,,,74178.4,TRANSITION,-5.499950931812669e-05,0.00043783923104209955,0.0005237085629923107,30,2
2026-05-31 04:59:00+00:00,2026-05-31 08:14:00+00:00,SELL,74178.4,,,73906.13,TRANSITION,0.003670475502302416,0.00038825318421539036,0.004615898967893541,195,1
2026-05-31 08:14:00+00:00,2026-05-31 08:44:00+00:00,BUY,73906.13,,,73890.0,TRANSITION,-0.00021824982582641867,0.0006782928560865608,0.0009995111366268988,30,1
2026-05-31 08:44:00+00:00,2026-05-31 08:59:00+00:00,SELL,73890.0,,,73937.61,TRANSITION,-0.0006443361753958666,0.0011096224116931282,0.0005406685613749775,15,3
2026-05-31 08:59:00+00:00,2026-05-31 09:14:00+00:00,BUY,73937.61,,,73889.99,TRANSITION,-0.0006440565227898947,0.0009338954829619582,1.3524916473174222e-07,15,1
2026-05-31 09:14:00+00:00,2026-05-31 09:29:00+00:00,SELL,73889.99,,,73955.97,TRANSITION,-0.0008929490990592355,0.0012100421180188132,1.7187713789162434e-05,15,3
2026-05-31 09:29:00+00:00,2026-05-31 09:59:00+00:00,BUY,73955.97,,,73841.79,TRANSITION,-0.0015438915884682138,0.001927227781611124,0.0009198716479548417,30,2
2026-05-31 09:59:00+00:00,2026-05-31 10:44:00+00:00,SELL,73841.79,,,73840.92,TRANSITION,1.1781946239322523e-05,0.00032325868590143736,0.0019310203612344246,45,3
2026-05-31 10:44:00+00:00,2026-05-31 12:29:00+00:00,BUY,73840.92,,,73933.21,TRANSITION,0.0012498489997146318,0.0004915973419616509,0.002098565402489655,105,1
2026-05-31 12:29:00+00:00,2026-05-31 12:44:00+00:00,SELL,73933.21,,,73974.89,TRANSITION,-0.0005637520675754916,0.0005637520675754916,0.0003680348790483519,15,6
2026-05-31 12:44:00+00:00,2026-05-31 12:59:00+00:00,BUY,73974.89,,,73920.0,TRANSITION,-0.0007420085383026513,0.0012827325596563837,5.8668556316832744e-05,15,3
2026-05-31 12:59:00+00:00,2026-05-31 13:14:00+00:00,SELL,73920.0,,,73948.21,TRANSITION,-0.0003816287878788745,0.0005010822510821644,0.0005411255411255411,15,10
2026-05-31 13:14:00+00:00,2026-05-31 13:44:00+00:00,BUY,73948.21,,,73896.64,TRANSITION,-0.0006973799636259888,0.0008192219933383342,0.0010247712554502513,30,5
2026-05-31 13:44:00+00:00,2026-05-31 15:29:00+00:00,SELL,73896.64,,,73748.67,TRANSITION,0.002002391448379807,4.993461137072441e-05,0.005596871522169296,105,11
2026-05-31 15:29:00+00:00,2026-05-31 15:44:00+00:00,BUY,73748.67,,,73638.46,TRANSITION,-0.001494399831210405,0.0017989476962770752,8.461169537030618e-05,15,5
2026-05-31 15:44:00+00:00,2026-05-31 17:29:00+00:00,SELL,73638.46,,,73598.32,TRANSITION,0.000545095592710649,0.0012431004124745899,0.0032382534887340987,105,3
2026-05-31 17:29:00+00:00,2026-05-31 18:14:00+00:00,BUY,73598.32,,,73654.0,TRANSITION,0.0007565390079555214,0.0,0.001843520341225085,45,5
2026-05-31 18:14:00+00:00,2026-05-31 19:59:00+00:00,SELL,73654.0,,,73563.42,TRANSITION,0.0012298042197301132,0.000744019333641118,0.002681728079941403,105,15
2026-05-31 19:59:00+00:00,2026-05-31 21:14:00+00:00,BUY,73563.42,,,73688.0,TRANSITION,0.0016935047337386128,1.3593712737609686e-07,0.0026722520513592454,75,3
2026-05-31 21:14:00+00:00,2026-05-31 21:44:00+00:00,SELL,73688.0,,,73746.0,TRANSITION,-0.0007871023775920096,0.0008215720334381934,0.0008322929106503331,30,1
2026-05-31 21:44:00+00:00,2026-05-31 23:29:00+00:00,BUY,73746.0,,,73831.29,TRANSITION,0.0011565373037180809,0.0008136034496786267,0.006129145987578987,105,3
2026-05-31 23:29:00+00:00,2026-05-31 23:59:00+00:00,SELL,73831.29,,,73674.39,SESSION_RESET,0.0021251152458530006,1.354439291161407e-07,0.00448712192350958,30,10
2026-06-01 00:59:00+00:00,2026-06-01 02:14:00+00:00,SELL,73885.0,,,73548.46,TRANSITION,0.004554916424172615,0.0004197063003315255,0.008973404615280503,75,1
2026-06-01 02:14:00+00:00,2026-06-01 03:59:00+00:00,BUY,73548.46,,,73769.06,TRANSITION,0.002999382991839547,0.001284323288346301,0.006405572597984992,105,3
2026-06-01 03:59:00+00:00,2026-06-01 04:59:00+00:00,SELL,73769.06,,,73536.01,TRANSITION,0.0031591835384645393,0.0009802212472274647,0.005697781698722913,60,2
2026-06-01 04:59:00+00:00,2026-06-01 05:29:00+00:00,BUY,73536.01,,,73351.7,TRANSITION,-0.0025063910864894312,0.002524205487896275,7.438532495849536e-05,30,4
2026-06-01 05:29:00+00:00,2026-06-01 08:59:00+00:00,SELL,73351.7,,,72902.65,TRANSITION,0.006121875839278475,0.00155224759617024,0.010111149434846067,210,2
2026-06-01 08:59:00+00:00,2026-06-01 09:44:00+00:00,BUY,72902.65,,,72948.38,TRANSITION,0.0006272748658657879,1.3716922491516168e-07,0.002647228873024578,45,3
2026-06-01 09:44:00+00:00,2026-06-01 11:44:00+00:00,SELL,72948.38,,,72721.07,TRANSITION,0.0031160390402089487,0.0007959052689038149,0.004881671121414904,120,3
2026-06-01 11:44:00+00:00,2026-06-01 11:59:00+00:00,BUY,72721.07,,,72479.99,TRANSITION,-0.0033151327393835337,0.0059277180602541595,0.000646855168660109,15,3
2026-06-01 11:59:00+00:00,2026-06-01 16:59:00+00:00,SELL,72479.99,,,71564.01,TRANSITION,0.012637694900344363,0.0017937364505706298,0.02474213917524012,300,2
2026-06-01 16:59:00+00:00,2026-06-01 17:59:00+00:00,BUY,71564.01,,,71646.01,TRANSITION,0.0011458273509268137,0.0013186795988653424,0.0033078079330658133,60,3
2026-06-01 17:59:00+00:00,2026-06-01 18:29:00+00:00,SELL,71646.01,,,71545.15,TRANSITION,0.0014077545979183012,0.0005760264947064613,0.0036849225797779216,30,1
2026-06-01 18:29:00+00:00,2026-06-01 18:59:00+00:00,BUY,71545.15,,,71498.64,TRANSITION,-0.0006500790060541457,0.0020846975651039124,0.0018287752559049924,30,1
2026-06-01 18:59:00+00:00,2026-06-01 19:29:00+00:00,SELL,71498.64,,,71621.61,TRANSITION,-0.0017198928539060487,0.001720032716706163,0.0015754145813123078,30,3
2026-06-01 19:29:00+00:00,2026-06-01 20:59:00+00:00,BUY,71621.61,,,71446.0,TRANSITION,-0.0024519136054048573,0.0028199589481442983,0.0009548794002257058,90,2
2026-06-01 20:59:00+00:00,2026-06-01 22:29:00+00:00,SELL,71446.0,,,71284.3,TRANSITION,0.0022632477675446783,5.570640763647966e-05,0.00846933348263032,90,3
2026-06-01 22:29:00+00:00,2026-06-01 23:29:00+00:00,BUY,71284.3,,,71248.0,TRANSITION,-0.0005092285398047384,0.002837932055165063,0.002605061703628949,60,5
2026-06-01 23:29:00+00:00,2026-06-01 23:44:00+00:00,SELL,71248.0,,,71510.01,TRANSITION,-0.0036774365596226525,0.004705956658432427,0.00031874578935558057,15,1
2026-06-01 23:44:00+00:00,2026-06-01 23:59:00+00:00,BUY,71510.01,,,71408.9,SESSION_RESET,-0.0014139279242164921,0.0019270029468600042,0.0005871905205999166,15,15
2026-06-02 00:59:00+00:00,2026-06-02 01:29:00+00:00,BUY,71289.23,,,71207.77,TRANSITION,-0.001142669096019018,0.0012516617166435369,0.001161044943254459,30,4
2026-06-02 01:29:00+00:00,2026-06-02 02:29:00+00:00,SELL,71207.77,,,70807.51,TRANSITION,0.005621015796450433,0.0002157067971655422,0.015402392182763257,60,1
2026-06-02 02:29:00+00:00,2026-06-02 04:14:00+00:00,BUY,70807.51,,,70770.81,TRANSITION,-0.0005183066033531908,0.0031964123579547106,0.0032980964872228787,105,2
2026-06-02 04:14:00+00:00,2026-06-02 04:29:00+00:00,SELL,70770.81,,,70975.89,TRANSITION,-0.0028978049000711135,0.0036376579553067476,0.0,15,5
2026-06-02 04:29:00+00:00,2026-06-02 04:59:00+00:00,BUY,70975.89,,,70810.0,TRANSITION,-0.002337272558329306,0.002985379964943017,0.0010159788063242403,30,2
2026-06-02 04:59:00+00:00,2026-06-02 05:14:00+00:00,SELL,70810.0,,,70810.01,TRANSITION,-1.4122299102896923e-07,0.0005318457844937648,0.0031069058042649342,15,2
2026-06-02 05:14:00+00:00,2026-06-02 05:29:00+00:00,BUY,70810.01,,,70602.61,TRANSITION,-0.002928964421838017,0.0032159294992332465,5.648918846360847e-05,15,1
2026-06-02 05:29:00+00:00,2026-06-02 16:14:00+00:00,SELL,70602.61,,,67928.45,TRANSITION,0.037876220156733635,0.0017155173158612032,0.04995013640430574,645,2
2026-06-02 16:14:00+00:00,2026-06-02 16:44:00+00:00,BUY,67928.45,,,67631.67,TRANSITION,-0.00436900886153002,0.005694226793044784,0.0032070509484612977,30,3
2026-06-02 16:44:00+00:00,2026-06-02 19:59:00+00:00,SELL,67631.67,,,67315.14,TRANSITION,0.004680203815756713,0.003043840260043861,0.017738287402928217,195,15
2026-06-02 19:59:00+00:00,2026-06-02 20:29:00+00:00,BUY,67315.14,,,66962.17,TRANSITION,-0.005243545508484438,0.0060007302963345594,0.0025604938205580586,30,2
2026-06-02 20:29:00+00:00,2026-06-02 20:59:00+00:00,SELL,66962.17,,,67587.77,TRANSITION,-0.009342588509303175,0.010864044579200404,0.00018323778933693568,30,2
2026-06-02 20:59:00+00:00,2026-06-02 21:59:00+00:00,BUY,67587.77,,,67566.01,TRANSITION,-0.000321951737718367,0.0026006184254933114,0.004963471941743324,60,2
2026-06-02 21:59:00+00:00,2026-06-02 23:59:00+00:00,SELL,67566.01,,,66760.83,SESSION_RESET,0.011916938709271024,0.0,0.0203210164400709,120,8
2026-06-03 00:44:00+00:00,2026-06-03 01:14:00+00:00,BUY,67075.07,,,66829.16,TRANSITION,-0.0036661907322646623,0.006000590085109195,0.0011171065494228036,30,9
2026-06-03 01:14:00+00:00,2026-06-03 01:29:00+00:00,SELL,66829.16,,,67024.01,TRANSITION,-0.0029156434107505055,0.003129472224400238,0.00022684708292014283,15,5
2026-06-03 01:29:00+00:00,2026-06-03 01:44:00+00:00,BUY,67024.01,,,66511.99,TRANSITION,-0.007639351927764238,0.008226305767142263,0.0003877714866658268,15,3
2026-06-03 01:44:00+00:00,2026-06-03 01:59:00+00:00,SELL,66511.99,,,66920.0,TRANSITION,-0.006134382687993469,0.007936012739958562,0.00011952732131472297,15,3
2026-06-03 01:59:00+00:00,2026-06-03 02:29:00+00:00,BUY,66920.0,,,66651.55,TRANSITION,-0.004011506276150584,0.004213986849970114,1.4943215772207576e-07,30,8
2026-06-03 02:29:00+00:00,2026-06-03 04:14:00+00:00,SELL,66651.55,,,66340.0,TRANSITION,0.004674309899769817,0.0029474183271056276,0.018382318190649824,105,2
2026-06-03 04:14:00+00:00,2026-06-03 06:59:00+00:00,BUY,66340.0,,,66983.27,TRANSITION,0.00969656315948152,0.0009311124510100102,0.017726861621947542,165,15
2026-06-03 06:59:00+00:00,2026-06-03 07:29:00+00:00,SELL,66983.27,,,67191.55,TRANSITION,-0.003109433146515523,0.005242055217668383,0.0016610117720441135,30,3
2026-06-03 07:29:00+00:00,2026-06-03 08:14:00+00:00,BUY,67191.55,,,67070.0,TRANSITION,-0.0018090072337965549,0.0018603529759322415,0.0019548589071094694,45,2
2026-06-03 08:14:00+00:00,2026-06-03 08:44:00+00:00,SELL,67070.0,,,67088.32,TRANSITION,-0.0002731474578799312,0.002428507529446916,0.0014313403906366484,30,3
2026-06-03 08:44:00+00:00,2026-06-03 09:14:00+00:00,BUY,67088.32,,,66962.05,TRANSITION,-0.0018821458042175459,0.002181005575933441,0.001334062322621881,30,3
2026-06-03 09:14:00+00:00,2026-06-03 09:59:00+00:00,SELL,66962.05,,,67075.17,TRANSITION,-0.0016893150672656428,0.00537543280111641,0.004563331021078461,45,1
2026-06-03 09:59:00+00:00,2026-06-03 10:44:00+00:00,BUY,67075.17,,,67234.15,TRANSITION,0.002370176624226162,9.929158584321878e-05,0.005986119751914219,45,1
2026-06-03 10:44:00+00:00,2026-06-03 10:59:00+00:00,SELL,67234.15,,,67294.52,TRANSITION,-0.0008979067929022662,0.0012834251641466153,0.0007649386509681913,15,3
2026-06-03 10:59:00+00:00,2026-06-03 11:44:00+00:00,BUY,67294.52,,,67150.0,TRANSITION,-0.002147574572194052,0.002727116561645793,0.0010743816881375022,45,5
2026-06-03 11:44:00+00:00,2026-06-03 13:14:00+00:00,SELL,67150.0,,,67122.01,TRANSITION,0.0004168279970216715,0.0010421444527177353,0.0054705882352942044,90,15
2026-06-03 13:14:00+00:00,2026-06-03 13:29:00+00:00,BUY,67122.01,,,66838.01,TRANSITION,-0.004231100945874536,0.004290097987232383,0.0018266735456819692,15,5
2026-06-03 13:29:00+00:00,2026-06-03 14:59:00+00:00,SELL,66838.01,,,66864.95,TRANSITION,-0.0004030640648936485,0.005296237874227633,0.003037343571419837,90,1
2026-06-03 14:59:00+00:00,2026-06-03 15:14:00+00:00,BUY,66864.95,,,66525.55,TRANSITION,-0.005075902995515501,0.005458016494441364,0.0004942798880430317,15,2
2026-06-03 15:14:00+00:00,2026-06-03 21:59:00+00:00,SELL,66525.55,,,65768.88,TRANSITION,0.011374126181594864,0.0022916007458787953,0.026449236421194604,405,3
2026-06-03 21:59:00+00:00,2026-06-03 22:14:00+00:00,BUY,65768.88,,,65328.0,TRANSITION,-0.006703474348354489,0.0071292076130839484,0.0011000643465418792,15,3
2026-06-03 22:14:00+00:00,2026-06-03 23:59:00+00:00,SELL,65328.0,,,64142.75,SESSION_RESET,0.018143062698995835,0.0,0.018912411217242256,105,3
2026-06-04 00:44:00+00:00,2026-06-04 01:14:00+00:00,BUY,63595.33,,,63124.0,TRANSITION,-0.007411393257964095,0.009361221963939832,9.560450429303137e-05,30,1
2026-06-04 01:14:00+00:00,2026-06-04 02:29:00+00:00,SELL,63124.0,,,62997.98,TRANSITION,0.001996388061593004,0.0005929598884734854,0.027571763513085393,75,3
2026-06-04 02:29:00+00:00,2026-06-04 05:14:00+00:00,BUY,62997.98,,,63958.0,TRANSITION,0.015238901310803882,0.001539414438367757,0.028038041854675285,165,6
2026-06-04 05:14:00+00:00,2026-06-04 05:44:00+00:00,SELL,63958.0,,,64282.0,TRANSITION,-0.005065824447293536,0.0059390537540260566,0.004846774445729979,30,3
2026-06-04 05:44:00+00:00,2026-06-04 06:59:00+00:00,BUY,64282.0,,,64027.99,TRANSITION,-0.003951494975265269,0.006067017205438536,0.003099156840173006,75,15
2026-06-04 06:59:00+00:00,2026-06-04 09:59:00+00:00,SELL,64027.99,,,63266.0,TRANSITION,0.011900888970589238,0.0005438246616831125,0.02068876439819517,180,5
2026-06-04 09:59:00+00:00,2026-06-04 10:14:00+00:00,BUY,63266.0,,,62872.58,TRANSITION,-0.00621850599057943,0.007049442038377611,0.0001580627825372238,15,1
2026-06-04 10:14:00+00:00,2026-06-04 11:59:00+00:00,SELL,62872.58,,,62545.99,TRANSITION,0.00519447428433832,0.0021220697480523027,0.01061798322893703,105,5
2026-06-04 11:59:00+00:00,2026-06-04 13:29:00+00:00,BUY,62545.99,,,63229.99,TRANSITION,0.010935952888426581,0.0024620283410654777,0.022711128243393466,90,1
2026-06-04 13:29:00+00:00,2026-06-04 13:44:00+00:00,SELL,63229.99,,,63798.61,TRANSITION,-0.00899288454734854,0.016036852132983132,0.0005657125677229555,15,10
2026-06-04 13:44:00+00:00,2026-06-04 14:44:00+00:00,BUY,63798.61,,,64000.91,TRANSITION,0.0031709154791930874,0.002047066542672302,0.010914187628852693,60,3
2026-06-04 14:44:00+00:00,2026-06-04 15:14:00+00:00,SELL,64000.91,,,64365.52,TRANSITION,-0.005696950246488578,0.00576694925119028,0.0033683896057103207,30,15
2026-06-04 15:14:00+00:00,2026-06-04 15:44:00+00:00,BUY,64365.52,,,63842.53,TRANSITION,-0.008125313055809973,0.008786070554545304,0.0005978356113646437,30,15
2026-06-04 15:44:00+00:00,2026-06-04 15:59:00+00:00,SELL,63842.53,,,63896.17,TRANSITION,-0.0008401922668164845,0.0024665375886576105,0.0023625316853827967,15,7
2026-06-04 15:59:00+00:00,2026-06-04 16:14:00+00:00,BUY,63896.17,,,63660.0,TRANSITION,-0.0036961526801997406,0.003883957363954651,0.0003729488011566538,15,3
2026-06-04 16:14:00+00:00,2026-06-04 17:59:00+00:00,SELL,63660.0,,,63540.97,TRANSITION,0.0018697769399936984,0.004084197298146403,0.011232956330505757,105,3
2026-06-04 17:59:00+00:00,2026-06-04 18:59:00+00:00,BUY,63540.97,,,63819.62,TRANSITION,0.004385359556204469,0.006156815043900008,0.008959731020788597,60,8
2026-06-04 18:59:00+00:00,2026-06-04 19:14:00+00:00,SELL,63819.62,,,63886.33,TRANSITION,-0.0010452898340666886,0.0010987216783803374,0.0031178499652615168,15,1
2026-06-04 19:14:00+00:00,2026-06-04 19:44:00+00:00,BUY,63886.33,,,63786.01,TRANSITION,-0.0015702889804438556,0.001914650598962246,0.0043452175136683945,30,1
2026-06-04 19:44:00+00:00,2026-06-04 20:59:00+00:00,SELL,63786.01,,,63638.4,TRANSITION,0.0023141438067689228,0.0,0.009456148769926282,75,1
2026-06-04 20:59:00+00:00,2026-06-04 21:29:00+00:00,BUY,63638.4,,,63495.63,TRANSITION,-0.0022434567808116493,0.0031490420877960707,0.003733594810680321,30,2
2026-06-04 21:29:00+00:00,2026-06-04 21:44:00+00:00,SELL,63495.63,,,63496.0,TRANSITION,-5.8271726731842705e-06,0.0003354561565890899,0.0061356978425128866,15,2
2026-06-04 21:44:00+00:00,2026-06-04 21:59:00+00:00,BUY,63496.0,,,63286.21,TRANSITION,-0.003303987652765542,0.003639126874133799,0.0005466486077863035,15,1
2026-06-04 21:59:00+00:00,2026-06-04 22:44:00+00:00,SELL,63286.21,,,63504.15,TRANSITION,-0.0034437202038169507,0.004836282659366072,0.001457031476525441,45,5
2026-06-04 22:44:00+00:00,2026-06-04 23:29:00+00:00,BUY,63504.15,,,63461.99,TRANSITION,-0.0006638936195509032,0.0020179783525958767,0.005477594771365313,45,5
2026-06-04 23:29:00+00:00,2026-06-04 23:44:00+00:00,SELL,63461.99,,,63762.33,TRANSITION,-0.004732596629888281,0.0052631504306751495,0.0,15,15
2026-06-04 23:44:00+00:00,2026-06-04 23:59:00+00:00,BUY,63762.33,,,63885.99,SESSION_RESET,0.0019393896051163157,0.0010089029055243392,0.002441410155494604,15,5
2026-06-05 00:29:00+00:00,2026-06-05 00:59:00+00:00,BUY,63909.52,,,63426.72,TRANSITION,-0.007554430075519198,0.008026190777211237,0.0010715148541250695,30,1
2026-06-05 00:59:00+00:00,2026-06-05 01:44:00+00:00,SELL,63426.72,,,63440.0,TRANSITION,-0.0002093754808698737,0.0021959199529787894,0.005907920195148057,45,2
2026-06-05 01:44:00+00:00,2026-06-05 02:14:00+00:00,BUY,63440.0,,,63180.0,TRANSITION,-0.004098360655737705,0.004098360655737705,9.457755359394704e-05,30,1
2026-06-05 02:14:00+00:00,2026-06-05 04:29:00+00:00,SELL,63180.0,,,63240.32,TRANSITION,-0.0009547325102880613,0.0014245014245014246,0.013311174422285533,135,1
2026-06-05 04:29:00+00:00,2026-06-05 05:44:00+00:00,BUY,63240.32,,,62893.14,TRANSITION,-0.005489852043759429,0.006230835011587558,0.007079028063109109,75,1
2026-06-05 05:44:00+00:00,2026-06-05 07:29:00+00:00,SELL,62893.14,,,62252.95,TRANSITION,0.010179011574235319,0.0012220728683605333,0.028097340981862208,105,1
2026-06-05 07:29:00+00:00,2026-06-05 08:44:00+00:00,BUY,62252.95,,,62540.0,TRANSITION,0.0046110264654125295,0.0010111970597376846,0.013943596247246214,75,3
2026-06-05 08:44:00+00:00,2026-06-05 09:14:00+00:00,SELL,62540.0,,,63099.64,TRANSITION,-0.008948512951710896,0.008948672849376423,0.004015350175887474,30,1
2026-06-05 09:14:00+00:00,2026-06-05 09:44:00+00:00,BUY,63099.64,,,62819.49,TRANSITION,-0.00443980346005146,0.005144878798040677,0.0025397926200530154,30,1
2026-06-05 09:44:00+00:00,2026-06-05 10:44:00+00:00,SELL,62819.49,,,62675.51,TRANSITION,0.0022919638475255998,0.0027779595154306734,0.0070756703055054725,60,9
2026-06-05 10:44:00+00:00,2026-06-05 10:59:00+00:00,BUY,62675.51,,,62536.87,TRANSITION,-0.002212028270691366,0.003550190497053826,1.5955195250523385e-07,15,1
2026-06-05 10:59:00+00:00,2026-06-05 16:14:00+00:00,SELL,62536.87,,,60897.63,TRANSITION,0.026212376794681365,0.001720744898169681,0.04398797061637403,315,44
2026-06-05 16:14:00+00:00,2026-06-05 16:44:00+00:00,BUY,60897.63,,,60832.49,TRANSITION,-0.001069663959007919,0.00308090807474766,0.01066724599955697,30,1
2026-06-05 16:44:00+00:00,2026-06-05 16:59:00+00:00,SELL,60832.49,,,61394.39,TRANSITION,-0.009236840379211856,0.010563927269786338,0.00042329353935701135,15,3
2026-06-05 16:59:00+00:00,2026-06-05 17:29:00+00:00,BUY,61394.39,,,60697.27,TRANSITION,-0.011354783393075534,0.011961842116193343,0.001864339722244966,30,6
2026-06-05 17:29:00+00:00,2026-06-05 19:29:00+00:00,SELL,60697.27,,,59858.27,TRANSITION,0.013822697462340564,0.007486333405110336,0.025806102976295202,120,5
2026-06-05 19:29:00+00:00,2026-06-05 22:14:00+00:00,BUY,59858.27,,,61397.54,TRANSITION,0.025715243691473277,0.006228379136249673,0.03578001836671864,165,2
2026-06-05 22:14:00+00:00,2026-06-05 22:44:00+00:00,SELL,61397.54,,,61758.01,TRANSITION,-0.005871082131303651,0.00780910766131671,0.0016481116344401149,30,15
2026-06-05 22:44:00+00:00,2026-06-05 23:14:00+00:00,BUY,61758.01,,,61308.0,TRANSITION,-0.007286666134482022,0.007286666134482022,0.0033678222468631674,30,7
2026-06-05 23:14:00+00:00,2026-06-05 23:59:00+00:00,SELL,61308.0,,,61056.47,TRANSITION,0.004102727213414217,1.6311085016698095e-07,0.01288575716056632,45,3
2026-06-05 23:59:00+00:00,2026-06-05 23:59:00+00:00,BUY,61056.47,,,61056.47,SESSION_RESET,0.0,0.0,0.0,0,2
2026-06-06 00:44:00+00:00,2026-06-06 01:29:00+00:00,SELL,61198.01,,,61294.52,TRANSITION,-0.0015770120629738575,0.0030718319108741926,0.003627732339662712,45,3
2026-06-06 01:29:00+00:00,2026-06-06 01:44:00+00:00,BUY,61294.52,,,61053.44,TRANSITION,-0.003933141168247904,0.004511333150173895,0.00016396245537126175,15,1
2026-06-06 01:44:00+00:00,2026-06-06 05:29:00+00:00,SELL,61053.44,,,60751.3,TRANSITION,0.004948779298922377,0.0020074216948299337,0.025443938949222228,225,3
2026-06-06 05:29:00+00:00,2026-06-06 06:44:00+00:00,BUY,60751.3,,,60804.0,TRANSITION,0.0008674711487654928,0.002358468049243491,0.00865248974096018,75,2
2026-06-06 06:44:00+00:00,2026-06-06 07:14:00+00:00,SELL,60804.0,,,61093.0,TRANSITION,-0.004752976777843563,0.0054889480955200316,0.002022893230708506,30,1
2026-06-06 07:14:00+00:00,2026-06-06 08:59:00+00:00,BUY,61093.0,,,61264.0,TRANSITION,0.00279901134336176,0.004127150410030599,0.00666197436694875,105,3
2026-06-06 08:59:00+00:00,2026-06-06 09:29:00+00:00,SELL,61264.0,,,61313.37,TRANSITION,-0.0008058566205275956,0.0009467223818229303,0.0025923870462261638,30,1
2026-06-06 09:29:00+00:00,2026-06-06 09:44:00+00:00,BUY,61313.37,,,61102.98,TRANSITION,-0.0034313886188281515,0.00415961477896258,-1.630965644530266e-07,15,2
2026-06-06 09:44:00+00:00,2026-06-06 11:29:00+00:00,SELL,61102.98,,,60809.59,TRANSITION,0.0048015661429279995,0.00021308289710251116,0.014810734271880082,105,3
2026-06-06 11:29:00+00:00,2026-06-06 11:59:00+00:00,BUY,60809.59,,,60802.91,TRANSITION,-0.00010985109421051869,0.0012297402432741092,0.002605016741602821,30,1
2026-06-06 11:59:00+00:00,2026-06-06 12:14:00+00:00,SELL,60802.91,,,61049.18,TRANSITION,-0.00405029956625426,0.00488611482575417,1.6446581260727928e-07,15,3
2026-06-06 12:14:00+00:00,2026-06-06 12:29:00+00:00,BUY,61049.18,,,60737.04,TRANSITION,-0.005112926987717106,0.005195483379137939,0.0008324436134932477,15,15
2026-06-06 12:29:00+00:00,2026-06-06 12:44:00+00:00,SELL,60737.04,,,60830.33,TRANSITION,-0.001535965532729301,0.002123251314189811,0.0015779497980145851,15,1
2026-06-06 12:44:00+00:00,2026-06-06 13:29:00+00:00,BUY,60830.33,,,60878.23,TRANSITION,0.0007874361358881574,0.0006958699714435504,0.005834753814421199,45,3
2026-06-06 13:29:00+00:00,2026-06-06 13:44:00+00:00,SELL,60878.23,,,60899.59,TRANSITION,-0.00035086434017535175,0.00035086434017535175,0.0029044865463401237,15,2
2026-06-06 13:44:00+00:00,2026-06-06 13:59:00+00:00,BUY,60899.59,,,60801.2,TRANSITION,-0.0016156102200359547,0.002220047786856974,0.0024041212756933748,15,1
2026-06-06 13:59:00+00:00,2026-06-06 15:44:00+00:00,SELL,60801.2,,,60861.54,TRANSITION,-0.000992414623395653,0.003532825010032745,0.006664342151141706,105,3
2026-06-06 15:44:00+00:00,2026-06-06 16:29:00+00:00,BUY,60861.54,,,60624.08,TRANSITION,-0.003901642975185957,0.00429729513909771,0.001802451926126041,45,5
2026-06-06 16:29:00+00:00,2026-06-06 16:44:00+00:00,SELL,60624.08,,,60767.99,TRANSITION,-0.0023738092190429315,0.002406964361356053,0.0025983074712227234,15,5
2026-06-06 16:44:00+00:00,2026-06-06 17:59:00+00:00,BUY,60767.99,,,60576.2,TRANSITION,-0.0031561024151037557,0.004393596036334228,0.0015799436512545838,75,1
2026-06-06 17:59:00+00:00,2026-06-06 18:29:00+00:00,SELL,60576.2,,,60702.98,TRANSITION,-0.0020929011724077464,0.002947362165338877,0.0030084422595012227,30,2
2026-06-06 18:29:00+00:00,2026-06-06 19:29:00+00:00,BUY,60702.98,,,60611.06,TRANSITION,-0.0015142584433252787,0.003310875347470638,0.0013676429064931703,60,2
2026-06-06 19:29:00+00:00,2026-06-06 19:44:00+00:00,SELL,60611.06,,,60622.0,TRANSITION,-0.00018049511095833548,0.0005216869660422144,0.0012383878453865957,15,5
2026-06-06 19:44:00+00:00,2026-06-06 19:59:00+00:00,BUY,60622.0,,,60600.01,TRANSITION,-0.00036273959948530173,0.00036290455610174527,0.0009897396984593053,15,1
2026-06-06 19:59:00+00:00,2026-06-06 20:44:00+00:00,SELL,60600.01,,,60734.36,TRANSITION,-0.0022169963338289638,0.0025554451228638505,0.001287293516948298,45,1
2026-06-06 20:44:00+00:00,2026-06-06 21:59:00+00:00,BUY,60734.36,,,60751.21,TRANSITION,0.00027743768107540024,0.0013889995712476526,0.004373800925867984,75,3
2026-06-06 21:59:00+00:00,2026-06-06 23:29:00+00:00,SELL,60751.21,,,60713.58,TRANSITION,0.0006194115310624658,0.0010994019707591153,0.005302281222053069,90,3
2026-06-06 23:29:00+00:00,2026-06-06 23:59:00+00:00,BUY,60713.58,,,60884.62,SESSION_RESET,0.0028171621571319114,0.0005530887817849276,0.0037746085801561736,30,1
2026-06-07 00:29:00+00:00,2026-06-07 00:44:00+00:00,BUY,60843.03,,,60798.24,TRANSITION,-0.0007361566312526,0.0007749449690457799,0.002382524341736418,15,2
2026-06-07 00:44:00+00:00,2026-06-07 01:14:00+00:00,SELL,60798.24,,,61316.0,TRANSITION,-0.008516035990515548,0.00989765493211649,0.000859235398919409,30,3
2026-06-07 01:14:00+00:00,2026-06-07 02:14:00+00:00,BUY,61316.0,,,61411.11,TRANSITION,0.0015511448887729235,0.0009860395329114608,0.005677637158327311,60,15
2026-06-07 02:14:00+00:00,2026-06-07 02:44:00+00:00,SELL,61411.11,,,61320.3,TRANSITION,0.0014787226610949984,0.00026672698148588064,0.0036981907671103905,30,3
2026-06-07 02:44:00+00:00,2026-06-07 04:14:00+00:00,BUY,61320.3,,,61552.0,TRANSITION,0.0037785203268737608,1.4840110045180672e-05,0.007469467696668132,90,3
2026-06-07 04:14:00+00:00,2026-06-07 04:29:00+00:00,SELL,61552.0,,,61554.96,TRANSITION,-4.808942032751376e-05,0.0012953275279439043,0.0011297764491811943,15,5
2026-06-07 04:29:00+00:00,2026-06-07 05:29:00+00:00,BUY,61554.96,,,61740.49,TRANSITION,0.00301405443200676,0.00012151742117931562,0.009813019129571375,60,2
2026-06-07 05:29:00+00:00,2026-06-07 05:44:00+00:00,SELL,61740.49,,,61872.0,TRANSITION,-0.0021300446433127115,0.0021300446433127115,0.0015142413025876207,15,1
2026-06-07 05:44:00+00:00,2026-06-07 06:14:00+00:00,BUY,61872.0,,,61678.01,TRANSITION,-0.0031353439358675645,0.004082622187742412,0.0,30,3
2026-06-07 06:14:00+00:00,2026-06-07 06:29:00+00:00,SELL,61678.01,,,61970.18,TRANSITION,-0.0047370205361683725,0.005488990322482771,0.0003174551189313946,15,3
2026-06-07 06:29:00+00:00,2026-06-07 10:59:00+00:00,BUY,61970.18,,,62370.52,TRANSITION,0.006460203923887207,0.00012199415912617442,0.01597252097702475,270,2
2026-06-07 10:59:00+00:00,2026-06-07 11:14:00+00:00,SELL,62370.52,,,62460.01,TRANSITION,-0.001434812472302704,0.002396645081682872,0.00017764802987043352,15,2
2026-06-07 11:14:00+00:00,2026-06-07 12:14:00+00:00,BUY,62460.01,,,62085.16,TRANSITION,-0.006001439961344843,0.006384244895253812,0.0047140562417456395,60,225
2026-06-07 12:14:00+00:00,2026-06-07 13:29:00+00:00,SELL,62085.16,,,61848.45,TRANSITION,0.0038126663440990792,0.0023783461297352897,0.008182953865303735,75,3
2026-06-07 13:29:00+00:00,2026-06-07 13:44:00+00:00,BUY,61848.45,,,61739.53,TRANSITION,-0.0017610788952673552,0.002788267127147036,0.0009359975876517426,15,2
2026-06-07 13:44:00+00:00,2026-06-07 14:14:00+00:00,SELL,61739.53,,,61793.43,TRANSITION,-0.0008730225189599185,0.0013825826014548634,0.0007374529738078478,30,75
2026-06-07 14:14:00+00:00,2026-06-07 14:59:00+00:00,BUY,61793.43,,,61905.49,TRANSITION,0.0018134613987279501,0.0007675573276964929,0.008402835058678535,45,3
2026-06-07 14:59:00+00:00,2026-06-07 15:29:00+00:00,SELL,61905.49,,,61963.2,TRANSITION,-0.0009322274971088853,0.001074379671334514,0.0037311715002982114,30,15
2026-06-07 15:29:00+00:00,2026-06-07 16:59:00+00:00,BUY,61963.2,,,62083.64,TRANSITION,0.001943734345547072,8.392077878478016e-05,0.005951919849200863,90,2
2026-06-07 16:59:00+00:00,2026-06-07 17:14:00+00:00,SELL,62083.64,,,62287.44,TRANSITION,-0.0032826683486986735,0.0038857257725223257,0.0005962923565692475,15,1
2026-06-07 17:14:00+00:00,2026-06-07 17:59:00+00:00,BUY,62287.44,,,62160.01,TRANSITION,-0.0020458378125670328,0.003058401501169417,0.0006832838209436392,45,9
2026-06-07 17:59:00+00:00,2026-06-07 18:14:00+00:00,SELL,62160.01,,,62282.2,TRANSITION,-0.0019657332744958543,0.002187740960788101,0.0002693049759806222,15,2
2026-06-07 18:14:00+00:00,2026-06-07 18:59:00+00:00,BUY,62282.2,,,62030.14,TRANSITION,-0.004047063205859743,0.004177758653355166,0.00015734832745154973,45,1
2026-06-07 18:59:00+00:00,2026-06-07 20:14:00+00:00,SELL,62030.14,,,61580.18,TRANSITION,0.0072538930268414535,0.00010704473663930821,0.013640788171685563,75,1
2026-06-07 20:14:00+00:00,2026-06-07 21:29:00+00:00,BUY,61580.18,,,61781.85,TRANSITION,0.0032749173516543515,0.0019171752989354314,0.007105045811818004,75,9
2026-06-07 21:29:00+00:00,2026-06-07 21:59:00+00:00,SELL,61781.85,,,61778.41,TRANSITION,5.567978297825417e-05,0.0010383308366454138,0.002101588087763583,30,1
2026-06-07 21:59:00+00:00,2026-06-07 23:59:00+00:00,BUY,61778.41,,,63332.01,SESSION_RESET,0.02514794407949312,0.0008142003007199912,0.03975935929720426,120,2
2026-06-08 01:14:00+00:00,2026-06-08 01:44:00+00:00,SELL,63066.01,,,63114.0,TRANSITION,-0.0007609487265802603,0.0016806200360542543,0.005472837111464662,30,3
2026-06-08 01:44:00+00:00,2026-06-08 03:44:00+00:00,BUY,63114.0,,,63147.99,TRANSITION,0.0005385492917577394,0.003105491650030104,0.005450454732705897,120,3
2026-06-08 03:44:00+00:00,2026-06-08 05:59:00+00:00,SELL,63147.99,,,62764.0,TRANSITION,0.006080795287387579,0.0005069044952975073,0.011718346062954625,135,9
2026-06-08 05:59:00+00:00,2026-06-08 10:29:00+00:00,BUY,62764.0,,,63152.0,TRANSITION,0.006181887706328468,0.0004779810082212733,0.012966987445032193,270,4
2026-06-08 10:29:00+00:00,2026-06-08 11:14:00+00:00,SELL,63152.0,,,63445.99,TRANSITION,-0.004655276159108151,0.004790663795287574,0.0014884722574106917,45,5
2026-06-08 11:14:00+00:00,2026-06-08 11:59:00+00:00,BUY,63445.99,,,63479.61,TRANSITION,0.0005298995255650139,0.0011866786222423337,0.0067315523014142235,45,5
2026-06-08 11:59:00+00:00,2026-06-08 12:29:00+00:00,SELL,63479.61,,,63103.99,TRANSITION,0.005917175609617051,0.0027786875187166306,0.011992984834027772,30,12
2026-06-08 12:29:00+00:00,2026-06-08 13:29:00+00:00,BUY,63103.99,,,63593.01,TRANSITION,0.0077494307412257785,0.0,0.013304546986648543,60,1
2026-06-08 13:29:00+00:00,2026-06-08 13:59:00+00:00,SELL,63593.01,,,63758.0,TRANSITION,-0.002594467536605013,0.004418567386572801,0.003631059451345415,30,3
2026-06-08 13:59:00+00:00,2026-06-08 15:44:00+00:00,BUY,63758.0,,,63866.0,TRANSITION,0.0016939050785783744,0.0030948273157878183,0.006932463377144829,105,7
2026-06-08 15:44:00+00:00,2026-06-08 17:29:00+00:00,SELL,63866.0,,,63626.0,TRANSITION,0.0037578680362007955,0.002831866720946992,0.008834591175273278,105,15
2026-06-08 17:29:00+00:00,2026-06-08 18:44:00+00:00,BUY,63626.0,,,63500.01,TRANSITION,-0.00198016534121268,0.005626473454248231,0.0010058781001477384,75,2
2026-06-08 18:44:00+00:00,2026-06-08 19:29:00+00:00,SELL,63500.01,,,63526.0,TRANSITION,-0.0004092912741273263,0.0010707084928017801,0.002520157083439811,45,9
2026-06-08 19:29:00+00:00,2026-06-08 19:59:00+00:00,BUY,63526.0,,,63372.01,TRANSITION,-0.0024240468469602676,0.0026760696407770045,0.0011019110285552373,30,3
2026-06-08 19:59:00+00:00,2026-06-08 20:44:00+00:00,SELL,63372.01,,,63388.0,TRANSITION,-0.0002523195966168339,0.0009598874960727057,0.0033405915324447553,45,2
2026-06-08 20:44:00+00:00,2026-06-08 22:14:00+00:00,BUY,63388.0,,,63294.01,TRANSITION,-0.0014827727645610835,0.001482930523127406,0.007288445762604909,90,5
2026-06-08 22:14:00+00:00,2026-06-08 22:59:00+00:00,SELL,63294.01,,,63440.01,TRANSITION,-0.0023066953729112753,0.0025593259140951562,0.0013272977964265819,45,1
2026-06-08 22:59:00+00:00,2026-06-08 23:29:00+00:00,BUY,63440.01,,,63152.01,TRANSITION,-0.004539721856916479,0.0057063357966053605,0.002427332530369998,30,1
2026-06-08 23:29:00+00:00,2026-06-08 23:59:00+00:00,SELL,63152.01,,,63085.99,SESSION_RESET,0.0010454140731229944,0.0006965732365446161,0.0027449640953628954,30,2
2026-06-09 01:29:00+00:00,2026-06-09 02:44:00+00:00,BUY,62778.0,,,62654.38,TRANSITION,-0.0019691611711109406,0.0037256682277230784,0.0016104367772149248,75,9
2026-06-09 02:44:00+00:00,2026-06-09 02:59:00+00:00,SELL,62654.38,,,62868.0,TRANSITION,-0.003409498266521872,0.0035052617231229903,0.0,15,33
2026-06-09 02:59:00+00:00,2026-06-09 03:29:00+00:00,BUY,62868.0,,,62808.0,TRANSITION,-0.000954380606986066,0.001431570910479099,0.001780556085767041,30,2
2026-06-09 03:29:00+00:00,2026-06-09 03:44:00+00:00,SELL,62808.0,,,62825.06,TRANSITION,-0.0002716214494968423,0.000796076932874793,0.0016876830976945611,15,6
2026-06-09 03:44:00+00:00,2026-06-09 04:29:00+00:00,BUY,62825.06,,,62793.65,TRANSITION,-0.0004999597294454827,0.0012265806033451886,0.002382170426896584,45,3
2026-06-09 04:29:00+00:00,2026-06-09 04:44:00+00:00,SELL,62793.65,,,63244.01,TRANSITION,-0.0071720627802333604,0.009592530454910625,0.000486354910090445,15,1
2026-06-09 04:44:00+00:00,2026-06-09 06:44:00+00:00,BUY,63244.01,,,63355.58,TRANSITION,0.0017641196375751587,0.001957023281730619,0.004458920299329533,120,15
2026-06-09 06:44:00+00:00,2026-06-09 08:44:00+00:00,SELL,63355.58,,,62984.88,TRANSITION,0.005851102617954162,0.0013893014632649057,0.009250329647364998,120,5
2026-06-09 08:44:00+00:00,2026-06-09 08:59:00+00:00,BUY,62984.88,,,62849.75,TRANSITION,-0.0021454355394500612,0.0023954955538535183,0.0002945151280752287,15,5
2026-06-09 08:59:00+00:00,2026-06-09 09:14:00+00:00,SELL,62849.75,,,62853.94,TRANSITION,-6.666693184940797e-05,0.0006870353501803952,0.002157685591430365,15,4
2026-06-09 09:14:00+00:00,2026-06-09 09:29:00+00:00,BUY,62853.94,,,62819.76,TRANSITION,-0.0005438004363767854,0.0005450732285040848,0.001439686994960029,15,1
2026-06-09 09:29:00+00:00,2026-06-09 10:14:00+00:00,SELL,62819.76,,,62776.0,TRANSITION,0.0006965961028823103,0.0,0.003657447911294186,45,2
2026-06-09 10:14:00+00:00,2026-06-09 10:44:00+00:00,BUY,62776.0,,,62701.25,TRANSITION,-0.0011907416847202752,0.0021982923410220467,0.0,30,3
2026-06-09 10:44:00+00:00,2026-06-09 10:59:00+00:00,SELL,62701.25,,,62786.01,TRANSITION,-0.0013518071808776067,0.0021390323159427064,0.0007532545204442208,15,3
2026-06-09 10:59:00+00:00,2026-06-09 11:14:00+00:00,BUY,62786.01,,,62526.76,TRANSITION,-0.004129104556890938,0.0041802305959559955,0.0005095084080035977,15,1
2026-06-09 11:14:00+00:00,2026-06-09 11:59:00+00:00,SELL,62526.76,,,62711.12,TRANSITION,-0.00294849757127989,0.0032389332183531787,0.0004479681979364041,45,1
2026-06-09 11:59:00+00:00,2026-06-09 12:29:00+00:00,BUY,62711.12,,,62661.06,TRANSITION,-0.0007982635296579769,0.001033947408370378,0.0029350456505959016,30,2
2026-06-09 12:29:00+00:00,2026-06-09 12:59:00+00:00,SELL,62661.06,,,62645.15,TRANSITION,0.0002539056951796892,0.00014251275034288108,0.0038272573109998415,30,2
2026-06-09 12:59:00+00:00,2026-06-09 13:29:00+00:00,BUY,62645.15,,,62342.28,TRANSITION,-0.0048346919115047635,0.006107096878210073,0.0014821578366401636,30,2
2026-06-09 13:29:00+00:00,2026-06-09 16:59:00+00:00,SELL,62342.28,,,61390.51,TRANSITION,0.015266846191701633,0.0031715234027372943,0.02505971870133718,210,3
2026-06-09 16:59:00+00:00,2026-06-09 17:59:00+00:00,BUY,61390.51,,,61692.01,TRANSITION,0.0049111825264198,0.0,0.00811998466864012,60,2
2026-06-09 17:59:00+00:00,2026-06-09 18:59:00+00:00,SELL,61692.01,,,61792.01,TRANSITION,-0.001620955452740152,0.004408836735907907,0.001459022003011444,60,2
2026-06-09 18:59:00+00:00,2026-06-09 21:29:00+00:00,BUY,61792.01,,,61803.66,TRANSITION,0.00018853570226962118,0.0011329943790467738,0.007767832766728221,150,3
2026-06-09 21:29:00+00:00,2026-06-09 22:14:00+00:00,SELL,61803.66,,,61838.81,TRANSITION,-0.0005687365440815994,0.0016558889878042255,0.002216697198839033,45,1
2026-06-09 22:14:00+00:00,2026-06-09 22:59:00+00:00,BUY,61838.81,,,61717.5,TRANSITION,-0.0019617130407263285,0.002587048489451785,0.0022185097028872697,45,1
2026-06-09 22:59:00+00:00,2026-06-09 23:59:00+00:00,SELL,61717.5,,,61730.0,TRANSITION,-0.00020253574755944425,0.0026005589986632643,0.0026167618584680198,60,10
2026-06-09 23:59:00+00:00,2026-06-09 23:59:00+00:00,BUY,61730.0,,,61730.0,SESSION_RESET,0.0,0.0,0.0,0,2
2026-06-10 00:44:00+00:00,2026-06-10 00:59:00+00:00,SELL,61519.99,,,61923.16,TRANSITION,-0.006553479608823173,0.006664662981902339,0.00035744479152220217,15,9
2026-06-10 00:59:00+00:00,2026-06-10 01:44:00+00:00,BUY,61923.16,,,61638.89,TRANSITION,-0.004590689493236522,0.005380216384306025,0.0008323218647109352,45,2
2026-06-10 01:44:00+00:00,2026-06-10 03:29:00+00:00,SELL,61638.89,,,61576.48,TRANSITION,0.0010125101214508603,0.003360054017844912,0.006547814212747805,105,3
2026-06-10 03:29:00+00:00,2026-06-10 04:29:00+00:00,BUY,61576.48,,,61471.99,TRANSITION,-0.0016969141464404142,0.002284638550303627,0.00011367976863893486,60,1
2026-06-10 04:29:00+00:00,2026-06-10 05:29:00+00:00,SELL,61471.99,,,61263.99,TRANSITION,0.0033836548971328245,0.0,0.006376725399649466,60,2
2026-06-10 05:29:00+00:00,2026-06-10 06:29:00+00:00,BUY,61263.99,,,61351.99,TRANSITION,0.001436406606882771,0.00120772414594606,0.0036238253499323507,60,2
2026-06-10 06:29:00+00:00,2026-06-10 06:44:00+00:00,SELL,61351.99,,,61433.57,TRANSITION,-0.0013297042198631495,0.0016952995330714138,0.0033656609997491193,15,6
2026-06-10 06:44:00+00:00,2026-06-10 08:29:00+00:00,BUY,61433.57,,,61537.99,TRANSITION,0.0016997221551669267,9.0992595741978e-05,0.006181799299633682,105,9
2026-06-10 08:29:00+00:00,2026-06-10 09:29:00+00:00,SELL,61537.99,,,61210.46,TRANSITION,0.0053224032829151365,0.0011305211626184038,0.012723684995236243,60,1
2026-06-10 09:29:00+00:00,2026-06-10 10:14:00+00:00,BUY,61210.46,,,61241.75,TRANSITION,0.0005111871402371567,0.0008243689068828943,0.003447123253117196,45,3
2026-06-10 10:14:00+00:00,2026-06-10 10:29:00+00:00,SELL,61241.75,,,61335.69,TRANSITION,-0.0015339208954675907,0.0018684965730077975,0.00147530075479552,15,615
2026-06-10 10:29:00+00:00,2026-06-10 11:14:00+00:00,BUY,61335.69,,,61170.01,TRANSITION,-0.0027012005571307716,0.007638293463397901,0.001961500718423444,45,2
2026-06-10 11:14:00+00:00,2026-06-10 12:14:00+00:00,SELL,61170.01,,,61189.99,TRANSITION,-0.0003266306479269159,0.0014709822672907184,0.0046101022380084615,60,3
2026-06-10 12:14:00+00:00,2026-06-10 16:29:00+00:00,BUY,61189.99,,,62284.0,TRANSITION,0.01787890470320394,0.002336329847414571,0.027259360558810355,255,3
2026-06-10 16:29:00+00:00,2026-06-10 17:59:00+00:00,SELL,62284.0,,,61969.99,TRANSITION,0.005041583713313243,0.002054941879134255,0.01010628732900904,90,9
2026-06-10 17:59:00+00:00,2026-06-10 18:44:00+00:00,BUY,61969.99,,,61775.99,TRANSITION,-0.0031305475440612466,0.003614652834379996,0.0031129583851797218,45,4
2026-06-10 18:44:00+00:00,2026-06-10 18:59:00+00:00,SELL,61775.99,,,61882.0,TRANSITION,-0.0017160388688226937,0.0018779140569014279,0.0030301416456457444,15,3
2026-06-10 18:59:00+00:00,2026-06-10 19:14:00+00:00,BUY,61882.0,,,61752.0,TRANSITION,-0.002100772437865615,0.0023270094696357583,0.000937267703047736,15,3
2026-06-10 19:14:00+00:00,2026-06-10 19:29:00+00:00,SELL,61752.0,,,61793.55,TRANSITION,-0.0006728527011271361,0.0012631169840652933,0.0012665176836377627,15,3
2026-06-10 19:29:00+00:00,2026-06-10 20:44:00+00:00,BUY,61793.55,,,61810.9,TRANSITION,0.0002807736406145713,0.0017081070759003634,0.004360163803503768,75,1
2026-06-10 20:44:00+00:00,2026-06-10 21:44:00+00:00,SELL,61810.9,,,61683.99,TRANSITION,0.0020531977369687786,0.0004060772452754861,0.00495753985138544,60,3
2026-06-10 21:44:00+00:00,2026-06-10 21:59:00+00:00,BUY,61683.99,,,61356.18,TRANSITION,-0.005314344937803111,0.008183647004676508,0.00012985541304967526,15,1
2026-06-10 21:59:00+00:00,2026-06-10 22:44:00+00:00,SELL,61356.18,,,61555.99,TRANSITION,-0.0032565586710254397,0.003550090634716824,0.004106187836335351,45,2
2026-06-10 22:44:00+00:00,2026-06-10 23:14:00+00:00,BUY,61555.99,,,61207.15,TRANSITION,-0.005667035815685793,0.0059493803933622245,9.357334680186344e-05,30,3
2026-06-10 23:14:00+00:00,2026-06-10 23:29:00+00:00,SELL,61207.15,,,61556.0,TRANSITION,-0.005699497526024305,0.005984758316634538,0.000672307075235515,15,5
2026-06-10 23:29:00+00:00,2026-06-10 23:59:00+00:00,BUY,61556.0,,,61510.99,TRANSITION,-0.0007312041068295867,0.0013889791409448307,0.0007797777633374489,30,1
2026-06-10 23:59:00+00:00,2026-06-10 23:59:00+00:00,SELL,61510.99,,,61510.99,SESSION_RESET,0.0,0.0,0.0,0,3
2026-06-11 00:59:00+00:00,2026-06-11 01:14:00+00:00,SELL,61812.0,,,62040.0,TRANSITION,-0.0036886041545331006,0.004898239823982346,0.0,15,2
2026-06-11 01:14:00+00:00,2026-06-11 02:29:00+00:00,BUY,62040.0,,,62058.59,TRANSITION,0.0002996453900708657,0.0003546099290780142,0.00544809800128949,75,3
2026-06-11 02:29:00+00:00,2026-06-11 02:59:00+00:00,SELL,62058.59,,,62148.0,TRANSITION,-0.0014407352793546146,0.0026597446058636677,0.001843419259122616,30,1
2026-06-11 02:59:00+00:00,2026-06-11 05:59:00+00:00,BUY,62148.0,,,62610.0,TRANSITION,0.007433867541996524,0.0021883246443972454,0.011359979404003347,180,5
2026-06-11 05:59:00+00:00,2026-06-11 06:14:00+00:00,SELL,62610.0,,,62781.99,TRANSITION,-0.0027470052707234942,0.00323862002874935,0.0010399297236863214,15,1
2026-06-11 06:14:00+00:00,2026-06-11 06:59:00+00:00,BUY,62781.99,,,62772.0,TRANSITION,-0.00015912206669457216,0.0007967253029092707,0.003433150175711233,45,3
2026-06-11 06:59:00+00:00,2026-06-11 07:29:00+00:00,SELL,62772.0,,,62787.7,TRANSITION,-0.00025011151468803115,0.0004141974128592366,0.0025487478493595546,30,5
2026-06-11 07:29:00+00:00,2026-06-11 07:59:00+00:00,BUY,62787.7,,,62719.39,TRANSITION,-0.0010879519396314514,0.002737478837415567,0.0008794716162560687,30,2
2026-06-11 07:59:00+00:00,2026-06-11 08:14:00+00:00,SELL,62719.39,,,62833.31,TRANSITION,-0.001816344195949582,0.0025083152116115877,1.594403262218792e-07,15,1
2026-06-11 08:14:00+00:00,2026-06-11 09:29:00+00:00,BUY,62833.31,,,62817.88,TRANSITION,-0.00024557038297043864,0.0006892840755961714,0.0034486484955193724,75,3
2026-06-11 09:29:00+00:00,2026-06-11 09:44:00+00:00,SELL,62817.88,,,62938.95,TRANSITION,-0.0019273175089640038,0.0023179706160093368,0.0,15,15
2026-06-11 09:44:00+00:00,2026-06-11 12:29:00+00:00,BUY,62938.95,,,62684.01,TRANSITION,-0.004050591883086627,0.0042871703452312835,0.0050566461626703665,165,13
2026-06-11 12:29:00+00:00,2026-06-11 12:44:00+00:00,SELL,62684.01,,,62918.01,TRANSITION,-0.0037330094229772472,0.004243187377450739,0.0029355173671882515,15,2
2026-06-11 12:44:00+00:00,2026-06-11 13:29:00+00:00,BUY,62918.01,,,62815.46,TRANSITION,-0.0016298989748722648,0.0019256807391079833,0.0019643024310526747,45,3
2026-06-11 13:29:00+00:00,2026-06-11 13:44:00+00:00,SELL,62815.46,,,62964.0,TRANSITION,-0.0023647044851697477,0.0023647044851697477,0.002190861931123367,15,2
2026-06-11 13:44:00+00:00,2026-06-11 14:14:00+00:00,BUY,62964.0,,,62794.01,TRANSITION,-0.002699796709230639,0.003367003367003367,0.0043744044215742375,30,1
2026-06-11 14:14:00+00:00,2026-06-11 14:29:00+00:00,SELL,62794.01,,,63018.32,TRANSITION,-0.0035721560065999553,0.003754020486985875,0.0009779595219353485,15,5
2026-06-11 14:29:00+00:00,2026-06-11 14:59:00+00:00,BUY,63018.32,,,62734.02,TRANSITION,-0.004511386530139218,0.004511545214153562,0.0007883421836697692,30,1
2026-06-11 14:59:00+00:00,2026-06-11 15:59:00+00:00,SELL,62734.02,,,62749.44,TRANSITION,-0.00024579964746409573,0.002452576767756962,0.0034418326770705634,60,1
2026-06-11 15:59:00+00:00,2026-06-11 16:29:00+00:00,BUY,62749.44,,,62639.78,TRANSITION,-0.0017475853170961125,0.002859627113803762,0.001475072924953556,30,1
2026-06-11 16:29:00+00:00,2026-06-11 17:29:00+00:00,SELL,62639.78,,,63012.41,TRANSITION,-0.005948775682162432,0.006055896109469155,0.004658062336745098,60,2
2026-06-11 17:29:00+00:00,2026-06-11 20:14:00+00:00,BUY,63012.41,,,63535.05,TRANSITION,0.008294239182408661,0.0005229128674812527,0.014609979208857322,165,1
2026-06-11 20:14:00+00:00,2026-06-11 20:59:00+00:00,SELL,63535.05,,,63393.67,TRANSITION,0.002225228436902224,0.0002161011913895704,0.0041717130937963046,45,5
2026-06-11 20:59:00+00:00,2026-06-11 22:44:00+00:00,BUY,63393.67,,,63502.62,TRANSITION,0.0017186258501835337,1.5774445610675815e-07,0.004358952557881595,105,7
2026-06-11 22:44:00+00:00,2026-06-11 23:44:00+00:00,SELL,63502.62,,,63634.34,TRANSITION,-0.00207424512563409,0.003108218212098924,0.002214396823312213,60,3
2026-06-11 23:44:00+00:00,2026-06-11 23:59:00+00:00,BUY,63634.34,,,63625.99,SESSION_RESET,-0.00013121845846124193,0.0017833138522375801,0.0003370821477837967,15,5
2026-06-12 00:44:00+00:00,2026-06-12 01:59:00+00:00,SELL,63650.78,,,63426.2,TRANSITION,0.003528314971159847,0.001204384298197186,0.0054869712515698945,75,1
2026-06-12 01:59:00+00:00,2026-06-12 03:14:00+00:00,BUY,63426.2,,,63531.0,TRANSITION,0.001652314027956947,0.0,0.005564104423724005,75,1
2026-06-12 03:14:00+00:00,2026-06-12 03:59:00+00:00,SELL,63531.0,,,63524.82,TRANSITION,9.727534589413501e-05,0.0,0.0027278021753160335,45,3
2026-06-12 03:59:00+00:00,2026-06-12 04:59:00+00:00,BUY,63524.82,,,63700.0,TRANSITION,0.0027576622806644757,0.001548056334516123,0.005339015521807122,60,5
2026-06-12 04:59:00+00:00,2026-06-12 07:59:00+00:00,SELL,63700.0,,,63100.8,TRANSITION,0.009406593406593361,0.0003345368916797123,0.01366075353218214,180,1
2026-06-12 07:59:00+00:00,2026-06-12 09:59:00+00:00,BUY,63100.8,,,63752.93,TRANSITION,0.01033473426644349,0.0,0.013518687560221005,120,4
2026-06-12 09:59:00+00:00,2026-06-12 10:14:00+00:00,SELL,63752.93,,,63771.98,TRANSITION,-0.00029880979587923115,0.0015539677941076545,0.0009798765327334942,15,1
2026-06-12 10:14:00+00:00,2026-06-12 10:29:00+00:00,BUY,63771.98,,,63618.81,TRANSITION,-0.0024018385504104706,0.0028796345981417963,0.0006589100730445691,15,1
2026-06-12 10:29:00+00:00,2026-06-12 10:59:00+00:00,SELL,63618.81,,,63702.01,TRANSITION,-0.0013077893157700429,0.0022557793834874,0.0,30,5
2026-06-12 10:59:00+00:00,2026-06-12 11:59:00+00:00,BUY,63702.01,,,63766.01,TRANSITION,0.001004677874371625,0.0002758154726985806,0.0028645877893020318,60,110
2026-06-12 11:59:00+00:00,2026-06-12 14:14:00+00:00,SELL,63766.01,,,63450.48,TRANSITION,0.004948247506782984,0.00014098420145776665,0.011302573267482177,135,1
2026-06-12 14:14:00+00:00,2026-06-12 15:59:00+00:00,BUY,63450.48,,,63593.02,TRANSITION,0.0022464763071925317,0.0020564068230847616,0.014877113616792167,105,15
2026-06-12 15:59:00+00:00,2026-06-12 16:14:00+00:00,SELL,63593.02,,,63861.34,TRANSITION,-0.004219330989470224,0.006190773767309719,0.0013029731879378164,15,1
2026-06-12 16:14:00+00:00,2026-06-12 16:44:00+00:00,BUY,63861.34,,,63844.99,TRANSITION,-0.000256023440785905,0.0015402119654863696,0.0021086309808094144,30,3
2026-06-12 16:44:00+00:00,2026-06-12 16:59:00+00:00,SELL,63844.99,,,63982.48,TRANSITION,-0.0021534970872421665,0.002153653716603292,0.00020330491084728693,15,3
2026-06-12 16:59:00+00:00,2026-06-12 17:29:00+00:00,BUY,63982.48,,,63832.0,TRANSITION,-0.002351893830936269,0.0036961680760108895,0.0020102378025983886,30,1
2026-06-12 17:29:00+00:00,2026-06-12 17:59:00+00:00,SELL,63832.0,,,63865.44,TRANSITION,-0.0005238751723273958,0.00128446547186361,0.0010652964030580274,30,2
2026-06-12 17:59:00+00:00,2026-06-12 18:14:00+00:00,BUY,63865.44,,,63818.0,TRANSITION,-0.0007428117617290718,0.0025940477353636883,0.0010788307416341948,15,2
2026-06-12 18:14:00+00:00,2026-06-12 18:44:00+00:00,SELL,63818.0,,,63864.43,TRANSITION,-0.0007275376852925552,0.0015327963897332996,0.002068381961202169,30,1
2026-06-12 18:44:00+00:00,2026-06-12 18:59:00+00:00,BUY,63864.43,,,63694.0,TRANSITION,-0.002668621641185873,0.0027938869884221985,0.0005569610501495075,15,5
2026-06-12 18:59:00+00:00,2026-06-12 21:14:00+00:00,SELL,63694.0,,,63600.0,TRANSITION,0.0014758061983860332,0.002149810029202127,0.004615819386441423,135,2
2026-06-12 21:14:00+00:00,2026-06-12 21:44:00+00:00,BUY,63600.0,,,63537.99,TRANSITION,-0.000975000000000032,0.001571855345911968,0.0003871069182390349,30,3
2026-06-12 21:44:00+00:00,2026-06-12 22:14:00+00:00,SELL,63537.99,,,63510.68,TRANSITION,0.0004298215917752147,0.0003778841603267909,0.0013848407858038625,30,3
2026-06-12 22:14:00+00:00,2026-06-12 22:44:00+00:00,BUY,63510.68,,,63507.99,TRANSITION,-4.23550810667171e-05,0.0005981671114212281,0.0023196098671908363,30,1
2026-06-12 22:44:00+00:00,2026-06-12 23:59:00+00:00,SELL,63507.99,,,63580.01,TRANSITION,-0.0011340305369451006,0.0011340305369451006,0.0012779494359685486,75,13
2026-06-12 23:59:00+00:00,2026-06-12 23:59:00+00:00,BUY,63580.01,,,63580.01,SESSION_RESET,0.0,0.0,0.0,0,2
2026-06-13 00:29:00+00:00,2026-06-13 00:59:00+00:00,SELL,63530.0,,,63600.01,TRANSITION,-0.0011019990555643324,0.0019220840547772798,0.00035589485282544594,30,2
2026-06-13 00:59:00+00:00,2026-06-13 02:29:00+00:00,BUY,63600.01,,,63713.43,TRANSITION,0.001783333052935027,0.0,0.0037734270796497982,90,2
2026-06-13 02:29:00+00:00,2026-06-13 02:59:00+00:00,SELL,63713.43,,,63646.01,TRANSITION,0.0010581756467984576,0.00019728964521294347,0.002439517068850324,30,2
2026-06-13 02:59:00+00:00,2026-06-13 03:29:00+00:00,BUY,63646.01,,,63511.81,TRANSITION,-0.0021085375186913422,0.003572101377604009,0.0011763502535350658,30,1
2026-06-13 03:29:00+00:00,2026-06-13 04:44:00+00:00,SELL,63511.81,,,63623.43,TRANSITION,-0.00175746841414223,0.0017977758782185597,0.0005178564427623685,75,3
2026-06-13 04:44:00+00:00,2026-06-13 04:59:00+00:00,BUY,63623.43,,,63512.01,TRANSITION,-0.0017512416416404814,0.0017513988164423121,0.0006362435976809675,15,3
2026-06-13 04:59:00+00:00,2026-06-13 05:14:00+00:00,SELL,63512.01,,,63568.58,TRANSITION,-0.0008906976806433886,0.0012279567281841333,0.00029679425985728594,15,2
2026-06-13 05:14:00+00:00,2026-06-13 08:59:00+00:00,BUY,63568.58,,,63806.0,TRANSITION,0.003734863984691781,0.001186277875013151,0.005370892349648179,225,5
2026-06-13 08:59:00+00:00,2026-06-13 10:14:00+00:00,SELL,63806.0,,,63782.0,TRANSITION,0.00037614017490518134,0.0009662100742877074,0.0012448672538632776,75,5
2026-06-13 10:14:00+00:00,2026-06-13 16:14:00+00:00,BUY,63782.0,,,64097.34,TRANSITION,0.004944028095700927,0.00040763851870433663,0.008905333793233201,360,3
2026-06-13 16:14:00+00:00,2026-06-13 16:44:00+00:00,SELL,64097.34,,,64062.39,TRANSITION,0.0005452644368705019,1.560127144439577e-07,0.0018992987852537713,30,13
2026-06-13 16:44:00+00:00,2026-06-13 17:14:00+00:00,BUY,64062.39,,,63964.16,TRANSITION,-0.0015333489743357361,0.0022218964980856397,0.0016148320410774104,30,5
2026-06-13 17:14:00+00:00,2026-06-13 17:29:00+00:00,SELL,63964.16,,,64097.99,TRANSITION,-0.002092265418634349,0.002092421756183408,0.00031517649883940464,15,45
2026-06-13 17:29:00+00:00,2026-06-13 17:59:00+00:00,BUY,64097.99,,,63971.19,TRANSITION,-0.0019782211579488784,0.0023400109738230166,0.000343380502259151,30,1
2026-06-13 17:59:00+00:00,2026-06-13 18:14:00+00:00,SELL,63971.19,,,64057.06,TRANSITION,-0.0013423230050901873,0.0015577324730084616,0.0,15,5
2026-06-13 18:14:00+00:00,2026-06-13 20:29:00+00:00,BUY,64057.06,,,64241.55,TRANSITION,0.0028800884711225466,0.00045365803550768133,0.0043174007673784116,135,365
2026-06-13 20:29:00+00:00,2026-06-13 20:44:00+00:00,SELL,64241.55,,,64254.8,TRANSITION,-0.0002062528067893754,0.0003538208527035217,0.00022913519365583743,15,2
2026-06-13 20:44:00+00:00,2026-06-13 21:14:00+00:00,BUY,64254.8,,,64242.28,TRANSITION,-0.000194849256398029,0.0004423015868076086,0.0008902058678884237,30,415
2026-06-13 21:14:00+00:00,2026-06-13 21:29:00+00:00,SELL,64242.28,,,64244.53,TRANSITION,-3.502366354369739e-05,0.00046262368023054545,0.00013511351091524603,15,3
2026-06-13 21:29:00+00:00,2026-06-13 23:59:00+00:00,BUY,64244.53,,,64458.01,SESSION_RESET,0.003322928815885231,1.5565527527459955e-07,0.008066678984187416,150,2
2026-06-14 01:44:00+00:00,2026-06-14 02:14:00+00:00,SELL,64564.99,,,64621.37,TRANSITION,-0.0008732286646370526,0.0010998220552655865,5.808101263548558e-05,30,7
2026-06-14 02:14:00+00:00,2026-06-14 02:29:00+00:00,BUY,64621.37,,,64539.99,TRANSITION,-0.0012593357274846488,0.0015623314702241553,0.00022639569541774463,15,9
2026-06-14 02:29:00+00:00,2026-06-14 03:29:00+00:00,SELL,64539.99,,,64530.19,TRANSITION,0.0001518438413144414,0.0003185621813701079,0.0010218470749685132,60,5
2026-06-14 03:29:00+00:00,2026-06-14 03:44:00+00:00,BUY,64530.19,,,64482.66,TRANSITION,-0.0007365544716356613,0.0009947282039616237,0.00014721791459160432,15,14
2026-06-14 03:44:00+00:00,2026-06-14 03:59:00+00:00,SELL,64482.66,,,64545.3,TRANSITION,-0.0009714239456002499,0.0009729747501110835,0.00025123033075875536,15,3
2026-06-14 03:59:00+00:00,2026-06-14 04:29:00+00:00,BUY,64545.3,,,64470.0,TRANSITION,-0.0011666225116314108,0.0011666225116314108,0.00028166264623450955,30,2
2026-06-14 04:29:00+00:00,2026-06-14 06:14:00+00:00,SELL,64470.0,,,64475.36,TRANSITION,-8.313944470297165e-05,0.0002760974096479434,0.002739103458973112,105,2
2026-06-14 06:14:00+00:00,2026-06-14 06:44:00+00:00,BUY,64475.36,,,64244.01,TRANSITION,-0.003588192450573344,0.0037726039839094806,1.5509800956578247e-07,30,3
2026-06-14 06:44:00+00:00,2026-06-14 07:29:00+00:00,SELL,64244.01,,,64356.96,TRANSITION,-0.001758140564388759,0.002006879707540054,0.00046712526195052327,45,1
2026-06-14 07:29:00+00:00,2026-06-14 09:14:00+00:00,BUY,64356.96,,,64428.44,TRANSITION,0.0011106801812889111,0.0009153633111321016,0.0024373432182004957,105,6
2026-06-14 09:14:00+00:00,2026-06-14 09:44:00+00:00,SELL,64428.44,,,64553.54,TRANSITION,-0.0019416891049977081,0.002507588263816378,0.0016647927530140732,30,1
2026-06-14 09:44:00+00:00,2026-06-14 10:59:00+00:00,BUY,64553.54,,,64521.13,TRANSITION,-0.0005020638682247866,0.0008602161864399511,0.001711137762545619,75,5
2026-06-14 10:59:00+00:00,2026-06-14 11:14:00+00:00,SELL,64521.13,,,64562.28,TRANSITION,-0.0006377755628272701,0.0008812616890001862,0.0009474415590675084,15,4
2026-06-14 11:14:00+00:00,2026-06-14 11:59:00+00:00,BUY,64562.28,,,64546.0,TRANSITION,-0.00025215962013731293,0.0008233909954852309,0.0012332278228092723,45,3
2026-06-14 11:59:00+00:00,2026-06-14 13:44:00+00:00,SELL,64546.0,,,64368.0,TRANSITION,0.0027577231741703592,0.00022712484119857918,0.004678833699996901,105,2
2026-06-14 13:44:00+00:00,2026-06-14 14:14:00+00:00,BUY,64368.0,,,64308.33,TRANSITION,-0.0009270134228187648,0.0016150882426050075,0.0003096259010688586,30,3
2026-06-14 14:14:00+00:00,2026-06-14 16:14:00+00:00,SELL,64308.33,,,64108.01,TRANSITION,0.0031149930343394036,0.00033697034272229203,0.006868006057691099,120,95
2026-06-14 16:14:00+00:00,2026-06-14 16:59:00+00:00,BUY,64108.01,,,63942.63,TRANSITION,-0.0025797088382560097,0.0026831280521732313,0.001574062273965394,45,5
2026-06-14 16:59:00+00:00,2026-06-14 18:59:00+00:00,SELL,63942.63,,,63813.3,TRANSITION,0.0020225943161861575,0.001200294701672421,0.004125573189591915,120,1
2026-06-14 18:59:00+00:00,2026-06-14 19:29:00+00:00,BUY,63813.3,,,63797.57,TRANSITION,-0.00024650033770394573,0.001231561445654805,0.0007609698918563633,30,1
2026-06-14 19:29:00+00:00,2026-06-14 20:29:00+00:00,SELL,63797.57,,,63923.99,TRANSITION,-0.001981580176172827,0.002546021737191562,0.0008810680406792787,60,2
2026-06-14 20:29:00+00:00,2026-06-14 23:59:00+00:00,BUY,63923.99,,,65746.45,SESSION_RESET,0.02850979733899588,7.242977167097017e-05,0.029347511004866905,210,3
2026-06-15 00:44:00+00:00,2026-06-15 00:59:00+00:00,SELL,65555.48,,,65625.99,TRANSITION,-0.0010755775108352394,0.0014096456924730548,0.0007852890406720525,15,9
2026-06-15 00:59:00+00:00,2026-06-15 01:29:00+00:00,BUY,65625.99,,,65400.01,TRANSITION,-0.0034434528149594875,0.004144547000357712,1.5237865356029387e-07,30,3
2026-06-15 01:29:00+00:00,2026-06-15 01:44:00+00:00,SELL,65400.01,,,65718.01,TRANSITION,-0.004862384577616926,0.005120182703335876,0.00030581035079352433,15,9
2026-06-15 01:44:00+00:00,2026-06-15 02:44:00+00:00,BUY,65718.01,,,65570.45,TRANSITION,-0.0022453510080417483,0.004139048032647288,0.0008694724627236799,60,7
2026-06-15 02:44:00+00:00,2026-06-15 03:14:00+00:00,SELL,65570.45,,,65727.99,TRANSITION,-0.0024026066619949713,0.002433260714239462,0.0023704275325241828,30,3
2026-06-15 03:14:00+00:00,2026-06-15 04:14:00+00:00,BUY,65727.99,,,65718.89,TRANSITION,-0.00013844938815268533,0.0009616907500139042,0.004062348475892762,60,1
2026-06-15 04:14:00+00:00,2026-06-15 05:14:00+00:00,SELL,65718.89,,,65686.0,TRANSITION,0.0005004649348155366,0.000815595029070117,0.0016415371592551952,60,1
2026-06-15 05:14:00+00:00,2026-06-15 06:59:00+00:00,BUY,65686.0,,,65812.01,TRANSITION,0.0019183692110951308,1.5223944211493028e-07,0.004282038790609934,105,5
2026-06-15 06:59:00+00:00,2026-06-15 07:14:00+00:00,SELL,65812.01,,,65816.57,TRANSITION,-6.928826516637653e-05,0.000850756571634953,0.0018843065270304732,15,1
2026-06-15 07:14:00+00:00,2026-06-15 07:44:00+00:00,BUY,65816.57,,,65747.15,TRANSITION,-0.0010547495866164523,0.0013662213026296084,0.002786988139916635,30,5
2026-06-15 07:44:00+00:00,2026-06-15 08:44:00+00:00,SELL,65747.15,,,65768.01,TRANSITION,-0.0003172761100671373,0.0006517392769117114,0.0019339241320725565,60,15
2026-06-15 08:44:00+00:00,2026-06-15 08:59:00+00:00,BUY,65768.01,,,65662.01,TRANSITION,-0.0016117258223260823,0.0019767969260434484,0.00048640668920962095,15,3
2026-06-15 08:59:00+00:00,2026-06-15 10:14:00+00:00,SELL,65662.01,,,65740.01,TRANSITION,-0.0011879014973802966,0.001789314704195093,0.002284578251564257,75,2
2026-06-15 10:14:00+00:00,2026-06-15 13:59:00+00:00,BUY,65740.01,,,66447.05,TRANSITION,0.010755094196061245,0.0005477638351438456,0.01839382135780032,225,3
2026-06-15 13:59:00+00:00,2026-06-15 14:29:00+00:00,SELL,66447.05,,,66559.99,TRANSITION,-0.0016996992342023058,0.0016998497299729196,0.00294174082972835,30,6
2026-06-15 14:29:00+00:00,2026-06-15 17:29:00+00:00,BUY,66559.99,,,66818.01,TRANSITION,0.0038765029862532956,0.002079327235475978,0.011000001652644312,180,1
2026-06-15 17:29:00+00:00,2026-06-15 17:44:00+00:00,SELL,66818.01,,,66884.01,TRANSITION,-0.0009877576419890387,0.001594031309822147,0.0020953931432557593,15,2
2026-06-15 17:44:00+00:00,2026-06-15 18:59:00+00:00,BUY,66884.01,,,66766.12,TRANSITION,-0.0017626036477178838,0.0025177916216446083,0.0009073917667317246,75,3
2026-06-15 18:59:00+00:00,2026-06-15 19:14:00+00:00,SELL,66766.12,,,66854.0,TRANSITION,-0.0013162364384811437,0.0017958209942409225,0.0005709482593865773,15,1
2026-06-15 19:14:00+00:00,2026-06-15 19:29:00+00:00,BUY,66854.0,,,66530.54,TRANSITION,-0.00483830436473519,0.007568731863463667,0.0005362431567296769,15,385
2026-06-15 19:29:00+00:00,2026-06-15 19:44:00+00:00,SELL,66530.54,,,66722.0,TRANSITION,-0.002877776131082153,0.002977429613528029,8.116573230783895e-06,15,1
2026-06-15 19:44:00+00:00,2026-06-15 20:14:00+00:00,BUY,66722.0,,,66557.99,TRANSITION,-0.002458109768891741,0.003290219118131933,0.00041890231108175847,30,1
2026-06-15 20:14:00+00:00,2026-06-15 23:44:00+00:00,SELL,66557.99,,,66269.52,TRANSITION,0.004334115257987826,0.0018526701302127313,0.007233241268253556,210,3
2026-06-15 23:44:00+00:00,2026-06-15 23:59:00+00:00,BUY,66269.52,,,66328.74,SESSION_RESET,0.000893623493877746,0.000352952609284018,0.0014860527132231518,15,1
2026-06-16 00:29:00+00:00,2026-06-16 00:44:00+00:00,SELL,66247.99,,,66414.53,TRANSITION,-0.002513887591155499,0.0032494570778674116,6.0228242396565365e-05,15,1
2026-06-16 00:44:00+00:00,2026-06-16 01:14:00+00:00,BUY,66414.53,,,66285.14,TRANSITION,-0.0019482182588659352,0.0025795560098067763,0.0003231220638014965,30,1
2026-06-16 01:14:00+00:00,2026-06-16 01:29:00+00:00,SELL,66285.14,,,66376.66,TRANSITION,-0.001380701617285625,0.0014657885613578471,0.00036765404734749515,15,3
2026-06-16 01:29:00+00:00,2026-06-16 01:59:00+00:00,BUY,66376.66,,,66346.52,TRANSITION,-0.00045407527284439163,0.0007406217788000103,0.0006229599380262771,30,3
2026-06-16 01:59:00+00:00,2026-06-16 03:29:00+00:00,SELL,66346.52,,,65980.46,TRANSITION,0.005517395637329549,0.00031908229700665917,0.010498214525795838,90,4
2026-06-16 03:29:00+00:00,2026-06-16 04:29:00+00:00,BUY,65980.46,,,65980.0,TRANSITION,-6.9717610335908964e-06,6.9717610335908964e-06,0.00487068444203019,60,5
2026-06-16 04:29:00+00:00,2026-06-16 05:14:00+00:00,SELL,65980.0,,,66026.0,TRANSITION,-0.0006971809639284631,0.0013337374962109731,0.0026977872082449227,45,1
2026-06-16 05:14:00+00:00,2026-06-16 05:59:00+00:00,BUY,66026.0,,,66045.0,TRANSITION,0.0002877654257413746,0.0009087329233938145,0.0018813800623996783,45,3
2026-06-16 05:59:00+00:00,2026-06-16 06:14:00+00:00,SELL,66045.0,,,66188.92,TRANSITION,-0.002179120296767329,0.002195472783708078,1.5141191603847848e-07,15,2
2026-06-16 06:14:00+00:00,2026-06-16 07:14:00+00:00,BUY,66188.92,,,66348.32,TRANSITION,0.0024082580589018334,0.0005259188395882222,0.005802632827367586,60,3
2026-06-16 07:14:00+00:00,2026-06-16 07:59:00+00:00,SELL,66348.32,,,66372.0,TRANSITION,-0.0003569042893624588,0.0019528753704689495,0.0007267704743692253,45,1
2026-06-16 07:59:00+00:00,2026-06-16 09:59:00+00:00,BUY,66372.0,,,66510.0,TRANSITION,0.0020791900198879045,0.00040589405170858686,0.009341288495148557,120,3
2026-06-16 09:59:00+00:00,2026-06-16 10:29:00+00:00,SELL,66510.0,,,66672.17,TRANSITION,-0.0024382799579010413,0.004029469252743948,0.0001419335438280308,30,2
2026-06-16 10:29:00+00:00,2026-06-16 10:59:00+00:00,BUY,66672.17,,,66514.0,TRANSITION,-0.002372354162163887,0.002786619964521833,0.0,30,10
2026-06-16 10:59:00+00:00,2026-06-16 11:59:00+00:00,SELL,66514.0,,,66481.73,TRANSITION,0.0004851610187329596,0.0019428992392578393,0.002189614216555904,60,3
2026-06-16 11:59:00+00:00,2026-06-16 12:44:00+00:00,BUY,66481.73,,,66498.01,TRANSITION,0.00024487930744279424,0.0011368536889759299,0.0050580813706262474,45,1
2026-06-16 12:44:00+00:00,2026-06-16 17:59:00+00:00,SELL,66498.01,,,65978.79,TRANSITION,0.007808053203396631,2.9925707551327308e-05,0.01709960944695934,315,5
2026-06-16 17:59:00+00:00,2026-06-16 18:29:00+00:00,BUY,65978.79,,,65909.99,TRANSITION,-0.0010427593473597858,0.001618550446287263,0.004090708544367194,30,1
2026-06-16 18:29:00+00:00,2026-06-16 20:14:00+00:00,SELL,65909.99,,,65759.99,TRANSITION,0.0022758310234912795,0.000910484131464665,0.0053101206660781655,105,5
2026-06-16 20:14:00+00:00,2026-06-16 21:29:00+00:00,BUY,65759.99,,,65728.01,TRANSITION,-0.0004863139425661481,0.0010034977195100734,0.0027069651318376835,75,1
2026-06-16 21:29:00+00:00,2026-06-16 21:59:00+00:00,SELL,65728.01,,,65776.97,TRANSITION,-0.0007448879100402767,0.0009085928510539292,0.001112311174490154,30,5
2026-06-16 21:59:00+00:00,2026-06-16 22:44:00+00:00,BUY,65776.97,,,65720.64,TRANSITION,-0.0008563787599216222,0.001109354839543402,0.0015967594737185194,45,12
2026-06-16 22:44:00+00:00,2026-06-16 22:59:00+00:00,SELL,65720.64,,,65780.0,TRANSITION,-0.0009032170106681947,0.0010858080505606852,0.0006183749884358919,15,3
2026-06-16 22:59:00+00:00,2026-06-16 23:44:00+00:00,BUY,65780.0,,,65722.68,TRANSITION,-0.0008713894800852385,0.002067497719671633,0.0008238066281544896,45,3
2026-06-16 23:44:00+00:00,2026-06-16 23:59:00+00:00,SELL,65722.68,,,65675.01,SESSION_RESET,0.0007253203916821143,-1.5215447688319028e-07,0.0014573355803506316,15,3
2026-06-17 00:59:00+00:00,2026-06-17 01:14:00+00:00,SELL,65700.0,,,65805.29,TRANSITION,-0.0016025875190257778,0.002009132420091324,0.00018264840182648402,15,2
2026-06-17 01:14:00+00:00,2026-06-17 01:29:00+00:00,BUY,65805.29,,,65585.74,TRANSITION,-0.003336357912866707,0.0049812104771515126,0.0,15,1
2026-06-17 01:29:00+00:00,2026-06-17 01:44:00+00:00,SELL,65585.74,,,65759.76,TRANSITION,-0.002653320676110226,0.0035407086967380584,0.0006289476950324872,15,2
2026-06-17 01:44:00+00:00,2026-06-17 02:44:00+00:00,BUY,65759.76,,,65858.05,TRANSITION,0.0014946830706196032,0.0,0.0066946716350547095,60,5
2026-06-17 02:44:00+00:00,2026-06-17 02:59:00+00:00,SELL,65858.05,,,65904.0,TRANSITION,-0.0006977127321564651,0.0008576020699063504,0.0003651793516510572,15,3
2026-06-17 02:59:00+00:00,2026-06-17 03:14:00+00:00,BUY,65904.0,,,65820.01,TRANSITION,-0.0012744294731731798,0.0014566642388929353,0.0,15,4
2026-06-17 03:14:00+00:00,2026-06-17 03:59:00+00:00,SELL,65820.01,,,65851.99,TRANSITION,-0.00048587048224408473,0.0009568518752885404,0.001770890037847118,45,5
2026-06-17 03:59:00+00:00,2026-06-17 04:59:00+00:00,BUY,65851.99,,,65892.0,TRANSITION,0.0006075746534006756,0.000967017093940632,0.0029794088227249787,60,2
2026-06-17 04:59:00+00:00,2026-06-17 05:29:00+00:00,SELL,65892.0,,,65856.0,TRANSITION,0.0005463485703879075,0.0013051660292600013,0.002208007041826098,30,2
2026-06-17 05:29:00+00:00,2026-06-17 06:29:00+00:00,BUY,65856.0,,,65650.01,TRANSITION,-0.00312788508260455,0.0031280369290573374,0.0011847060252673117,60,2
2026-06-17 06:29:00+00:00,2026-06-17 12:44:00+00:00,SELL,65650.01,,,64914.6,TRANSITION,0.01120197849170162,0.001364965519426434,0.01652718712457157,375,1
2026-06-17 12:44:00+00:00,2026-06-17 13:29:00+00:00,BUY,64914.6,,,64927.99,TRANSITION,0.00020627100837098924,0.0007291117868707771,0.002979298955858951,45,1
2026-06-17 13:29:00+00:00,2026-06-17 13:44:00+00:00,SELL,64927.99,,,65280.0,TRANSITION,-0.005421544698981164,0.006387383931028839,0.0012011768730249921,15,2
2026-06-17 13:44:00+00:00,2026-06-17 14:44:00+00:00,BUY,65280.0,,,65111.42,TRANSITION,-0.002582414215686301,0.0035310968137255215,0.0027784926470587833,60,5
2026-06-17 14:44:00+00:00,2026-06-17 15:14:00+00:00,SELL,65111.42,,,65234.27,TRANSITION,-0.001886765793158843,0.002711966656540462,0.005201852455375679,30,15
2026-06-17 15:14:00+00:00,2026-06-17 16:59:00+00:00,BUY,65234.27,,,65864.12,TRANSITION,0.009655201169569286,0.0005559961045014652,0.018573979596920396,105,1
2026-06-17 16:59:00+00:00,2026-06-17 17:29:00+00:00,SELL,65864.12,,,65973.99,TRANSITION,-0.0016681312981940684,0.002214862963325171,0.0009735194214998295,30,1
2026-06-17 17:29:00+00:00,2026-06-17 17:44:00+00:00,BUY,65973.99,,,65858.66,TRANSITION,-0.0017481131579278704,0.0020006369176702094,0.0005761361409245486,15,5
2026-06-17 17:44:00+00:00,2026-06-17 17:59:00+00:00,SELL,65858.66,,,66104.08,TRANSITION,-0.0037264651300223574,0.005061141541598211,0.0005363000097482546,15,3
2026-06-17 17:59:00+00:00,2026-06-17 18:14:00+00:00,BUY,66104.08,,,65301.52,TRANSITION,-0.012140854240767059,0.01972767792850308,5.914914782874964e-05,15,2
2026-06-17 18:14:00+00:00,2026-06-17 18:44:00+00:00,SELL,65301.52,,,66036.87,TRANSITION,-0.011260840482732999,0.011584263275954503,0.000451291179745799,30,1
2026-06-17 18:44:00+00:00,2026-06-17 19:14:00+00:00,BUY,66036.87,,,65366.01,TRANSITION,-0.010158870340159873,0.014274298585017695,8.252965351040475e-05,30,3
2026-06-17 19:14:00+00:00,2026-06-17 22:29:00+00:00,SELL,65366.01,,,64364.42,TRANSITION,0.01532279544062738,0.00021417859220717312,0.022186454397323703,195,3
2026-06-17 22:29:00+00:00,2026-06-17 22:59:00+00:00,BUY,64364.42,,,64300.01,TRANSITION,-0.0010007081552198594,0.0018709094248033037,0.0010940827245860098,30,3
2026-06-17 22:59:00+00:00,2026-06-17 23:29:00+00:00,SELL,64300.01,,,64496.0,TRANSITION,-0.0030480555135216614,0.003564385137731628,0.0008088645709386676,30,2
2026-06-17 23:29:00+00:00,2026-06-17 23:59:00+00:00,BUY,64496.0,,,64509.4,SESSION_RESET,0.00020776482262468147,0.0014884644008930786,0.0004107231456214023,30,10
2026-06-18 00:59:00+00:00,2026-06-18 01:14:00+00:00,SELL,64468.01,,,64729.6,TRANSITION,-0.004057671393920745,0.005242755282813878,2.6524783377044317e-05,15,3
2026-06-18 01:14:00+00:00,2026-06-18 02:59:00+00:00,BUY,64729.6,,,64689.5,TRANSITION,-0.0006195001977456765,0.003898371069804178,0.0007270244215939068,105,1
2026-06-18 02:59:00+00:00,2026-06-18 05:14:00+00:00,SELL,64689.5,,,63921.26,TRANSITION,0.011875806738342359,0.0,0.01535349631702207,135,5
2026-06-18 05:14:00+00:00,2026-06-18 08:44:00+00:00,BUY,63921.26,,,64517.01,TRANSITION,0.009320060336733037,0.001114809063526001,0.011349744983124518,210,5
2026-06-18 08:44:00+00:00,2026-06-18 11:29:00+00:00,SELL,64517.01,,,64069.99,TRANSITION,0.006928715388391435,0.00017034267397075535,0.00940852652657031,165,1
2026-06-18 11:29:00+00:00,2026-06-18 11:44:00+00:00,BUY,64069.99,,,63970.0,TRANSITION,-0.0015606370470792638,0.0029943816129829044,0.00030700800796137987,15,2
2026-06-18 11:44:00+00:00,2026-06-18 11:59:00+00:00,SELL,63970.0,,,63974.4,TRANSITION,-6.878224167580828e-05,0.0010317336251367828,0.0012505862122870095,15,141
2026-06-18 11:59:00+00:00,2026-06-18 13:44:00+00:00,BUY,63974.4,,,63885.66,TRANSITION,-0.0013871173469387436,0.0015379589335734203,0.0073590373649459915,105,3
2026-06-18 13:44:00+00:00,2026-06-18 19:29:00+00:00,SELL,63885.66,,,62777.01,TRANSITION,0.017353659647564124,0.0049776428700900955,0.02525746779480722,345,1
2026-06-18 19:29:00+00:00,2026-06-18 20:44:00+00:00,BUY,62777.01,,,63133.9,TRANSITION,0.00568504297990617,0.00024005603325165866,0.007919778275518383,75,9
2026-06-18 20:44:00+00:00,2026-06-18 21:59:00+00:00,SELL,63133.9,,,62971.32,TRANSITION,0.0025751616801750208,1.8373647121375625e-05,0.0041738273732495855,75,83
2026-06-18 21:59:00+00:00,2026-06-18 22:29:00+00:00,BUY,62971.32,,,62831.99,TRANSITION,-0.002212594558919866,0.0030510715036622606,0.0002966429796929823,30,4
2026-06-18 22:29:00+00:00,2026-06-18 22:59:00+00:00,SELL,62831.99,,,62885.85,TRANSITION,-0.0008572066553995916,0.0010292527739453347,0.0014322322116488426,30,2
2026-06-18 22:59:00+00:00,2026-06-18 23:14:00+00:00,BUY,62885.85,,,62761.34,TRANSITION,-0.0019799366630172295,0.002055311329973277,0.000688231136257184,15,2
2026-06-18 23:14:00+00:00,2026-06-18 23:29:00+00:00,SELL,62761.34,,,62884.0,TRANSITION,-0.0019543878444915853,0.0019543878444915853,1.593337553780928e-07,15,1
2026-06-18 23:29:00+00:00,2026-06-18 23:59:00+00:00,BUY,62884.0,,,62958.01,SESSION_RESET,0.0011769289485402015,0.00041345970358119713,0.0016080402010050668,30,2
2026-06-19 01:29:00+00:00,2026-06-19 01:59:00+00:00,SELL,62926.0,,,63021.86,TRANSITION,-0.0015233766646537295,0.0016854718240472567,0.0011758255728951143,30,2
2026-06-19 01:59:00+00:00,2026-06-19 02:29:00+00:00,BUY,63021.86,,,62956.08,TRANSITION,-0.0010437648143040977,0.0010437648143040977,0.0014031639180436802,30,5
2026-06-19 02:29:00+00:00,2026-06-19 02:59:00+00:00,SELL,62956.08,,,63006.0,TRANSITION,-0.0007929337404742839,0.0010782119852442748,0.0009906906529123577,30,1
2026-06-19 02:59:00+00:00,2026-06-19 03:14:00+00:00,BUY,63006.0,,,62734.87,TRANSITION,-0.004303240961178259,0.004594324350061917,0.00037520236167983077,15,3
2026-06-19 03:14:00+00:00,2026-06-19 04:14:00+00:00,SELL,62734.87,,,62869.99,TRANSITION,-0.0021538260938453423,0.0022448440556263917,0.005546676035193843,60,3
2026-06-19 04:14:00+00:00,2026-06-19 04:29:00+00:00,BUY,62869.99,,,62730.87,TRANSITION,-0.002212820456946078,0.0024175286173896,0.0007423255515072538,15,5
2026-06-19 04:29:00+00:00,2026-06-19 05:14:00+00:00,SELL,62730.87,,,62669.99,TRANSITION,0.0009704950688553284,1.8172870868830894e-05,0.0051221990066453674,45,2
2026-06-19 05:14:00+00:00,2026-06-19 07:14:00+00:00,BUY,62669.99,,,62780.0,TRANSITION,0.0017553856319428491,0.0017298550709836753,0.003946546026255976,120,1
2026-06-19 07:14:00+00:00,2026-06-19 08:14:00+00:00,SELL,62780.0,,,62671.99,TRANSITION,0.001720452373367347,0.0007897419560369823,0.004392003822873578,60,1
2026-06-19 08:14:00+00:00,2026-06-19 08:44:00+00:00,BUY,62671.99,,,62660.27,TRANSITION,-0.00018700539108461634,0.0013720642985805614,0.0017553296137557152,30,3
2026-06-19 08:44:00+00:00,2026-06-19 10:14:00+00:00,SELL,62660.27,,,62559.0,TRANSITION,0.0016161756085633977,0.00015528180775478947,0.005487209040114166,90,75
2026-06-19 10:14:00+00:00,2026-06-19 10:44:00+00:00,BUY,62559.0,,,62418.0,TRANSITION,-0.0022538723445067856,0.0023427484454674415,0.0,30,3
2026-06-19 10:44:00+00:00,2026-06-19 10:59:00+00:00,SELL,62418.0,,,62533.25,TRANSITION,-0.0018464225063283028,0.002711877983914845,0.00022429427408760295,15,5
2026-06-19 10:59:00+00:00,2026-06-19 12:14:00+00:00,BUY,62533.25,,,62623.62,TRANSITION,0.0014451511795725094,0.0012909931916221082,0.0024743636385443457,75,1
2026-06-19 12:14:00+00:00,2026-06-19 12:59:00+00:00,SELL,62623.62,,,62830.01,TRANSITION,-0.0032957213268731416,0.0039820438358561085,0.004321372670567473,45,3
2026-06-19 12:59:00+00:00,2026-06-19 15:29:00+00:00,BUY,62830.01,,,63054.81,TRANSITION,0.003577908072909675,0.0026103767928733743,0.00937863928399812,150,1
2026-06-19 15:29:00+00:00,2026-06-19 15:44:00+00:00,SELL,63054.81,,,63252.15,TRANSITION,-0.0031296581497906946,0.003632553963765856,1.5859218344740569e-07,15,10
2026-06-19 15:44:00+00:00,2026-06-19 16:44:00+00:00,BUY,63252.15,,,63244.0,TRANSITION,-0.00012884937508055385,0.002500310266133269,0.002144591132475362,60,3
2026-06-19 16:44:00+00:00,2026-06-19 17:44:00+00:00,SELL,63244.0,,,63099.99,TRANSITION,0.00227705394978183,0.0,0.005961197900196098,60,3
2026-06-19 17:44:00+00:00,2026-06-19 18:44:00+00:00,BUY,63099.99,,,63051.99,TRANSITION,-0.0007606974264179756,0.0017213948845316038,0.0025911256087362295,60,3
2026-06-19 18:44:00+00:00,2026-06-19 18:59:00+00:00,SELL,63051.99,,,63110.01,TRANSITION,-0.0009201930026317024,0.0013958322330508844,0.000570798796358338,15,9
2026-06-19 18:59:00+00:00,2026-06-19 19:29:00+00:00,BUY,63110.01,,,62998.45,TRANSITION,-0.0017677068978440178,0.0026621767291750077,9.982568533856683e-06,30,2
2026-06-19 19:29:00+00:00,2026-06-19 19:44:00+00:00,SELL,62998.45,,,62998.57,TRANSITION,-1.9048087691462147e-06,0.00040413692717846875,0.0006035069116779349,15,9
2026-06-19 19:44:00+00:00,2026-06-19 21:29:00+00:00,BUY,62998.57,,,63156.77,TRANSITION,0.0025111681106411952,0.0006346175794149486,0.004398036336380329,105,395
2026-06-19 21:29:00+00:00,2026-06-19 22:14:00+00:00,SELL,63156.77,,,63097.99,TRANSITION,0.0009306999075475019,0.00014614426925257896,0.00172222233657606,45,2
2026-06-19 22:14:00+00:00,2026-06-19 23:59:00+00:00,BUY,63097.99,,,63543.91,SESSION_RESET,0.007067103088386897,0.0,0.009002030017121021,105,1
2026-06-20 00:59:00+00:00,2026-06-20 01:29:00+00:00,SELL,63530.01,,,63511.19,TRANSITION,0.000296237951166696,0.00015724851924307838,0.0019834720630455124,30,2
2026-06-20 01:29:00+00:00,2026-06-20 02:14:00+00:00,BUY,63511.19,,,63474.0,TRANSITION,-0.0005855661026033731,0.0006800376437601362,0.001653881780517746,45,1
2026-06-20 02:14:00+00:00,2026-06-20 03:29:00+00:00,SELL,63474.0,,,63443.94,TRANSITION,0.00047357973343412535,0.00031508964300343446,0.0024239846236254305,75,3
2026-06-20 03:29:00+00:00,2026-06-20 04:14:00+00:00,BUY,63443.94,,,63423.61,TRANSITION,-0.00032044037618095196,0.0006610560441233997,0.0010412341982543591,45,6
2026-06-20 04:14:00+00:00,2026-06-20 04:29:00+00:00,SELL,63423.61,,,63568.81,TRANSITION,-0.002289368265224844,0.002320113913414917,0.0,15,15
2026-06-20 04:29:00+00:00,2026-06-20 07:59:00+00:00,BUY,63568.81,,,63655.21,TRANSITION,0.0013591571086512624,0.000818168532649813,0.0053211630043098505,210,1
2026-06-20 07:59:00+00:00,2026-06-20 09:14:00+00:00,SELL,63655.21,,,63520.0,TRANSITION,0.002124099504188253,0.00014421443272279348,0.004128491603436634,75,2
2026-06-20 09:14:00+00:00,2026-06-20 10:44:00+00:00,BUY,63520.0,,,63598.0,TRANSITION,0.0012279596977329975,9.241183879097322e-05,0.0042150503778337215,90,3
2026-06-20 10:44:00+00:00,2026-06-20 10:59:00+00:00,SELL,63598.0,,,63674.7,TRANSITION,-0.0012060127676970516,0.0012579011918613793,0.0,15,5
2026-06-20 10:59:00+00:00,2026-06-20 11:59:00+00:00,BUY,63674.7,,,63688.0,TRANSITION,0.00020887416823326866,0.0008474323396890622,0.0019483405497003512,60,1
2026-06-20 11:59:00+00:00,2026-06-20 12:14:00+00:00,SELL,63688.0,,,63753.9,TRANSITION,-0.0010347318176108758,0.0015349830423313975,0.00025106770506214615,15,5
2026-06-20 12:14:00+00:00,2026-06-20 12:44:00+00:00,BUY,63753.9,,,63625.91,TRANSITION,-0.002007563458862877,0.002661954798059399,0.00018979231074488847,30,35
2026-06-20 12:44:00+00:00,2026-06-20 12:59:00+00:00,SELL,63625.91,,,63655.09,TRANSITION,-0.0004586181950088103,0.00047024867699335465,0.0013818269946945438,15,3
2026-06-20 12:59:00+00:00,2026-06-20 13:14:00+00:00,BUY,63655.09,,,63586.0,TRANSITION,-0.0010853806034992097,0.0010853806034992097,1.5709662812568907e-07,15,3
2026-06-20 13:14:00+00:00,2026-06-20 14:29:00+00:00,SELL,63586.0,,,63369.99,TRANSITION,0.003397131444028592,0.0005996603025822882,0.0063188437706413495,75,1
2026-06-20 14:29:00+00:00,2026-06-20 16:14:00+00:00,BUY,63369.99,,,63994.98,TRANSITION,0.009862554814984274,0.000458734489306369,0.016064544116229183,105,1
2026-06-20 16:14:00+00:00,2026-06-20 16:29:00+00:00,SELL,63994.98,,,63998.0,TRANSITION,-4.719120155982232e-05,0.0016663807067366756,0.0002273615836742649,15,3
2026-06-20 16:29:00+00:00,2026-06-20 17:59:00+00:00,BUY,63998.0,,,63834.7,TRANSITION,-0.0025516422388200087,0.00418434951092223,0.0008900278133691542,90,6
2026-06-20 17:59:00+00:00,2026-06-20 18:29:00+00:00,SELL,63834.7,,,63866.0,TRANSITION,-0.0004903289276835782,0.0014678536908609952,0.0005435914949078963,30,2
2026-06-20 18:29:00+00:00,2026-06-20 18:44:00+00:00,BUY,63866.0,,,63814.0,TRANSITION,-0.000814204741176839,0.0012213071117652585,0.000347602793348528,15,74
2026-06-20 18:44:00+00:00,2026-06-20 19:14:00+00:00,SELL,63814.0,,,63899.99,TRANSITION,-0.0013475099507944646,0.0017237596765600025,0.0004074341053687279,30,1
2026-06-20 19:14:00+00:00,2026-06-20 20:29:00+00:00,BUY,63899.99,,,63907.99,TRANSITION,0.0001251956377457962,0.0008762129696733593,0.0012691707776479864,75,1
2026-06-20 20:29:00+00:00,2026-06-20 20:59:00+00:00,SELL,63907.99,,,63925.99,TRANSITION,-0.0002816549229603372,0.0004069913636777191,0.0008556050659706289,30,2
2026-06-20 20:59:00+00:00,2026-06-20 23:59:00+00:00,BUY,63925.99,,,64298.01,SESSION_RESET,0.005819542255035927,0.00012045179120412667,0.006632826492010559,180,3
2026-06-21 01:14:00+00:00,2026-06-21 01:44:00+00:00,SELL,64250.31,,,64253.48,TRANSITION,-4.933828334844657e-05,0.0006482458995139706,0.0006870005763396226,30,5
2026-06-21 01:44:00+00:00,2026-06-21 02:29:00+00:00,BUY,64253.48,,,64230.43,TRANSITION,-0.00035873543347384314,0.0004770169646842701,0.001092547827759634,45,1
2026-06-21 02:29:00+00:00,2026-06-21 03:14:00+00:00,SELL,64230.43,,,64299.77,TRANSITION,-0.0010795506117582663,0.0010795506117582663,0.00022388142193657088,45,75
2026-06-21 03:14:00+00:00,2026-06-21 04:59:00+00:00,BUY,64299.77,,,64276.12,TRANSITION,-0.00036780846961029847,0.0004715413445491284,0.004482597682697827,105,1
2026-06-21 04:59:00+00:00,2026-06-21 05:29:00+00:00,SELL,64276.12,,,64302.0,TRANSITION,-0.00040263786924284444,0.00045817949185478354,0.0007859839704077358,30,2
2026-06-21 05:29:00+00:00,2026-06-21 05:59:00+00:00,BUY,64302.0,,,64256.55,TRANSITION,-0.0007068209386954852,0.0010573543591178808,0.0009864389910111705,30,2
2026-06-21 05:59:00+00:00,2026-06-21 06:29:00+00:00,SELL,64256.55,,,64287.47,TRANSITION,-0.0004811960803995585,0.0006761956563182599,0.0008800659232405554,30,5
2026-06-21 06:29:00+00:00,2026-06-21 07:14:00+00:00,BUY,64287.47,,,64258.0,TRANSITION,-0.00045840970254391975,0.0005444295754678167,0.0005680733741737977,45,1
2026-06-21 07:14:00+00:00,2026-06-21 09:44:00+00:00,SELL,64258.0,,,64135.99,TRANSITION,0.0018987519063774477,0.000249151856578201,0.005568645149242145,150,15
2026-06-21 09:44:00+00:00,2026-06-21 11:59:00+00:00,BUY,64135.99,,,64176.0,TRANSITION,0.0006238307072207358,0.0003738930357198186,0.005425346985366549,135,3
2026-06-21 11:59:00+00:00,2026-06-21 12:59:00+00:00,SELL,64176.0,,,64200.0,TRANSITION,-0.00037397157816005983,0.0009213724756918066,0.0034904013961605585,60,2
2026-06-21 12:59:00+00:00,2026-06-21 13:44:00+00:00,BUY,64200.0,,,64048.0,TRANSITION,-0.002367601246105919,0.002803582554517102,0.0,45,3
2026-06-21 13:44:00+00:00,2026-06-21 13:59:00+00:00,SELL,64048.0,,,64146.0,TRANSITION,-0.001530102423182613,0.001530102423182613,8.837122158386666e-05,15,15
2026-06-21 13:59:00+00:00,2026-06-21 14:29:00+00:00,BUY,64146.0,,,64034.0,TRANSITION,-0.001746016898949272,0.0021016119477441724,0.00012471549278209086,30,1
2026-06-21 14:29:00+00:00,2026-06-21 14:59:00+00:00,SELL,64034.0,,,64145.97,TRANSITION,-0.0017486023050254733,0.0018427710278914326,0.0004685011087859575,30,2
2026-06-21 14:59:00+00:00,2026-06-21 15:59:00+00:00,BUY,64145.97,,,64224.0,TRANSITION,0.0012164443066337424,0.0004048578577890577,0.003272380166672921,60,4
2026-06-21 15:59:00+00:00,2026-06-21 17:14:00+00:00,SELL,64224.0,,,64210.16,TRANSITION,0.0002154957648230647,0.000473031888390592,0.002771549576482312,75,2
2026-06-21 17:14:00+00:00,2026-06-21 17:29:00+00:00,BUY,64210.16,,,64104.6,TRANSITION,-0.0016439765918665355,0.0016441323304599612,1.5573859331235602e-07,15,9
2026-06-21 17:29:00+00:00,2026-06-21 17:44:00+00:00,SELL,64104.6,,,64128.55,TRANSITION,-0.00037360813420572573,0.00039622741581729637,0.0003837478121694628,15,1
2026-06-21 17:44:00+00:00,2026-06-21 18:14:00+00:00,BUY,64128.55,,,64010.0,TRANSITION,-0.0018486306021265552,0.0030420148280290407,0.0010043888408516365,30,3
2026-06-21 18:14:00+00:00,2026-06-21 18:44:00+00:00,SELL,64010.0,,,64186.01,TRANSITION,-0.0027497266052179665,0.00359318856428683,0.00012498047180128105,30,15
2026-06-21 18:44:00+00:00,2026-06-21 19:59:00+00:00,BUY,64186.01,,,64207.12,TRANSITION,0.000328887868244195,0.0006828590840901583,0.001757859695594016,75,3
2026-06-21 19:59:00+00:00,2026-06-21 23:59:00+00:00,SELL,64207.12,,,63311.99,SESSION_RESET,0.013941288754269069,0.0009981759032331072,0.01459526607018042,240,2
2026-06-22 02:44:00+00:00,2026-06-22 03:29:00+00:00,SELL,64489.99,,,64281.99,TRANSITION,0.0032253067491559546,9.319275751170123e-05,0.00922639311930417,45,3
2026-06-22 03:29:00+00:00,2026-06-22 03:59:00+00:00,BUY,64281.99,,,63974.01,TRANSITION,-0.0047910775630934255,0.005631904052752549,0.0024580757378544447,30,3
2026-06-22 03:59:00+00:00,2026-06-22 04:59:00+00:00,SELL,63974.01,,,64100.02,TRANSITION,-0.0019697061353508207,0.0022263728661061,0.001650670326903043,60,4
2026-06-22 04:59:00+00:00,2026-06-22 06:29:00+00:00,BUY,64100.02,,,64124.0,TRANSITION,0.0003741028473938573,0.00017753504601086522,0.0038088911672726697,90,2
2026-06-22 06:29:00+00:00,2026-06-22 07:14:00+00:00,SELL,64124.0,,,64212.01,TRANSITION,-0.001372497036990862,0.00196494292308652,0.002775871748487306,45,1
2026-06-22 07:14:00+00:00,2026-06-22 07:59:00+00:00,BUY,64212.01,,,64211.19,TRANSITION,-1.2770196727990745e-05,0.0006888119527795999,0.0028898020790814314,45,3
2026-06-22 07:59:00+00:00,2026-06-22 08:14:00+00:00,SELL,64211.19,,,64313.6,TRANSITION,-0.0015948933511432542,0.0015948933511432542,0.001627286458949059,15,8
2026-06-22 08:14:00+00:00,2026-06-22 08:29:00+00:00,BUY,64313.6,,,64188.27,TRANSITION,-0.0019487324609414145,0.0019488879490496024,0.0005749950243805851,15,3
2026-06-22 08:29:00+00:00,2026-06-22 08:44:00+00:00,SELL,64188.27,,,64262.01,TRANSITION,-0.001148808029878438,0.001210968920022353,0.0022476069225731868,15,1
2026-06-22 08:44:00+00:00,2026-06-22 09:29:00+00:00,BUY,64262.01,,,64116.82,TRANSITION,-0.002259344206631606,0.0026144529248307365,0.0004355606057139819,45,1
2026-06-22 09:29:00+00:00,2026-06-22 09:44:00+00:00,SELL,64116.82,,,64127.89,TRANSITION,-0.0001726536032198682,0.0010861424506081153,0.0010083157586418267,15,3
2026-06-22 09:44:00+00:00,2026-06-22 10:44:00+00:00,BUY,64127.89,,,64081.11,TRANSITION,-0.0007294797942049682,0.000977889651444935,0.00224722815611118,60,1
2026-06-22 10:44:00+00:00,2026-06-22 11:14:00+00:00,SELL,64081.11,,,64309.46,TRANSITION,-0.0035634526305801904,0.00496074428173918,0.0,30,1
2026-06-22 11:14:00+00:00,2026-06-22 14:29:00+00:00,BUY,64309.46,,,64970.02,TRANSITION,0.010271583683022648,0.0012942108361661865,0.020422656324590543,195,15
2026-06-22 14:29:00+00:00,2026-06-22 14:59:00+00:00,SELL,64970.02,,,64980.39,TRANSITION,-0.00015961207954072693,0.0015460977232268725,0.0020781892940774345,30,2
2026-06-22 14:59:00+00:00,2026-06-22 15:59:00+00:00,BUY,64980.39,,,64836.95,TRANSITION,-0.002207435196987927,0.003436113572109968,0.0025486150514024398,60,2
2026-06-22 15:59:00+00:00,2026-06-22 17:59:00+00:00,SELL,64836.95,,,64602.0,TRANSITION,0.0036237053100122247,0.00038635376895432175,0.006921824669420656,120,1
2026-06-22 17:59:00+00:00,2026-06-22 18:29:00+00:00,BUY,64602.0,,,64596.0,TRANSITION,-9.287638153617534e-05,0.0004971982291570326,0.001983684715643501,30,1
2026-06-22 18:29:00+00:00,2026-06-22 19:59:00+00:00,SELL,64596.0,,,64472.0,TRANSITION,0.0019196235060994489,0.0003713852250913054,0.004953867112514707,90,5
2026-06-22 19:59:00+00:00,2026-06-22 20:29:00+00:00,BUY,64472.0,,,64410.44,TRANSITION,-0.0009548331058443615,0.0017844955949870161,0.0029071534929892093,30,5
2026-06-22 20:29:00+00:00,2026-06-22 21:59:00+00:00,SELL,64410.44,,,64320.57,TRANSITION,0.0013952707045628413,0.0014747609238502013,0.0042857959051359204,90,2
2026-06-22 21:59:00+00:00,2026-06-22 22:29:00+00:00,BUY,64320.57,,,64029.99,TRANSITION,-0.004517683845152519,0.006431690515180483,0.001179715913587168,30,1
2026-06-22 22:29:00+00:00,2026-06-22 23:29:00+00:00,SELL,64029.99,,,64042.37,TRANSITION,-0.000193346898851689,0.001655630431927321,0.0035202254443582057,60,2
2026-06-22 23:29:00+00:00,2026-06-22 23:59:00+00:00,BUY,64042.37,,,64020.01,TRANSITION,-0.00034914385585668647,0.0013639407785815206,0.00017098055552905192,30,3
2026-06-22 23:59:00+00:00,2026-06-22 23:59:00+00:00,SELL,64020.01,,,64020.01,SESSION_RESET,0.0,0.0,0.0,0,2
2026-06-23 00:29:00+00:00,2026-06-23 00:44:00+00:00,SELL,63855.94,,,64111.0,TRANSITION,-0.003994303427371011,0.004133053244537599,0.0,15,2
2026-06-23 00:44:00+00:00,2026-06-23 01:44:00+00:00,BUY,64111.0,,,64053.1,TRANSITION,-0.0009031211492567805,0.0016689803621843366,0.0025282712794995636,60,1
2026-06-23 01:44:00+00:00,2026-06-23 01:59:00+00:00,SELL,64053.1,,,64156.0,TRANSITION,-0.0016064796239370375,0.0019499446552938336,0.002494336729994283,15,1
2026-06-23 01:59:00+00:00,2026-06-23 03:14:00+00:00,BUY,64156.0,,,64017.99,TRANSITION,-0.002151162790697706,0.0029236548413242676,0.0018607768564124537,75,3
2026-06-23 03:14:00+00:00,2026-06-23 03:29:00+00:00,SELL,64017.99,,,64095.54,TRANSITION,-0.001211378239148135,0.0012115344452396108,3.108501219732083e-05,15,3
2026-06-23 03:29:00+00:00,2026-06-23 03:44:00+00:00,BUY,64095.54,,,63997.99,TRANSITION,-0.0015219467688391878,0.0019832893209106688,1.560170957610665e-07,15,1
2026-06-23 03:44:00+00:00,2026-06-23 03:59:00+00:00,SELL,63997.99,,,64065.35,TRANSITION,-0.0010525330561163028,0.0012812902405216163,3.109472656872447e-05,15,3
2026-06-23 03:59:00+00:00,2026-06-23 04:44:00+00:00,BUY,64065.35,,,63816.01,TRANSITION,-0.0038919634404556676,0.003985773901180569,0.0004713936628771148,45,1
2026-06-23 04:44:00+00:00,2026-06-23 09:29:00+00:00,SELL,63816.01,,,62520.01,TRANSITION,0.020308383429173963,0.0006891687524807008,0.029428508614060985,285,1
2026-06-23 09:29:00+00:00,2026-06-23 09:44:00+00:00,BUY,62520.01,,,62372.01,TRANSITION,-0.0023672421037680574,0.002712251645513168,0.0,15,1
2026-06-23 09:44:00+00:00,2026-06-23 11:14:00+00:00,SELL,62372.01,,,62394.79,TRANSITION,-0.0003652279283607957,0.003430865864351621,0.002001057846300046,90,3
2026-06-23 11:14:00+00:00,2026-06-23 12:14:00+00:00,BUY,62394.79,,,62431.99,TRANSITION,0.0005962036253346968,4.647823960956886e-06,0.003993923210575708,60,1
2026-06-23 12:14:00+00:00,2026-06-23 13:44:00+00:00,SELL,62431.99,,,62400.0,TRANSITION,0.0005123975705403266,0.0007499360504126123,0.007560066562030106,90,5
2026-06-23 13:44:00+00:00,2026-06-23 14:44:00+00:00,BUY,62400.0,,,62513.99,TRANSITION,0.001826762820512788,0.0020512820512820513,0.007307371794871846,60,3
2026-06-23 14:44:00+00:00,2026-06-23 15:59:00+00:00,SELL,62513.99,,,62487.79,TRANSITION,0.0004191061872709947,0.0015678090616196797,0.005054708554037232,75,5
2026-06-23 15:59:00+00:00,2026-06-23 16:44:00+00:00,BUY,62487.79,,,62622.01,TRANSITION,0.0021479396214844717,0.0009566668944444801,0.0057324798972727175,45,2
2026-06-23 16:44:00+00:00,2026-06-23 17:29:00+00:00,SELL,62622.01,,,62642.43,TRANSITION,-0.00032608343296547414,0.0007043849279191227,0.003621729803945975,45,1005
2026-06-23 17:29:00+00:00,2026-06-23 17:59:00+00:00,BUY,62642.43,,,62358.02,TRANSITION,-0.004540213398490504,0.005020239476661477,0.000814942843053868,30,5
2026-06-23 17:59:00+00:00,2026-06-23 19:14:00+00:00,SELL,62358.02,,,62371.56,TRANSITION,-0.00021713325727790706,0.0013982163000044313,0.004062348355512246,75,5
2026-06-23 19:14:00+00:00,2026-06-23 19:44:00+00:00,BUY,62371.56,,,62297.54,TRANSITION,-0.0011867588368800908,0.0018660748584771556,0.001738612919093291,30,11
2026-06-23 19:44:00+00:00,2026-06-23 19:59:00+00:00,SELL,62297.54,,,62388.49,TRANSITION,-0.0014599292363710844,0.0020259226929345707,0.0005492993784345444,15,3
2026-06-23 19:59:00+00:00,2026-06-23 22:44:00+00:00,BUY,62388.49,,,62551.38,TRANSITION,0.0026108982602399806,0.00013207564408111117,0.006272471092023573,165,6
2026-06-23 22:44:00+00:00,2026-06-23 22:59:00+00:00,SELL,62551.38,,,62590.0,TRANSITION,-0.0006174124375833534,0.0010970181633083494,0.0004057464439633048,15,3
2026-06-23 22:59:00+00:00,2026-06-23 23:14:00+00:00,BUY,62590.0,,,62522.0,TRANSITION,-0.0010864355328327208,0.001751238216967576,0.0004109282633008654,15,3
2026-06-23 23:14:00+00:00,2026-06-23 23:29:00+00:00,SELL,62522.0,,,62667.47,TRANSITION,-0.0023267010012475793,0.0026550654169732253,0.0,15,1
2026-06-23 23:29:00+00:00,2026-06-23 23:59:00+00:00,BUY,62667.47,,,62734.57,SESSION_RESET,0.001070730954991458,0.0011636021048878828,0.0021146537430024987,30,5
2026-06-24 01:44:00+00:00,2026-06-24 03:29:00+00:00,SELL,62943.99,,,62669.87,TRANSITION,0.0043549828982877535,0.001320539101509177,0.007659508080120046,105,5
2026-06-24 03:29:00+00:00,2026-06-24 04:14:00+00:00,BUY,62669.87,,,62664.97,TRANSITION,-7.818749264999999e-05,0.0005532164020765565,0.002555135346538893,45,1
2026-06-24 04:14:00+00:00,2026-06-24 04:59:00+00:00,SELL,62664.97,,,62744.42,TRANSITION,-0.0012678534753945798,0.002148728388444157,0.002225804943336017,45,3
2026-06-24 04:59:00+00:00,2026-06-24 06:44:00+00:00,BUY,62744.42,,,62784.0,TRANSITION,0.0006308130667237301,0.0006123253669409686,0.005243812915953388,105,2
2026-06-24 06:44:00+00:00,2026-06-24 07:14:00+00:00,SELL,62784.0,,,62815.01,TRANSITION,-0.0004939156472987073,0.00095565749235474,0.001451165902140682,30,1
2026-06-24 07:14:00+00:00,2026-06-24 07:29:00+00:00,BUY,62815.01,,,62673.23,TRANSITION,-0.0022571038355322847,0.002262994147417973,2.8018780861369937e-05,15,3
2026-06-24 07:29:00+00:00,2026-06-24 07:44:00+00:00,SELL,62673.23,,,62697.99,TRANSITION,-0.00039506500622346673,0.000897512382878623,0.0006896086255647134,15,2
2026-06-24 07:44:00+00:00,2026-06-24 07:59:00+00:00,BUY,62697.99,,,62657.99,TRANSITION,-0.000637978984653256,0.0014016398292831618,0.0005620594854796021,15,3
2026-06-24 07:59:00+00:00,2026-06-24 08:44:00+00:00,SELL,62657.99,,,62795.99,TRANSITION,-0.0022024326027694154,0.0022324367570680874,0.0008412334963186519,45,1
2026-06-24 08:44:00+00:00,2026-06-24 09:29:00+00:00,BUY,62795.99,,,62678.37,TRANSITION,-0.0018730495370802396,0.0018730495370802396,0.00018265497526197397,45,1
2026-06-24 09:29:00+00:00,2026-06-24 11:44:00+00:00,SELL,62678.37,,,62743.2,TRANSITION,-0.001034328110319309,0.0011549438825546902,0.005735471423395427,135,2
2026-06-24 11:44:00+00:00,2026-06-24 12:59:00+00:00,BUY,62743.2,,,62618.31,TRANSITION,-0.0019904945874612617,0.0025182011755855616,0.007903007815986443,75,1
2026-06-24 12:59:00+00:00,2026-06-24 19:29:00+00:00,SELL,62618.31,,,59829.99,TRANSITION,0.04452882870840813,0.0001667243973847638,0.05614348263311483,390,3
2026-06-24 19:29:00+00:00,2026-06-24 21:14:00+00:00,BUY,59829.99,,,60728.0,TRANSITION,0.015009362361584918,0.0015709512904815456,0.023040117506287486,105,5
2026-06-24 21:14:00+00:00,2026-06-24 21:44:00+00:00,SELL,60728.0,,,61088.01,TRANSITION,-0.005928237386378639,0.006767224344618613,0.0005928072717692003,30,15
2026-06-24 21:44:00+00:00,2026-06-24 22:14:00+00:00,BUY,61088.01,,,61000.0,TRANSITION,-0.00144070825027697,0.0014554410922864157,0.003077363299279154,30,9
2026-06-24 22:14:00+00:00,2026-06-24 22:44:00+00:00,SELL,61000.0,,,60923.99,TRANSITION,0.0012460655737705252,0.00019098360655740092,0.0032350819672130574,30,1
2026-06-24 22:44:00+00:00,2026-06-24 22:59:00+00:00,BUY,60923.99,,,60873.99,TRANSITION,-0.0008206947706478187,0.0017068809839932998,1.6413895416300326e-07,15,1
2026-06-24 22:59:00+00:00,2026-06-24 23:29:00+00:00,SELL,60873.99,,,60988.0,TRANSITION,-0.0018728852831891264,0.00259568988331473,0.0007224760525800252,30,5
2026-06-24 23:29:00+00:00,2026-06-24 23:59:00+00:00,BUY,60988.0,,,61077.99,SESSION_RESET,0.0014755361710500092,0.000721453400668984,0.0020331868564307733,30,3
2026-06-25 01:29:00+00:00,2026-06-25 02:14:00+00:00,BUY,60862.01,,,60782.0,TRANSITION,-0.0013146131716649193,0.0022675885991935204,0.0020700926571435604,45,9
2026-06-25 02:14:00+00:00,2026-06-25 02:29:00+00:00,SELL,60782.0,,,60936.0,TRANSITION,-0.0025336448290612353,0.0026578592346418826,0.0005820802211180511,15,3
2026-06-25 02:29:00+00:00,2026-06-25 02:44:00+00:00,BUY,60936.0,,,60766.32,TRANSITION,-0.0027845608507286383,0.0029240514638309094,5.349875278984569e-05,15,1
2026-06-25 02:44:00+00:00,2026-06-25 02:59:00+00:00,SELL,60766.32,,,60799.08,TRANSITION,-0.0005391144304937675,0.0009572737002997426,0.0010912294837008012,15,3
2026-06-25 02:59:00+00:00,2026-06-25 03:14:00+00:00,BUY,60799.08,,,60760.8,TRANSITION,-0.0006296147902237803,0.0012348871068444086,0.001199360253477491,15,1
2026-06-25 03:14:00+00:00,2026-06-25 03:59:00+00:00,SELL,60760.8,,,60883.65,TRANSITION,-0.002021862779950207,0.0024658990665033125,0.001248502323866713,45,3
2026-06-25 03:59:00+00:00,2026-06-25 08:14:00+00:00,BUY,60883.65,,,61799.5,TRANSITION,0.015042626386558601,0.0015053302487613909,0.01771822155866148,255,2
2026-06-25 08:14:00+00:00,2026-06-25 09:44:00+00:00,SELL,61799.5,,,61753.01,TRANSITION,0.0007522714585069129,8.009773541852426e-05,0.0029964643726891043,90,9
2026-06-25 09:44:00+00:00,2026-06-25 10:29:00+00:00,BUY,61753.01,,,61574.89,TRANSITION,-0.0028843938133542414,0.002927306701325232,0.0004445127452086479,45,585
2026-06-25 10:29:00+00:00,2026-06-25 11:14:00+00:00,SELL,61574.89,,,61358.01,TRANSITION,0.0035222149808143773,0.000294275799761926,0.008264570184372225,45,2
2026-06-25 11:14:00+00:00,2026-06-25 11:29:00+00:00,BUY,61358.01,,,61242.0,TRANSITION,-0.0018907066901289991,0.0018907066901289991,0.0010513704730644746,15,1
2026-06-25 11:29:00+00:00,2026-06-25 12:44:00+00:00,SELL,61242.0,,,61382.34,TRANSITION,-0.002291564612520762,0.008480291303353883,0.002645243460370334,75,1
2026-06-25 12:44:00+00:00,2026-06-25 13:29:00+00:00,BUY,61382.34,,,61240.01,TRANSITION,-0.002318745098345786,0.0036873797903435503,0.0005078007778785483,45,15
2026-06-25 13:29:00+00:00,2026-06-25 15:59:00+00:00,SELL,61240.01,,,59557.99,TRANSITION,0.027466030786082563,0.0016964399581254055,0.051028731053440385,150,162
2026-06-25 15:59:00+00:00,2026-06-25 16:44:00+00:00,BUY,59557.99,,,59265.99,TRANSITION,-0.0049027846641567325,0.005305921170274463,0.00854646034898092,45,4
2026-06-25 16:44:00+00:00,2026-06-25 17:14:00+00:00,SELL,59265.99,,,59399.77,TRANSITION,-0.002257281115189316,0.0033410392705833826,0.0021265147178001894,30,3
2026-06-25 17:14:00+00:00,2026-06-25 18:14:00+00:00,BUY,59399.77,,,59400.01,TRANSITION,4.040419685214921e-06,0.000965828655565423,0.006625783231147187,60,5
2026-06-25 18:14:00+00:00,2026-06-25 18:29:00+00:00,SELL,59400.01,,,59718.02,TRANSITION,-0.005353702802406848,0.005891918200013702,3.367002800167878e-05,15,1
2026-06-25 18:29:00+00:00,2026-06-25 18:59:00+00:00,BUY,59718.02,,,59512.71,TRANSITION,-0.0034379907438323925,0.005928193868450374,0.0,30,1
2026-06-25 18:59:00+00:00,2026-06-25 21:14:00+00:00,SELL,59512.71,,,59622.09,TRANSITION,-0.0018379267218716368,0.0038519502808727407,0.005778429515308569,135,12
2026-06-25 21:14:00+00:00,2026-06-25 22:14:00+00:00,BUY,59622.09,,,59887.06,TRANSITION,0.004444158197070938,0.001081646081175584,0.010930847945786557,60,1
2026-06-25 22:14:00+00:00,2026-06-25 22:59:00+00:00,SELL,59887.06,,,59851.27,TRANSITION,0.0005976249293253146,0.0020862603707712873,0.0024556222997087797,45,5
2026-06-25 22:59:00+00:00,2026-06-25 23:59:00+00:00,BUY,59851.27,,,59794.0,TRANSITION,-0.0009568719260259106,0.0018592755007537658,0.00568542655820012,60,5
2026-06-25 23:59:00+00:00,2026-06-25 23:59:00+00:00,SELL,59794.0,,,59794.0,SESSION_RESET,0.0,0.0,0.0,0,4
2026-06-26 00:29:00+00:00,2026-06-26 01:59:00+00:00,SELL,59771.99,,,59431.5,TRANSITION,0.005696480910205566,0.0016730244383698788,0.00910108564228827,90,5
2026-06-26 01:59:00+00:00,2026-06-26 02:14:00+00:00,BUY,59431.5,,,58678.0,TRANSITION,-0.012678461758495074,0.013852923113163943,0.0004122393007075373,15,4
2026-06-26 02:14:00+00:00,2026-06-26 03:14:00+00:00,SELL,58678.0,,,58898.01,TRANSITION,-0.0037494461297249743,0.005700262449299622,0.005811377347557858,60,3
2026-06-26 03:14:00+00:00,2026-06-26 05:44:00+00:00,BUY,58898.01,,,59881.74,TRANSITION,0.016702262096800823,0.0015961490040156201,0.022764096783575452,150,5
2026-06-26 05:44:00+00:00,2026-06-26 05:59:00+00:00,SELL,59881.74,,,59953.3,TRANSITION,-0.001195022055137425,0.0015340235604376323,0.0016983474428097294,15,3
2026-06-26 05:59:00+00:00,2026-06-26 06:14:00+00:00,BUY,59953.3,,,59719.27,TRANSITION,-0.003903538253941086,0.0041915957920582005,1.667964898472863e-07,15,5
2026-06-26 06:14:00+00:00,2026-06-26 06:29:00+00:00,SELL,59719.27,,,60045.49,TRANSITION,-0.005462558400328758,0.006264477110989478,5.877499842169473e-05,15,1
2026-06-26 06:29:00+00:00,2026-06-26 08:14:00+00:00,BUY,60045.49,,,60276.04,TRANSITION,0.003839588951643211,0.001518515378923551,0.011899311671867446,105,2
2026-06-26 08:14:00+00:00,2026-06-26 08:29:00+00:00,SELL,60276.04,,,60314.5,TRANSITION,-0.0006380644780247528,0.001649577510400489,0.0014101789035908796,15,9
2026-06-26 08:29:00+00:00,2026-06-26 08:44:00+00:00,BUY,60314.5,,,60214.0,TRANSITION,-0.001666265989107097,0.002665196594517073,0.0005716701622330153,15,30
2026-06-26 08:44:00+00:00,2026-06-26 08:59:00+00:00,SELL,60214.0,,,60245.67,TRANSITION,-0.0005259574185405097,0.0010960906101571063,0.0010535755804298391,15,1
2026-06-26 08:59:00+00:00,2026-06-26 09:29:00+00:00,BUY,60245.67,,,60134.0,TRANSITION,-0.0018535771948423555,0.0027469194051621963,0.00022740223488267898,30,2
2026-06-26 09:29:00+00:00,2026-06-26 12:29:00+00:00,SELL,60134.0,,,59726.0,TRANSITION,0.0067848471746432965,-1.662952739221949e-07,0.014870455981641021,180,30
2026-06-26 12:29:00+00:00,2026-06-26 12:44:00+00:00,BUY,59726.0,,,59145.33,TRANSITION,-0.009722231523959386,0.012659478284164326,0.004720054917456443,15,2
2026-06-26 12:44:00+00:00,2026-06-26 13:44:00+00:00,SELL,59145.33,,,59480.49,TRANSITION,-0.005666719587159226,0.0076873355850749035,0.010909229858046328,60,5
2026-06-26 13:44:00+00:00,2026-06-26 14:44:00+00:00,BUY,59480.49,,,59600.0,TRANSITION,0.002009230253483151,0.0025504161112323907,0.013676921625897872,60,3
2026-06-26 14:44:00+00:00,2026-06-26 15:29:00+00:00,SELL,59600.0,,,60185.99,TRANSITION,-0.009832046979865738,0.013020134228187919,0.003523489932885906,45,15
2026-06-26 15:29:00+00:00,2026-06-26 16:29:00+00:00,BUY,60185.99,,,60042.99,TRANSITION,-0.0023759682278217905,0.003588708933756809,0.006596385637255482,60,2
2026-06-26 16:29:00+00:00,2026-06-26 17:14:00+00:00,SELL,60042.99,,,60211.99,TRANSITION,-0.002814649969963188,0.005745883074776923,0.0005321187369249448,45,10
2026-06-26 17:14:00+00:00,2026-06-26 17:59:00+00:00,BUY,60211.99,,,60023.97,TRANSITION,-0.003122633880727025,0.004317910768270539,0.0007010231683091545,45,9
2026-06-26 17:59:00+00:00,2026-06-26 19:14:00+00:00,SELL,60023.97,,,60019.17,TRANSITION,7.99680527629697e-05,0.0022329412732946326,0.0077963853440550695,75,2
2026-06-26 19:14:00+00:00,2026-06-26 19:44:00+00:00,BUY,60019.17,,,59884.0,TRANSITION,-0.002252113782979642,0.002252113782979642,0.0012134456374521966,30,7
2026-06-26 19:44:00+00:00,2026-06-26 21:14:00+00:00,SELL,59884.0,,,59765.11,TRANSITION,0.001985338320753447,0.0018368846436443791,0.0052215950838287745,90,1
2026-06-26 21:14:00+00:00,2026-06-26 22:29:00+00:00,BUY,59765.11,,,59894.0,TRANSITION,0.002156609433162583,0.0012567533130952253,0.004766828003830319,75,1
2026-06-26 22:29:00+00:00,2026-06-26 22:44:00+00:00,SELL,59894.0,,,59969.66,TRANSITION,-0.001263231709353249,0.00152235616255385,0.0004810164624168977,15,2
2026-06-26 22:44:00+00:00,2026-06-26 23:29:00+00:00,BUY,59969.66,,,59979.97,TRANSITION,0.0001719202676819857,0.0008614355992680881,0.002467581106846294,45,3
2026-06-26 23:29:00+00:00,2026-06-26 23:44:00+00:00,SELL,59979.97,,,60068.01,TRANSITION,-0.0014678233416922494,0.0017499175141301193,0.0009453155778504785,15,1
2026-06-26 23:44:00+00:00,2026-06-26 23:59:00+00:00,BUY,60068.01,,,60097.27,SESSION_RESET,0.0004871145223554894,0.0001333488490796022,0.0007989277487301138,15,3
2026-06-27 00:59:00+00:00,2026-06-27 01:14:00+00:00,BUY,60059.07,,,59964.68,TRANSITION,-0.001571619407360111,0.0016495426918864996,0.0001486869510300491,15,1
2026-06-27 01:14:00+00:00,2026-06-27 02:14:00+00:00,SELL,59964.68,,,60113.99,TRANSITION,-0.002489965759843923,0.0025971955491132107,0.0007170887929361084,60,5
2026-06-27 02:14:00+00:00,2026-06-27 03:14:00+00:00,BUY,60113.99,,,60170.0,TRANSITION,0.000931729868538123,0.0005850551593730221,0.004957415070934437,60,3
2026-06-27 03:14:00+00:00,2026-06-27 03:29:00+00:00,SELL,60170.0,,,60310.21,TRANSITION,-0.0023302310121322773,0.0029142429782283287,1.661957786610814e-07,15,3
2026-06-27 03:29:00+00:00,2026-06-27 04:59:00+00:00,BUY,60310.21,,,60239.99,TRANSITION,-0.0011643136377737892,0.0015411984139998367,0.002848439758375918,90,7
2026-06-27 04:59:00+00:00,2026-06-27 05:14:00+00:00,SELL,60239.99,,,60309.99,TRANSITION,-0.0011620187851956816,0.001178785056239253,0.0006638447317138991,15,2
2026-06-27 05:14:00+00:00,2026-06-27 05:29:00+00:00,BUY,60309.99,,,60164.01,TRANSITION,-0.0024204945150877316,0.002420660325097019,0.0,15,3
2026-06-27 05:29:00+00:00,2026-06-27 05:44:00+00:00,SELL,60164.01,,,60236.01,TRANSITION,-0.0011967287419837873,0.0012020475363925993,0.0004655607230967822,15,1
2026-06-27 05:44:00+00:00,2026-06-27 06:14:00+00:00,BUY,60236.01,,,60147.99,TRANSITION,-0.0014612521646105723,0.002019888103478393,0.0005310776726412982,30,1
2026-06-27 06:14:00+00:00,2026-06-27 06:29:00+00:00,SELL,60147.99,,,60203.0,TRANSITION,-0.0009145775278608984,0.0013634703337551603,0.0009087585470436538,15,5
2026-06-27 06:29:00+00:00,2026-06-27 08:29:00+00:00,BUY,60203.0,,,60446.76,TRANSITION,0.004048967659419,1.6610467920265217e-07,0.006162483597162932,120,6
2026-06-27 08:29:00+00:00,2026-06-27 08:59:00+00:00,SELL,60446.76,,,60456.0,TRANSITION,-0.00015286179110341006,0.0012116447597852716,0.0012430773791680383,30,1
2026-06-27 08:59:00+00:00,2026-06-27 09:14:00+00:00,BUY,60456.0,,,60367.17,TRANSITION,-0.0014693330686780758,0.001773190419478581,0.0009261280931586271,15,1
2026-06-27 09:14:00+00:00,2026-06-27 09:29:00+00:00,SELL,60367.17,,,60368.25,TRANSITION,-1.7890518969197104e-05,4.6879785817386276e-05,0.0012857982244321763,15,1
2026-06-27 09:29:00+00:00,2026-06-27 10:44:00+00:00,BUY,60368.25,,,60428.52,TRANSITION,0.000998372488849632,1.6564998988768546e-07,0.001972228779200949,75,2
2026-06-27 10:44:00+00:00,2026-06-27 11:44:00+00:00,SELL,60428.52,,,60267.45,TRANSITION,0.0026654632613871683,0.00031905464505842794,0.0037991994508552334,60,3
2026-06-27 11:44:00+00:00,2026-06-27 17:14:00+00:00,BUY,60267.45,,,60563.38,TRANSITION,0.004910279097589168,0.00017289598282320314,0.011178837000735907,330,1
2026-06-27 17:14:00+00:00,2026-06-27 17:44:00+00:00,SELL,60563.38,,,60599.29,TRANSITION,-0.0005929325608974185,0.0015228674489436225,0.0015558907049110524,30,15
2026-06-27 17:44:00+00:00,2026-06-27 17:59:00+00:00,BUY,60599.29,,,60524.88,TRANSITION,-0.001227902175091548,0.001227902175091548,0.00035990520681014035,15,71
2026-06-27 17:59:00+00:00,2026-06-27 18:44:00+00:00,SELL,60524.88,,,60562.52,TRANSITION,-0.0006218930132533831,0.0006793900293565658,0.0012991351655715366,45,2
2026-06-27 18:44:00+00:00,2026-06-27 19:29:00+00:00,BUY,60562.52,,,60323.37,TRANSITION,-0.003948811905449017,0.004962144904141981,0.0007081937805759518,45,3
2026-06-27 19:29:00+00:00,2026-06-27 20:59:00+00:00,SELL,60323.37,,,60300.0,TRANSITION,0.0003874120427953978,0.00011521239612437251,0.003936948482818603,90,5
2026-06-27 20:59:00+00:00,2026-06-27 21:44:00+00:00,BUY,60300.0,,,60249.68,TRANSITION,-0.0008344941956882207,0.0011805970149254118,0.0030212271973466052,45,1
2026-06-27 21:44:00+00:00,2026-06-27 22:59:00+00:00,SELL,60249.68,,,60228.95,TRANSITION,0.0003440682174578056,0.0007686347877697886,0.006548084570739575,75,1
2026-06-27 22:59:00+00:00,2026-06-27 23:14:00+00:00,BUY,60228.95,,,60044.43,TRANSITION,-0.0030636429823199113,0.0034028486301022533,0.001511731484610024,15,3
2026-06-27 23:14:00+00:00,2026-06-27 23:59:00+00:00,SELL,60044.43,,,60029.0,SESSION_RESET,0.0002569763756604949,0.0008921726794641852,0.001539360103843109,45,1
2026-06-28 00:59:00+00:00,2026-06-28 01:29:00+00:00,SELL,60146.0,,,60204.78,TRANSITION,-0.0009772885977454666,0.0014702557111029876,0.0026601935290792404,30,2
2026-06-28 01:29:00+00:00,2026-06-28 02:29:00+00:00,BUY,60204.78,,,60111.49,TRANSITION,-0.0015495447371454705,0.0025044523042854544,0.002245834965263541,60,2
2026-06-28 02:29:00+00:00,2026-06-28 03:14:00+00:00,SELL,60111.49,,,60263.86,TRANSITION,-0.002534789937830565,0.0025703904528069765,0.00015787331174119893,45,3
2026-06-28 03:14:00+00:00,2026-06-28 03:44:00+00:00,BUY,60263.86,,,60197.27,TRANSITION,-0.0011049740258921978,0.001275225317462216,0.00018485374152932483,30,3
2026-06-28 03:44:00+00:00,2026-06-28 04:14:00+00:00,SELL,60197.27,,,60215.64,TRANSITION,-0.000305163340463822,0.0005437123643647494,0.0008849238511978501,30,3
2026-06-28 04:14:00+00:00,2026-06-28 04:59:00+00:00,BUY,60215.64,,,60133.0,TRANSITION,-0.0013724009244109906,0.002119050798098277,0.0002688670252446429,45,17
2026-06-28 04:59:00+00:00,2026-06-28 05:59:00+00:00,SELL,60133.0,,,59989.17,TRANSITION,0.002391864699915217,0.00011640862754228127,0.006311343189263745,60,4
2026-06-28 05:59:00+00:00,2026-06-28 06:14:00+00:00,BUY,59989.17,,,59842.01,TRANSITION,-0.002453109452922856,0.0024532761496783213,0.0005847722180520542,15,5
2026-06-28 06:14:00+00:00,2026-06-28 06:59:00+00:00,SELL,59842.01,,,60002.82,TRANSITION,-0.0026872426243703656,0.0031414385980684466,0.0005683298405251099,45,3
2026-06-28 06:59:00+00:00,2026-06-28 09:59:00+00:00,BUY,60002.82,,,60258.84,TRANSITION,0.004266799460425306,4.699779110381327e-05,0.009036075304460729,180,12
2026-06-28 09:59:00+00:00,2026-06-28 10:14:00+00:00,SELL,60258.84,,,60260.37,TRANSITION,-2.539046553179769e-05,0.0005582583401872106,0.00143248691810197,15,5
2026-06-28 10:14:00+00:00,2026-06-28 10:29:00+00:00,BUY,60260.37,,,60105.02,TRANSITION,-0.0025779795245201085,0.00319231362170532,0.000425320986246805,15,3
2026-06-28 10:29:00+00:00,2026-06-28 11:29:00+00:00,SELL,60105.02,,,60312.01,TRANSITION,-0.0034438055257282212,0.004292153966507344,0.0004495464771494428,60,5
2026-06-28 11:29:00+00:00,2026-06-28 12:14:00+00:00,BUY,60312.01,,,60298.55,TRANSITION,-0.00022317279759038252,0.0010032827624216476,0.0014589134071306522,45,1
2026-06-28 12:14:00+00:00,2026-06-28 12:29:00+00:00,SELL,60298.55,,,60338.47,TRANSITION,-0.0006620391369278075,0.0007867519202368058,0.001800209126090145,15,3
2026-06-28 12:29:00+00:00,2026-06-28 13:29:00+00:00,BUY,60338.47,,,60127.99,TRANSITION,-0.003488321795365431,0.00620847694679697,0.001964749851960045,60,1
2026-06-28 13:29:00+00:00,2026-06-28 14:14:00+00:00,SELL,60127.99,,,60175.69,TRANSITION,-0.0007933077423676456,0.0009288519373423017,0.0015526878580175486,45,1
2026-06-28 14:14:00+00:00,2026-06-28 14:59:00+00:00,BUY,60175.69,,,60033.0,TRANSITION,-0.0023712233295538833,0.002620493425168907,0.0012348840536767867,45,1
2026-06-28 14:59:00+00:00,2026-06-28 15:14:00+00:00,SELL,60033.0,,,60082.09,TRANSITION,-0.0008177169223593108,0.0010827378275281927,0.002415338230639815,15,2
2026-06-28 15:14:00+00:00,2026-06-28 15:44:00+00:00,BUY,60082.09,,,59975.53,TRANSITION,-0.0017735734559166912,0.0030306868486099023,0.0007974090115707276,30,1
2026-06-28 15:44:00+00:00,2026-06-28 20:14:00+00:00,SELL,59975.53,,,59663.35,TRANSITION,0.005205122822591152,0.0005080405291958431,0.011759295832817098,270,1
2026-06-28 20:14:00+00:00,2026-06-28 20:59:00+00:00,BUY,59663.35,,,59660.0,TRANSITION,-5.614837249330694e-05,0.0005588020116201405,0.0017188106266242662,45,1
2026-06-28 20:59:00+00:00,2026-06-28 21:14:00+00:00,SELL,59660.0,,,59692.0,TRANSITION,-0.0005363727790814616,0.0006972846128058758,0.00025142474019443513,15,2
2026-06-28 21:14:00+00:00,2026-06-28 21:44:00+00:00,BUY,59692.0,,,59660.0,TRANSITION,-0.0005360852375527709,0.0005360852375527709,0.00175333378007109,30,1
2026-06-28 21:44:00+00:00,2026-06-28 23:29:00+00:00,SELL,59660.0,,,59546.54,TRANSITION,0.0019017767348306928,0.004123365739188736,0.012655045256453236,105,1
2026-06-28 23:29:00+00:00,2026-06-28 23:59:00+00:00,BUY,59546.54,,,59577.01,SESSION_RESET,0.0005117005958700735,0.00027776592896918735,0.0050625947368226456,30,1
2026-06-29 00:29:00+00:00,2026-06-29 00:44:00+00:00,SELL,59214.01,,,59380.02,TRANSITION,-0.002803559495463907,0.002803559495463907,0.0036140095899602136,15,1
2026-06-29 00:44:00+00:00,2026-06-29 01:29:00+00:00,BUY,59380.02,,,59300.1,TRANSITION,-0.001345907259714602,0.003418995143484236,0.005388681243286938,45,3
2026-06-29 01:29:00+00:00,2026-06-29 01:44:00+00:00,SELL,59300.1,,,59546.01,TRANSITION,-0.004146873276773623,0.004618879226173336,0.0015868438670423582,15,2
2026-06-29 01:44:00+00:00,2026-06-29 02:14:00+00:00,BUY,59546.01,,,59023.9,TRANSITION,-0.008768177750280843,0.01084875376200689,0.0007051689945304137,30,5
2026-06-29 02:14:00+00:00,2026-06-29 02:29:00+00:00,SELL,59023.9,,,59546.0,TRANSITION,-0.008845569337166783,0.009692683811134108,0.0007437665081433361,15,3
2026-06-29 02:29:00+00:00,2026-06-29 04:44:00+00:00,BUY,59546.0,,,59845.26,TRANSITION,0.005025694421119841,0.0008324656568031389,0.011537298894971954,135,2
2026-06-29 04:44:00+00:00,2026-06-29 05:44:00+00:00,SELL,59845.26,,,59914.62,TRANSITION,-0.0011589890327153827,0.001301189100022213,0.0075735321393875675,60,15
2026-06-29 05:44:00+00:00,2026-06-29 06:44:00+00:00,BUY,59914.62,,,60080.52,TRANSITION,0.0027689402019072168,0.0001772522299232244,0.007204418554269294,60,1
2026-06-29 06:44:00+00:00,2026-06-29 07:14:00+00:00,SELL,60080.52,,,60084.0,TRANSITION,-5.792226831597333e-05,0.0013561800064314225,0.002405438568108212,30,1
2026-06-29 07:14:00+00:00,2026-06-29 07:44:00+00:00,BUY,60084.0,,,60050.01,TRANSITION,-0.0005657080087876634,0.0009551627721190236,0.001713268091338831,30,1
2026-06-29 07:44:00+00:00,2026-06-29 09:14:00+00:00,SELL,60050.01,,,59948.0,TRANSITION,0.0016987507579099826,0.0014306408941479978,0.005071606149607684,90,3
2026-06-29 09:14:00+00:00,2026-06-29 11:14:00+00:00,BUY,59948.0,,,59944.69,TRANSITION,-5.5214519249977844e-05,0.002823113364916227,0.0060710949489557135,120,1
2026-06-29 11:14:00+00:00,2026-06-29 11:29:00+00:00,SELL,59944.69,,,59990.6,TRANSITION,-0.0007658726736262414,0.0009226838941030084,0.0010791614736851975,15,3
2026-06-29 11:29:00+00:00,2026-06-29 11:44:00+00:00,BUY,59990.6,,,59858.79,TRANSITION,-0.0021971775578173524,0.003067647264738123,0.0037572553033308797,15,5
2026-06-29 11:44:00+00:00,2026-06-29 11:59:00+00:00,SELL,59858.79,,,59956.05,TRANSITION,-0.0016248240233389622,0.002242110139546742,0.0010489687479483109,15,15
2026-06-29 11:59:00+00:00,2026-06-29 12:44:00+00:00,BUY,59956.05,,,59951.68,TRANSITION,-7.288672285787037e-05,0.006020409950288693,0.013752073393760876,45,1
2026-06-29 12:44:00+00:00,2026-06-29 13:14:00+00:00,SELL,59951.68,,,60214.0,TRANSITION,-0.004375523755130794,0.006477216318208258,0.002713351819331806,30,9
2026-06-29 13:14:00+00:00,2026-06-29 13:44:00+00:00,BUY,60214.0,,,59460.01,TRANSITION,-0.012521838775035671,0.012990998771049887,0.0014946690138505996,30,3
2026-06-29 13:44:00+00:00,2026-06-29 14:29:00+00:00,SELL,59460.01,,,59510.0,TRANSITION,-0.0008407331246664433,0.0023543554735358766,0.007551461898509637,45,3
2026-06-29 14:29:00+00:00,2026-06-29 14:59:00+00:00,BUY,59510.0,,,59469.67,TRANSITION,-0.0006777012266846201,0.004307007225676318,0.0031925726768609977,30,2
2026-06-29 14:59:00+00:00,2026-06-29 15:29:00+00:00,SELL,59469.67,,,59491.99,TRANSITION,-0.00037531736765984594,0.00043820656815490904,0.006256802837479954,30,3
2026-06-29 15:29:00+00:00,2026-06-29 16:14:00+00:00,BUY,59491.99,,,59732.01,TRANSITION,0.004034492710699442,-1.680898554920968e-07,0.007866773325282985,45,1
2026-06-29 16:14:00+00:00,2026-06-29 16:44:00+00:00,SELL,59732.01,,,59877.94,TRANSITION,-0.0024430786775800828,0.002611497587307006,0.002469864985290112,30,3
2026-06-29 16:44:00+00:00,2026-06-29 18:29:00+00:00,BUY,59877.94,,,60275.42,TRANSITION,0.006638170919039565,0.0008674313110972476,0.013459046854317203,105,3
2026-06-29 18:29:00+00:00,2026-06-29 18:59:00+00:00,SELL,60275.42,,,60295.0,TRANSITION,-0.00032484219935757807,0.0010050531377467258,0.0013529561469666348,30,2
2026-06-29 18:59:00+00:00,2026-06-29 19:14:00+00:00,BUY,60295.0,,,60200.01,TRANSITION,-0.0015754208474997589,0.002349282693424023,0.00025939132598058577,15,2
2026-06-29 19:14:00+00:00,2026-06-29 19:29:00+00:00,SELL,60200.01,,,60460.0,TRANSITION,-0.004318770046715905,0.004617773319306724,0.00016677738093400437,15,33
2026-06-29 19:29:00+00:00,2026-06-29 20:44:00+00:00,BUY,60460.0,,,60416.7,TRANSITION,-0.0007161759841217816,0.00241481971551439,0.0016126364538537876,75,2
2026-06-29 20:44:00+00:00,2026-06-29 21:14:00+00:00,SELL,60416.7,,,60414.0,TRANSITION,4.468963051601775e-05,0.0,0.002562371000071134,30,1
2026-06-29 21:14:00+00:00,2026-06-29 22:44:00+00:00,BUY,60414.0,,,60385.24,TRANSITION,-0.0004760485980071182,0.001787665110735922,0.0028468566888469223,90,3
2026-06-29 22:44:00+00:00,2026-06-29 23:59:00+00:00,SELL,60385.24,,,60260.21,SESSION_RESET,0.0020705390920032585,0.0006855980037506096,0.003166833484473953,75,3
2026-06-30 01:29:00+00:00,2026-06-30 02:14:00+00:00,BUY,60038.0,,,59796.01,TRANSITION,-0.004030613944501781,0.004397881341816864,0.0001828841733569273,45,5
2026-06-30 02:14:00+00:00,2026-06-30 02:29:00+00:00,SELL,59796.01,,,59975.98,TRANSITION,-0.003009732589181137,0.0032776434414269104,0.0006858317135207188,15,3
2026-06-30 02:29:00+00:00,2026-06-30 02:59:00+00:00,BUY,59975.98,,,59948.24,TRANSITION,-0.00046251849490421394,0.0009000269774666991,0.001109777614304888,30,2
2026-06-30 02:59:00+00:00,2026-06-30 05:44:00+00:00,SELL,59948.24,,,59567.5,TRANSITION,0.0063511455882607724,0.0013930350582436121,0.009812464886375279,165,1
2026-06-30 05:44:00+00:00,2026-06-30 06:44:00+00:00,BUY,59567.5,,,59557.99,TRANSITION,-0.00015965081630086938,0.0009028413144751557,0.0024405926050278656,60,3
2026-06-30 06:44:00+00:00,2026-06-30 06:59:00+00:00,SELL,59557.99,,,59592.0,TRANSITION,-0.0005710400905067824,0.0007129186193153786,0.00024547504037653625,15,3
2026-06-30 06:59:00+00:00,2026-06-30 07:14:00+00:00,BUY,59592.0,,,59491.29,TRANSITION,-0.0016899919452275326,0.002483554839575782,0.0006712310377231843,15,2
2026-06-30 07:14:00+00:00,2026-06-30 09:44:00+00:00,SELL,59491.29,,,59360.28,TRANSITION,0.002202171107736982,0.0013576777373628442,0.005081248028072695,150,15
2026-06-30 09:44:00+00:00,2026-06-30 10:29:00+00:00,BUY,59360.28,,,59371.99,TRANSITION,0.00019726995896918154,0.000788574447425074,0.001006059944461198,45,5
2026-06-30 10:29:00+00:00,2026-06-30 11:14:00+00:00,SELL,59371.99,,,59388.25,TRANSITION,-0.0002738665151698981,0.0006952773521655386,0.0014422625888065633,45,630
2026-06-30 11:14:00+00:00,2026-06-30 11:29:00+00:00,BUY,59388.25,,,59223.31,TRANSITION,-0.0027773170618767573,0.003237172336278641,0.00013049719431032232,15,25
2026-06-30 11:29:00+00:00,2026-06-30 14:14:00+00:00,SELL,59223.31,,,58995.99,TRANSITION,0.00383835351316905,0.001970339043866382,0.016800479405828482,165,5
2026-06-30 14:14:00+00:00,2026-06-30 14:59:00+00:00,BUY,58995.99,,,58482.81,TRANSITION,-0.008698557308725565,0.009542851980278625,0.0026828942102674917,45,15
2026-06-30 14:59:00+00:00,2026-06-30 16:59:00+00:00,SELL,58482.81,,,58497.65,TRANSITION,-0.0002537497770713101,0.005355248832947705,0.0048186809081163795,120,5
2026-06-30 16:59:00+00:00,2026-06-30 17:29:00+00:00,BUY,58497.65,,,58387.9,TRANSITION,-0.001876143742526409,0.002229662217200183,0.002068459160325244,30,2
2026-06-30 17:29:00+00:00,2026-06-30 17:59:00+00:00,SELL,58387.9,,,58417.99,TRANSITION,-0.0005153465015867415,0.0012005912183859762,0.0013218492187593712,30,6
2026-06-30 17:59:00+00:00,2026-06-30 18:44:00+00:00,BUY,58417.99,,,58456.0,TRANSITION,0.0006506557312225573,0.0011371497033704908,0.004827108909430216,45,4
2026-06-30 18:44:00+00:00,2026-06-30 18:59:00+00:00,SELL,58456.0,,,58680.87,TRANSITION,-0.0038468249623649004,0.003943820993567827,1.7106883813530293e-07,15,3
2026-06-30 18:59:00+00:00,2026-06-30 20:29:00+00:00,BUY,58680.87,,,58742.0,TRANSITION,0.0010417364296064012,0.0016165404500649118,0.003308062746854219,90,1
2026-06-30 20:29:00+00:00,2026-06-30 20:59:00+00:00,SELL,58742.0,,,58732.01,TRANSITION,0.00017006571107551602,0.0008850566885703239,0.0015957917673895673,30,10
2026-06-30 20:59:00+00:00,2026-06-30 21:14:00+00:00,BUY,58732.01,,,58582.89,TRANSITION,-0.0025389902371807573,0.003056595543043803,0.000646836367425497,15,2
2026-06-30 21:14:00+00:00,2026-06-30 22:14:00+00:00,SELL,58582.89,,,58736.01,TRANSITION,-0.0026137324396253345,0.0028213015779863172,0.0012443906403388678,60,5
2026-06-30 22:14:00+00:00,2026-06-30 22:44:00+00:00,BUY,58736.01,,,58600.0,TRANSITION,-0.0023156152418252795,0.0037831987566060263,0.0012070959535726287,30,1
2026-06-30 22:44:00+00:00,2026-06-30 23:59:00+00:00,SELL,58600.0,,,58624.71,SESSION_RESET,-0.00042167235494879057,0.0010921501706484642,0.0009704778156997034,75,5
2026-07-01 00:44:00+00:00,2026-07-01 01:14:00+00:00,BUY,58484.0,,,58169.81,TRANSITION,-0.005372238560973981,0.011692257711510801,0.0022910539634771556,30,1
2026-07-01 01:14:00+00:00,2026-07-01 01:29:00+00:00,SELL,58169.81,,,58352.91,TRANSITION,-0.0031476809018287292,0.003957207355499396,0.0023893837714099113,15,5
2026-07-01 01:29:00+00:00,2026-07-01 03:14:00+00:00,BUY,58352.91,,,58999.23,TRANSITION,0.01107605430474675,0.00031223807004656946,0.014030491367097097,105,2
2026-07-01 03:14:00+00:00,2026-07-01 03:59:00+00:00,SELL,58999.23,,,59197.13,TRANSITION,-0.0033542810643459953,0.005402951869032812,0.002529355044125206,45,5
2026-07-01 03:59:00+00:00,2026-07-01 05:29:00+00:00,BUY,59197.13,,,59174.0,TRANSITION,-0.00039072840186673544,0.0022827120166129234,0.004389908767536579,90,3
2026-07-01 05:29:00+00:00,2026-07-01 05:44:00+00:00,SELL,59174.0,,,59188.39,TRANSITION,-0.00024318112684624022,0.0005142461216074677,0.0008040693547842252,15,2
2026-07-01 05:44:00+00:00,2026-07-01 06:14:00+00:00,BUY,59188.39,,,58952.12,TRANSITION,-0.003991830154528562,0.004684702523586109,0.00025156960680970404,30,23
2026-07-01 06:14:00+00:00,2026-07-01 07:59:00+00:00,SELL,58952.12,,,58768.65,TRANSITION,0.0031121866355272917,0.00037114865419593697,0.007087276929141902,105,15
2026-07-01 07:59:00+00:00,2026-07-01 08:29:00+00:00,BUY,58768.65,,,58620.01,TRANSITION,-0.0025292396541353158,0.0028697273120958447,0.0007714997707110254,30,3
2026-07-01 08:29:00+00:00,2026-07-01 08:44:00+00:00,SELL,58620.01,,,58739.44,TRANSITION,-0.0020373589154966073,0.00208103001005967,0.00204725314785859,15,10
2026-07-01 08:44:00+00:00,2026-07-01 09:29:00+00:00,BUY,58739.44,,,58888.0,TRANSITION,0.002529135449708027,0.0010345689369868707,0.006001929878800268,45,1
2026-07-01 09:29:00+00:00,2026-07-01 09:59:00+00:00,SELL,58888.0,,,58944.55,TRANSITION,-0.0009602975139247879,0.0014568333106914969,0.0010594688221708909,30,3
2026-07-01 09:59:00+00:00,2026-07-01 10:14:00+00:00,BUY,58944.55,,,58757.43,TRANSITION,-0.003174508924065119,0.0032326992062879927,6.650317968324898e-05,15,75
2026-07-01 10:14:00+00:00,2026-07-01 11:14:00+00:00,SELL,58757.43,,,58706.01,TRANSITION,0.0008751233673766577,0.000690976443319569,0.0028835502165428318,60,3
2026-07-01 11:14:00+00:00,2026-07-01 11:59:00+00:00,BUY,58706.01,,,58622.03,TRANSITION,-0.0014305179316394215,0.0026574791916534955,0.0008498278114966324,45,5
2026-07-01 11:59:00+00:00,2026-07-01 12:29:00+00:00,SELL,58622.03,,,58559.99,TRANSITION,0.0010583052139272705,0.0009206436556359642,0.0038990461435743475,30,2
2026-07-01 12:29:00+00:00,2026-07-01 12:44:00+00:00,BUY,58559.99,,,58398.0,TRANSITION,-0.0027662231499697657,0.0031244882384713723,0.000510245988771594,15,3
2026-07-01 12:44:00+00:00,2026-07-01 12:59:00+00:00,SELL,58398.0,,,58538.01,TRANSITION,-0.0023975136134799487,0.002945477584848831,0.0012329189355799856,15,5
2026-07-01 12:59:00+00:00,2026-07-01 16:59:00+00:00,BUY,58538.01,,,59920.0,TRANSITION,0.0236084212633808,3.433666433146663e-05,0.03414089409598995,240,2
2026-07-01 16:59:00+00:00,2026-07-01 17:29:00+00:00,SELL,59920.0,,,60148.29,TRANSITION,-0.0038099132176235124,0.004768024032042675,0.0022137850467289963,30,2
2026-07-01 17:29:00+00:00,2026-07-01 19:29:00+00:00,BUY,60148.29,,,60155.42,TRANSITION,0.00011854036083149463,0.0021927472917351335,0.0034022579860541243,120,2
2026-07-01 19:29:00+00:00,2026-07-01 19:44:00+00:00,SELL,60155.42,,,60208.59,TRANSITION,-0.0008838771302735191,0.0020044744097872103,5.9844981549435526e-05,15,5
2026-07-01 19:44:00+00:00,2026-07-01 19:59:00+00:00,BUY,60208.59,,,60028.67,TRANSITION,-0.0029882779184830315,0.003464455819343993,1.660892573972795e-07,15,395
2026-07-01 19:59:00+00:00,2026-07-01 20:44:00+00:00,SELL,60028.67,,,60043.44,TRANSITION,-0.00024604909620693036,0.0006885043430081285,0.002543284733778014,45,3
2026-07-01 20:44:00+00:00,2026-07-01 22:29:00+00:00,BUY,60043.44,,,60555.06,TRANSITION,0.00852083091841499,0.00022633613264003166,0.02149377184251931,105,1
2026-07-01 22:29:00+00:00,2026-07-01 23:59:00+00:00,SELL,60555.06,,,60024.0,SESSION_RESET,0.00876986993324749,0.001986952040011185,0.009416223846529044,90,1
2026-07-02 00:59:00+00:00,2026-07-02 04:59:00+00:00,BUY,59761.73,,,60787.98,TRANSITION,0.0171723609741552,0.0007685520482757157,0.02275787531585842,240,1
2026-07-02 04:59:00+00:00,2026-07-02 05:14:00+00:00,SELL,60787.98,,,60870.01,TRANSITION,-0.001349444413188246,0.001349444413188246,0.002380240304086471,15,2
2026-07-02 05:14:00+00:00,2026-07-02 05:29:00+00:00,BUY,60870.01,,,60745.64,TRANSITION,-0.0020432064985697,0.0022377193629506405,0.00012617050662551708,15,3
2026-07-02 05:29:00+00:00,2026-07-02 08:14:00+00:00,SELL,60745.64,,,60308.0,TRANSITION,0.007204467678667958,0.002113073465025648,0.01056273339123597,165,3
2026-07-02 08:14:00+00:00,2026-07-02 10:44:00+00:00,BUY,60308.0,,,61206.0,TRANSITION,0.01489023015188698,1.6581548056704364e-07,0.018728692710751442,150,9
2026-07-02 10:44:00+00:00,2026-07-02 10:59:00+00:00,SELL,61206.0,,,61263.68,TRANSITION,-0.000942391268829858,0.002025945168774303,0.0009533379080482068,15,1
2026-07-02 10:59:00+00:00,2026-07-02 16:29:00+00:00,BUY,61263.68,,,61191.99,TRANSITION,-0.0011701876217687598,0.002524987072275161,0.01528344363250787,330,5
2026-07-02 16:29:00+00:00,2026-07-02 16:44:00+00:00,SELL,61191.99,,,61440.01,TRANSITION,-0.004053144864221675,0.004228167771631601,-1.6342008164855022e-07,15,3
2026-07-02 16:44:00+00:00,2026-07-02 17:59:00+00:00,BUY,61440.01,,,61667.39,TRANSITION,0.0037008457518154275,9.781899449563952e-05,0.008502928303559818,75,1
2026-07-02 17:59:00+00:00,2026-07-02 18:14:00+00:00,SELL,61667.39,,,61828.22,TRANSITION,-0.002608023462643737,0.003047639927683048,4.8648078019841604e-05,15,2
2026-07-02 18:14:00+00:00,2026-07-02 19:14:00+00:00,BUY,61828.22,,,61663.99,TRANSITION,-0.0026562304397571724,0.0036264993557958026,0.001165648954474182,60,15
2026-07-02 19:14:00+00:00,2026-07-02 20:59:00+00:00,SELL,61663.99,,,61584.78,TRANSITION,0.0012845422425632712,0.0005839712934567166,0.005221686108861882,105,3
2026-07-02 20:59:00+00:00,2026-07-02 22:29:00+00:00,BUY,61584.78,,,61522.35,TRANSITION,-0.001013724494915794,0.0011168343866779882,0.0011147234755080955,90,3
2026-07-02 22:29:00+00:00,2026-07-02 23:29:00+00:00,SELL,61522.35,,,61510.61,TRANSITION,0.00019082496035990112,0.0005302138166049025,0.0028010958619103746,60,2
2026-07-02 23:29:00+00:00,2026-07-02 23:59:00+00:00,BUY,61510.61,,,61560.0,SESSION_RESET,0.000802950905542953,0.0010100696448953664,0.0015507893678830273,30,5
