entry_time,exit_time,direction,entry_price,sl_price,tp_price,exit_price,exit_reason,pnl_pct,mae_pct,mfe_pct,duration_minutes,smallest_tf
2026-05-02 00:29:00+00:00,2026-05-02 02:14:00+00:00,BUY,2295.85,,,2297.2,TRANSITION,0.0005880175098546983,0.0006707755297602037,0.002234466537448052,105,2
2026-05-02 02:14:00+00:00,2026-05-02 02:59:00+00:00,SELL,2297.2,,,2303.31,TRANSITION,-0.002659759707470019,0.004849381856172875,0.0007705032213128948,45,5
2026-05-02 02:59:00+00:00,2026-05-02 04:44:00+00:00,BUY,2303.31,,,2301.51,TRANSITION,-0.0007814840381884016,0.0009985629376852126,0.002183813728938007,105,2
2026-05-02 04:44:00+00:00,2026-05-02 05:29:00+00:00,SELL,2301.51,,,2299.89,TRANSITION,0.0007038857098167488,0.00011296931145194394,0.002124692050002097,45,5
2026-05-02 05:29:00+00:00,2026-05-02 05:59:00+00:00,BUY,2299.89,,,2299.47,TRANSITION,-0.00018261742952927,0.00018696546356557762,0.0005782885268425565,30,2
2026-05-02 05:59:00+00:00,2026-05-02 06:44:00+00:00,SELL,2299.47,,,2301.87,TRANSITION,-0.0010437187699774693,0.0015264387010920858,0.0010350211135608009,45,1
2026-05-02 06:44:00+00:00,2026-05-02 07:44:00+00:00,BUY,2301.87,,,2302.41,TRANSITION,0.0002345918753013696,0.0,0.0019462437062040942,60,1
2026-05-02 07:44:00+00:00,2026-05-02 08:14:00+00:00,SELL,2302.41,,,2301.47,TRANSITION,0.0004082678584613751,0.00023453685486076053,0.0014593404302446883,30,5
2026-05-02 08:14:00+00:00,2026-05-02 09:59:00+00:00,BUY,2301.47,,,2305.13,TRANSITION,0.0015902879463996096,0.00036932916787962004,0.0027417259403774113,105,3
2026-05-02 09:59:00+00:00,2026-05-02 11:29:00+00:00,SELL,2305.13,,,2304.7,TRANSITION,0.00018654045541912647,0.0003600664604598991,0.001600777396502607,90,2
2026-05-02 11:29:00+00:00,2026-05-02 12:59:00+00:00,BUY,2304.7,,,2303.52,TRANSITION,-0.0005119972230658378,0.0019308369852908485,0.0005293530611360501,90,10
2026-05-02 12:59:00+00:00,2026-05-02 13:14:00+00:00,SELL,2303.52,,,2310.51,TRANSITION,-0.003034486351323295,0.0036075224005000807,-4.3411821908289395e-06,15,10
2026-05-02 13:14:00+00:00,2026-05-02 14:14:00+00:00,BUY,2310.51,,,2305.89,TRANSITION,-0.0019995585390240015,0.0020817914659535773,0.0,60,5
2026-05-02 14:14:00+00:00,2026-05-02 14:29:00+00:00,SELL,2305.89,,,2306.4,TRANSITION,-0.00022117273590683783,0.0010798433576624368,0.00028622354058513395,15,5
2026-05-02 14:29:00+00:00,2026-05-02 15:29:00+00:00,BUY,2306.4,,,2306.63,TRANSITION,9.972251127298741e-05,0.00046826222684700277,0.0013007284079084287,60,5
2026-05-02 15:29:00+00:00,2026-05-02 15:44:00+00:00,SELL,2306.63,,,2307.68,TRANSITION,-0.0004552095481285369,0.0006199520512608595,0.0002341077676090069,15,1
2026-05-02 15:44:00+00:00,2026-05-02 16:29:00+00:00,BUY,2307.68,,,2309.07,TRANSITION,0.0006023365457950528,0.0003510018720099604,0.0027300145600777327,45,7
2026-05-02 16:29:00+00:00,2026-05-02 18:14:00+00:00,SELL,2309.07,,,2306.43,TRANSITION,0.001143317439488767,0.0009137878020153882,0.002161043190548678,105,5
2026-05-02 18:14:00+00:00,2026-05-02 19:59:00+00:00,BUY,2306.43,,,2311.08,TRANSITION,0.0020161028082361448,4.769275460329279e-05,0.0027575083570713734,105,3
2026-05-02 19:59:00+00:00,2026-05-02 20:29:00+00:00,SELL,2311.08,,,2310.58,TRANSITION,0.00021634906623743013,0.0,0.0006447202173874473,30,4
2026-05-02 20:29:00+00:00,2026-05-02 23:59:00+00:00,BUY,2310.58,,,2316.97,TRANSITION,0.0027655393883786205,9.954210631097741e-05,0.014290784132122663,210,1
2026-05-02 23:59:00+00:00,2026-05-02 23:59:00+00:00,SELL,2316.97,,,2316.97,SESSION_RESET,0.0,0.0,0.0,0,1
2026-05-03 00:29:00+00:00,2026-05-03 01:14:00+00:00,BUY,2315.93,,,2309.44,TRANSITION,-0.0028023299495234235,0.004438821553328359,0.0005483758144676143,45,1
2026-05-03 01:14:00+00:00,2026-05-03 04:29:00+00:00,SELL,2309.44,,,2303.69,TRANSITION,0.0024897810724677843,0.00042867534986827183,0.005131114036303133,195,3
2026-05-03 04:29:00+00:00,2026-05-03 04:59:00+00:00,BUY,2303.69,,,2301.53,TRANSITION,-0.000937626156297008,0.0012328047610573234,0.000295178604760118,30,2
2026-05-03 04:59:00+00:00,2026-05-03 05:14:00+00:00,SELL,2301.53,,,2304.0,TRANSITION,-0.0010731991327507353,0.0017510091113301781,0.00011731326552336132,15,12
2026-05-03 05:14:00+00:00,2026-05-03 05:44:00+00:00,BUY,2304.0,,,2302.02,TRANSITION,-0.0008593750000000079,0.0008593750000000079,0.00024305555555553186,30,9
2026-05-03 05:44:00+00:00,2026-05-03 05:59:00+00:00,SELL,2302.02,,,2304.11,TRANSITION,-0.0009078982806405442,0.001086002728038853,7.81921964187263e-05,15,1
2026-05-03 05:59:00+00:00,2026-05-03 06:14:00+00:00,BUY,2304.11,,,2301.33,TRANSITION,-0.0012065396183342809,0.0012065396183342809,0.0,15,2
2026-05-03 06:14:00+00:00,2026-05-03 06:59:00+00:00,SELL,2301.33,,,2304.49,TRANSITION,-0.001373119022478243,0.002194383247948005,0.0007126313914127365,45,1
2026-05-03 06:59:00+00:00,2026-05-03 08:29:00+00:00,BUY,2304.49,,,2308.8,TRANSITION,0.001870261966856181,3.037548438036571e-05,0.004131065875747101,90,2
2026-05-03 08:29:00+00:00,2026-05-03 08:44:00+00:00,SELL,2308.8,,,2310.17,TRANSITION,-0.0005933818433817961,0.0006453568953568008,0.0004980942480942874,15,2
2026-05-03 08:44:00+00:00,2026-05-03 08:59:00+00:00,BUY,2310.17,,,2308.28,TRANSITION,-0.000818121610097903,0.000839765038936552,0.0002943506322044855,15,3
2026-05-03 08:59:00+00:00,2026-05-03 09:29:00+00:00,SELL,2308.28,,,2312.36,TRANSITION,-0.0017675498639679445,0.0022440951704298592,0.00034224617464103936,30,3
2026-05-03 09:29:00+00:00,2026-05-03 10:29:00+00:00,BUY,2312.36,,,2311.41,TRANSITION,-0.0004108356830252525,0.0005794945423723579,0.0042856648618726555,60,5
2026-05-03 10:29:00+00:00,2026-05-03 10:44:00+00:00,SELL,2311.41,,,2314.56,TRANSITION,-0.0013628045219152341,0.0017089136068461558,0.0,15,2
2026-05-03 10:44:00+00:00,2026-05-03 13:44:00+00:00,BUY,2314.56,,,2322.51,TRANSITION,0.003434778100373407,0.0017454721415733287,0.007798458454306729,180,15
2026-05-03 13:44:00+00:00,2026-05-03 14:14:00+00:00,SELL,2322.51,,,2325.87,TRANSITION,-0.001446710670782762,0.001761025786756436,0.0003530662946554218,30,3
2026-05-03 14:14:00+00:00,2026-05-03 15:44:00+00:00,BUY,2325.87,,,2327.41,TRANSITION,0.0006621178311771353,0.002012150292148674,0.0034567710147170583,90,3
2026-05-03 15:44:00+00:00,2026-05-03 15:59:00+00:00,SELL,2327.41,,,2328.44,TRANSITION,-0.0004425520213457019,0.0007390189094316235,0.001052672283783183,15,9
2026-05-03 15:59:00+00:00,2026-05-03 19:14:00+00:00,BUY,2328.44,,,2330.01,TRANSITION,0.0006742711858584132,0.0026026008829945994,0.0029676521619624533,195,4
2026-05-03 19:14:00+00:00,2026-05-03 19:44:00+00:00,SELL,2330.01,,,2335.32,TRANSITION,-0.0022789601761365593,0.0033733760799308466,0.0006609413693505256,30,3
2026-05-03 19:44:00+00:00,2026-05-03 20:59:00+00:00,BUY,2335.32,,,2329.58,TRANSITION,-0.0024579072675266073,0.0030145761608687304,0.0038667077745232967,75,3
2026-05-03 20:59:00+00:00,2026-05-03 21:14:00+00:00,SELL,2329.58,,,2332.89,TRANSITION,-0.0014208569785111246,0.001974604864396118,0.0018157779513903872,15,12
2026-05-03 21:14:00+00:00,2026-05-03 21:44:00+00:00,BUY,2332.89,,,2320.09,TRANSITION,-0.005486756769500374,0.007668599891122116,4.715181598794943e-05,30,5
2026-05-03 21:44:00+00:00,2026-05-03 22:14:00+00:00,SELL,2320.09,,,2347.9,TRANSITION,-0.011986603967949495,0.013727915727407086,0.0016809692727437688,30,1
2026-05-03 22:14:00+00:00,2026-05-03 23:29:00+00:00,BUY,2347.9,,,2326.65,TRANSITION,-0.009050640998338941,0.011188721836534767,0.003841730908471392,75,3
2026-05-03 23:29:00+00:00,2026-05-03 23:59:00+00:00,SELL,2326.65,,,2322.65,SESSION_RESET,0.001719210022994434,0.001010035888509191,0.0028753787634582142,30,10
2026-05-04 00:59:00+00:00,2026-05-04 05:14:00+00:00,BUY,2319.0,,,2384.36,TRANSITION,0.02818456231134115,0.002595946528676146,0.034467442863303076,255,3
2026-05-04 05:14:00+00:00,2026-05-04 05:44:00+00:00,SELL,2384.36,,,2380.33,TRANSITION,0.0016901810129343723,0.00012581992652104846,0.003774597795634887,30,1
2026-05-04 05:44:00+00:00,2026-05-04 05:59:00+00:00,BUY,2380.33,,,2376.19,TRANSITION,-0.0017392546411631466,0.0021299567706997385,0.0,15,1
2026-05-04 05:59:00+00:00,2026-05-04 07:14:00+00:00,SELL,2376.19,,,2372.07,TRANSITION,0.0017338680829394495,0.0009384771419793948,0.009254310471805804,75,8
2026-05-04 07:14:00+00:00,2026-05-04 07:59:00+00:00,BUY,2372.07,,,2362.8,TRANSITION,-0.003907979106856029,0.004030235195420011,0.0007588308945350378,45,3
2026-05-04 07:59:00+00:00,2026-05-04 08:44:00+00:00,SELL,2362.8,,,2360.67,TRANSITION,0.0009014728288471766,0.000977653631284893,0.0020611139326224587,45,1
2026-05-04 08:44:00+00:00,2026-05-04 08:59:00+00:00,BUY,2360.67,,,2360.04,TRANSITION,-0.0002668733876399959,0.0014275608195977799,0.0013131865106092377,15,5
2026-05-04 08:59:00+00:00,2026-05-04 09:14:00+00:00,SELL,2360.04,,,2361.04,TRANSITION,-0.00042372163183674856,0.001122862324367422,0.0008474432636734971,15,1
2026-05-04 09:14:00+00:00,2026-05-04 10:14:00+00:00,BUY,2361.04,,,2328.58,TRANSITION,-0.013748178768678225,0.016060719005184187,0.004256598786975308,60,5
2026-05-04 10:14:00+00:00,2026-05-04 12:29:00+00:00,SELL,2328.58,,,2340.84,TRANSITION,-0.005265011294437047,0.00743371496792034,0.006153965077429132,135,15
2026-05-04 12:29:00+00:00,2026-05-04 12:59:00+00:00,BUY,2340.84,,,2335.53,TRANSITION,-0.002268416465884018,0.002268416465884018,0.0006108918166127698,30,15
2026-05-04 12:59:00+00:00,2026-05-04 14:14:00+00:00,SELL,2335.53,,,2340.64,TRANSITION,-0.0021879402105730488,0.003853515047976262,0.004204613085680836,75,2
2026-05-04 14:14:00+00:00,2026-05-04 16:14:00+00:00,BUY,2340.64,,,2340.6,TRANSITION,-1.7089343085636247e-05,0.001978091462164047,0.01758493403513582,120,3
2026-05-04 16:14:00+00:00,2026-05-04 16:29:00+00:00,SELL,2340.6,,,2357.83,TRANSITION,-0.0073613603349568565,0.010424677433136843,0.0015209775271297725,15,25
2026-05-04 16:29:00+00:00,2026-05-04 18:29:00+00:00,BUY,2357.83,,,2363.76,TRANSITION,0.0025150244080363263,0.0025744010382426677,0.009199136494149305,120,11
2026-05-04 18:29:00+00:00,2026-05-04 20:14:00+00:00,SELL,2363.76,,,2356.67,TRANSITION,0.0029994584898636683,0.0010703286289639156,0.004332081091143024,105,1
2026-05-04 20:14:00+00:00,2026-05-04 20:29:00+00:00,BUY,2356.67,,,2352.5,TRANSITION,-0.001769445870656508,0.0029151302473404807,0.0010396024899539682,15,3
2026-05-04 20:29:00+00:00,2026-05-04 21:14:00+00:00,SELL,2352.5,,,2357.41,TRANSITION,-0.0020871413390010007,0.0020913921360255355,0.002010626992561113,45,2
2026-05-04 21:14:00+00:00,2026-05-04 22:29:00+00:00,BUY,2357.41,,,2359.89,TRANSITION,0.0010520019852295606,0.000695678732167876,0.003605651965504516,75,3
2026-05-04 22:29:00+00:00,2026-05-04 23:29:00+00:00,SELL,2359.89,,,2353.04,TRANSITION,0.002902677667179364,4.661234210074509e-05,0.004762933865561438,60,2
2026-05-04 23:29:00+00:00,2026-05-04 23:44:00+00:00,BUY,2353.04,,,2345.15,TRANSITION,-0.0033531091694148306,0.0034168564920273193,0.0,15,2
2026-05-04 23:44:00+00:00,2026-05-04 23:59:00+00:00,SELL,2345.15,,,2347.16,SESSION_RESET,-0.0008570880327483375,0.0011939534784554196,0.0001364518261092739,15,3
2026-05-05 04:29:00+00:00,2026-05-05 04:59:00+00:00,SELL,2379.89,,,2381.11,TRANSITION,-0.0005126287349416379,0.0018698343200737315,0.001617721827479383,30,1
2026-05-05 04:59:00+00:00,2026-05-05 06:29:00+00:00,BUY,2381.11,,,2371.2,TRANSITION,-0.004161924480599514,0.005778817442285412,0.004044332265203898,90,5
2026-05-05 06:29:00+00:00,2026-05-05 06:59:00+00:00,SELL,2371.2,,,2378.85,TRANSITION,-0.003226214574898824,0.0032557354925777057,0.00016447368421047262,30,10
2026-05-05 06:59:00+00:00,2026-05-05 07:59:00+00:00,BUY,2378.85,,,2380.59,TRANSITION,0.0007314458667003958,0.0012779284107867093,0.004081804233137876,60,1
2026-05-05 07:59:00+00:00,2026-05-05 08:14:00+00:00,SELL,2380.59,,,2384.03,TRANSITION,-0.0014450199320336784,0.0016928576529346695,0.0002478377209011823,15,4
2026-05-05 08:14:00+00:00,2026-05-05 08:29:00+00:00,BUY,2384.03,,,2378.34,TRANSITION,-0.0023867149322785593,0.0028061727411148574,0.00020972890441814908,15,3
2026-05-05 08:29:00+00:00,2026-05-05 09:29:00+00:00,SELL,2378.34,,,2371.49,TRANSITION,0.002880160111674682,0.0006979658080845692,0.004574619272265575,60,2
2026-05-05 09:29:00+00:00,2026-05-05 09:59:00+00:00,BUY,2371.49,,,2369.6,TRANSITION,-0.000796967307473307,0.0019945266478035174,0.0010752733513530238,30,1
2026-05-05 09:59:00+00:00,2026-05-05 10:29:00+00:00,SELL,2369.6,,,2374.42,TRANSITION,-0.0020340985820392317,0.0025236326806212096,0.0009706279540849626,30,50
2026-05-05 10:29:00+00:00,2026-05-05 14:14:00+00:00,BUY,2374.42,,,2381.81,TRANSITION,0.0031123390133168827,0.0006190985588060472,0.01056257949309723,225,5
2026-05-05 14:14:00+00:00,2026-05-05 14:29:00+00:00,SELL,2381.81,,,2383.45,TRANSITION,-0.0006885519835754626,0.001230156897485457,0.005306888458777095,15,1
2026-05-05 14:29:00+00:00,2026-05-05 14:44:00+00:00,BUY,2383.45,,,2377.07,TRANSITION,-0.0026767920451444983,0.005043109777843035,0.0014978287776123535,15,3
2026-05-05 14:44:00+00:00,2026-05-05 15:14:00+00:00,SELL,2377.07,,,2383.68,TRANSITION,-0.002780734265292849,0.004568649640103014,0.0015102626342514715,30,59
2026-05-05 15:14:00+00:00,2026-05-05 15:59:00+00:00,BUY,2383.68,,,2381.31,TRANSITION,-0.0009942609746274212,0.0014431467311048693,0.0015983689085783098,45,5
2026-05-05 15:59:00+00:00,2026-05-05 18:14:00+00:00,SELL,2381.31,,,2373.0,TRANSITION,0.003489675850687204,0.000869269435730822,0.009070637590233908,135,3
2026-05-05 18:14:00+00:00,2026-05-05 19:14:00+00:00,BUY,2373.0,,,2370.42,TRANSITION,-0.0010872313527180476,0.0015170670037926292,0.0007501053518753477,60,3
2026-05-05 19:14:00+00:00,2026-05-05 19:44:00+00:00,SELL,2370.42,,,2374.23,TRANSITION,-0.0016073100969448222,0.0016410593903189614,0.00045983412222312735,30,3
2026-05-05 19:44:00+00:00,2026-05-05 21:14:00+00:00,BUY,2374.23,,,2378.17,TRANSITION,0.0016594853910531222,0.0019669534965020543,0.00602721724516999,90,3
2026-05-05 21:14:00+00:00,2026-05-05 22:29:00+00:00,SELL,2378.17,,,2376.77,TRANSITION,0.0005886879407275724,0.0014759247656810756,0.0038979551503887364,75,1
2026-05-05 22:29:00+00:00,2026-05-05 22:44:00+00:00,BUY,2376.77,,,2361.74,TRANSITION,-0.006323708225869647,0.009437177345725432,0.0,15,5
2026-05-05 22:44:00+00:00,2026-05-05 23:14:00+00:00,SELL,2361.74,,,2369.75,TRANSITION,-0.003391567234327326,0.005762700381921858,0.0013549332271968204,30,1
2026-05-05 23:14:00+00:00,2026-05-05 23:29:00+00:00,BUY,2369.75,,,2358.56,TRANSITION,-0.004722017090410404,0.005089144424517331,0.0,15,3
2026-05-05 23:29:00+00:00,2026-05-05 23:59:00+00:00,SELL,2358.56,,,2360.77,SESSION_RESET,-0.0009370124143545369,0.002145376840105804,0.0015093955633945905,30,2
2026-05-06 00:29:00+00:00,2026-05-06 00:59:00+00:00,SELL,2357.54,,,2364.63,TRANSITION,-0.003007372091247718,0.004318060351043815,0.0010773942329716415,30,1
2026-05-06 00:59:00+00:00,2026-05-06 02:29:00+00:00,BUY,2364.63,,,2363.37,TRANSITION,-0.0005328529199072236,0.0007950503884329087,0.00522703340480315,90,2
2026-05-06 02:29:00+00:00,2026-05-06 02:59:00+00:00,SELL,2363.37,,,2369.75,TRANSITION,-0.0026995349860580906,0.0030972721156654116,0.0014259299221027139,30,2
2026-05-06 02:59:00+00:00,2026-05-06 04:29:00+00:00,BUY,2369.75,,,2372.92,TRANSITION,0.0013376938495622207,0.0007047156873088185,0.004692478109505176,90,3
2026-05-06 04:29:00+00:00,2026-05-06 05:59:00+00:00,SELL,2372.92,,,2365.03,TRANSITION,0.0033250172782899857,0.0003202804982889282,0.007551877012288688,90,1
2026-05-06 05:59:00+00:00,2026-05-06 07:14:00+00:00,BUY,2365.03,,,2370.04,TRANSITION,0.0021183663632172796,0.001703995298156979,0.0036870568238034185,75,1
2026-05-06 07:14:00+00:00,2026-05-06 07:29:00+00:00,SELL,2370.04,,,2374.0,TRANSITION,-0.0016708578758164573,0.0020927916828408113,0.00021518624158232077,15,1
2026-05-06 07:29:00+00:00,2026-05-06 12:14:00+00:00,BUY,2374.0,,,2403.01,TRANSITION,0.012219882055602451,0.002038753159224998,0.020951979780960313,285,9
2026-05-06 12:14:00+00:00,2026-05-06 12:29:00+00:00,SELL,2403.01,,,2409.72,TRANSITION,-0.002792331284513831,0.004402811473943066,0.0009529714816003338,15,3
2026-05-06 12:29:00+00:00,2026-05-06 12:59:00+00:00,BUY,2409.72,,,2405.11,TRANSITION,-0.0019130853377154495,0.0038054213767573074,0.0010291652142157672,30,3
2026-05-06 12:59:00+00:00,2026-05-06 14:44:00+00:00,SELL,2405.11,,,2369.9,TRANSITION,0.01463966305075445,0.0,0.02429410713023533,105,6
2026-05-06 14:44:00+00:00,2026-05-06 14:59:00+00:00,BUY,2369.9,,,2359.23,TRANSITION,-0.004502299675091807,0.005405291362504724,0.0014304401029578769,15,1
2026-05-06 14:59:00+00:00,2026-05-06 16:14:00+00:00,SELL,2359.23,,,2363.45,TRANSITION,-0.001788719200756094,0.0034926649796754796,0.0018014352140316968,75,3
2026-05-06 16:14:00+00:00,2026-05-06 16:29:00+00:00,BUY,2363.45,,,2351.61,TRANSITION,-0.005009625758953941,0.005009625758953941,0.0005965855000107087,15,3
2026-05-06 16:29:00+00:00,2026-05-06 19:59:00+00:00,SELL,2351.61,,,2348.5,TRANSITION,0.0013224982033586041,0.0044182496247251336,0.0057875242918681786,210,2
2026-05-06 19:59:00+00:00,2026-05-06 20:44:00+00:00,BUY,2348.5,,,2347.58,TRANSITION,-0.00039173940813288176,0.0013923781136895813,0.0036363636363636207,45,2
2026-05-06 20:44:00+00:00,2026-05-06 20:59:00+00:00,SELL,2347.58,,,2350.94,TRANSITION,-0.0014312611284812988,0.0014312611284812988,0.0009158367339984542,15,15
2026-05-06 20:59:00+00:00,2026-05-06 22:14:00+00:00,BUY,2350.94,,,2350.64,TRANSITION,-0.0001276085310557402,0.002173598645648178,0.002769105123907783,75,2
2026-05-06 22:14:00+00:00,2026-05-06 23:29:00+00:00,SELL,2350.64,,,2349.4,TRANSITION,0.0005275159105604353,0.00010635401422591295,0.005258142463328997,75,15
2026-05-06 23:29:00+00:00,2026-05-06 23:59:00+00:00,BUY,2349.4,,,2350.84,SESSION_RESET,0.0006129224482846916,0.0010811270962798856,0.0008257427428279792,30,1
2026-05-07 01:29:00+00:00,2026-05-07 01:59:00+00:00,BUY,2332.03,,,2327.41,TRANSITION,-0.0019811065895380185,0.002547137043691571,0.0012735685218456879,30,1
2026-05-07 01:59:00+00:00,2026-05-07 02:59:00+00:00,SELL,2327.41,,,2321.88,TRANSITION,0.0023760317262535376,0.00023201756458894807,0.005809032357857009,60,2
2026-05-07 02:59:00+00:00,2026-05-07 06:14:00+00:00,BUY,2321.88,,,2321.84,TRANSITION,-1.722741916031992e-05,0.002644408841111654,0.005206987441211299,195,1
2026-05-07 06:14:00+00:00,2026-05-07 06:44:00+00:00,SELL,2321.84,,,2336.23,TRANSITION,-0.006197670812803583,0.0065293043448298995,0.0007924749336733562,30,3
2026-05-07 06:44:00+00:00,2026-05-07 08:29:00+00:00,BUY,2336.23,,,2337.62,TRANSITION,0.0005949756659232492,0.0015323833697880461,0.004562906905570023,105,3
2026-05-07 08:29:00+00:00,2026-05-07 09:14:00+00:00,SELL,2337.62,,,2335.53,TRANSITION,0.000894071748188196,0.0014288036549995916,0.00265227025778348,45,1
2026-05-07 09:14:00+00:00,2026-05-07 09:29:00+00:00,BUY,2335.53,,,2331.18,TRANSITION,-0.0018625322731886825,0.0028986996527554693,0.0006765059750891349,15,1
2026-05-07 09:29:00+00:00,2026-05-07 10:44:00+00:00,SELL,2331.18,,,2328.01,TRANSITION,0.0013598263540351317,0.0011067356446093318,0.005932617815870044,75,3
2026-05-07 10:44:00+00:00,2026-05-07 13:14:00+00:00,BUY,2328.01,,,2324.07,TRANSITION,-0.0016924325926435256,0.0023410552360171445,0.003917508945408263,150,1
2026-05-07 13:14:00+00:00,2026-05-07 16:29:00+00:00,SELL,2324.07,,,2297.35,TRANSITION,0.011497071947058502,0.0025300442757746774,0.01665182201913035,195,3
2026-05-07 16:29:00+00:00,2026-05-07 16:59:00+00:00,BUY,2297.35,,,2291.81,TRANSITION,-0.0024114740897120436,0.003369099179489317,0.00024811195507874886,30,5
2026-05-07 16:59:00+00:00,2026-05-07 17:59:00+00:00,SELL,2291.81,,,2299.6,TRANSITION,-0.0033990601315117587,0.004119015101600942,0.005109498605905392,60,4
2026-05-07 17:59:00+00:00,2026-05-07 18:29:00+00:00,BUY,2299.6,,,2299.39,TRANSITION,-9.132022960516454e-05,0.0008218820664462832,0.001913376239346013,30,3
2026-05-07 18:29:00+00:00,2026-05-07 21:29:00+00:00,SELL,2299.39,,,2293.82,TRANSITION,0.002422381588160212,0.002004879555012472,0.00787165291664307,180,3
2026-05-07 21:29:00+00:00,2026-05-07 21:59:00+00:00,BUY,2293.82,,,2287.68,TRANSITION,-0.0026767575485436203,0.0026811170885248582,0.0002048983791229477,30,1
2026-05-07 21:59:00+00:00,2026-05-07 23:14:00+00:00,SELL,2287.68,,,2289.69,TRANSITION,-0.0008786193873269943,0.0016654427192614113,0.0029025038466917895,75,2
2026-05-07 23:14:00+00:00,2026-05-07 23:59:00+00:00,BUY,2289.69,,,2291.06,SESSION_RESET,0.0005983342723250268,0.0012840166136027385,0.0015504282239079208,45,9
2026-05-08 00:29:00+00:00,2026-05-08 01:29:00+00:00,SELL,2290.47,,,2285.71,TRANSITION,0.0020781760948625234,0.00032744371242583405,0.00444886857282549,60,3
2026-05-08 01:29:00+00:00,2026-05-08 02:14:00+00:00,BUY,2285.71,,,2277.84,TRANSITION,-0.003443131455871432,0.00556063542619144,0.0009231267308626761,45,2
2026-05-08 02:14:00+00:00,2026-05-08 03:44:00+00:00,SELL,2277.84,,,2280.78,TRANSITION,-0.0012906964492677513,0.002339936079794861,0.0053691216239946694,90,15
2026-05-08 03:44:00+00:00,2026-05-08 03:59:00+00:00,BUY,2280.78,,,2278.76,TRANSITION,-0.0008856619226755678,0.0008856619226755678,0.00035952612702659127,15,1
2026-05-08 03:59:00+00:00,2026-05-08 04:14:00+00:00,SELL,2278.76,,,2282.51,TRANSITION,-0.001645631834857554,0.0018431076550403805,0.0,15,2
2026-05-08 04:14:00+00:00,2026-05-08 04:44:00+00:00,BUY,2282.51,,,2277.65,TRANSITION,-0.00212923492120522,0.0026330662297208854,0.0008893717880752966,30,5
2026-05-08 04:44:00+00:00,2026-05-08 04:59:00+00:00,SELL,2277.65,,,2281.63,TRANSITION,-0.0017474150988957995,0.0021469497069347234,0.0,15,5
2026-05-08 04:59:00+00:00,2026-05-08 05:29:00+00:00,BUY,2281.63,,,2280.27,TRANSITION,-0.0005960650938145656,0.0011526847034795777,0.0003988376730669979,30,2
2026-05-08 05:29:00+00:00,2026-05-08 05:44:00+00:00,SELL,2280.27,,,2283.31,TRANSITION,-0.0013331754572923223,0.0014340407057058953,0.0,15,330
2026-05-08 05:44:00+00:00,2026-05-08 05:59:00+00:00,BUY,2283.31,,,2275.97,TRANSITION,-0.0032146313903938344,0.0032146313903938344,0.0003021928691242339,15,3
2026-05-08 05:59:00+00:00,2026-05-08 07:44:00+00:00,SELL,2275.97,,,2279.53,TRANSITION,-0.001564168244748569,0.0017882485270017462,0.003875270763674262,105,1
2026-05-08 07:44:00+00:00,2026-05-08 09:44:00+00:00,BUY,2279.53,,,2285.7,TRANSITION,0.0027066983106164943,0.00023250406882129214,0.005523068351809228,120,5
2026-05-08 09:44:00+00:00,2026-05-08 10:29:00+00:00,SELL,2285.7,,,2283.7,TRANSITION,0.00087500546878418,0.0009100056875357143,0.001981887386796056,45,3
2026-05-08 10:29:00+00:00,2026-05-08 12:59:00+00:00,BUY,2283.7,,,2284.53,TRANSITION,0.00036344528615859443,0.0005429784998028558,0.008013311730962992,150,126
2026-05-08 12:59:00+00:00,2026-05-08 14:14:00+00:00,SELL,2284.53,,,2281.24,TRANSITION,0.001440121162777647,0.0010811851890760024,0.006377679435157412,75,1
2026-05-08 14:14:00+00:00,2026-05-08 15:14:00+00:00,BUY,2281.24,,,2281.28,TRANSITION,1.7534323438313535e-05,0.0034717960407496004,0.0050060493415861875,60,15
2026-05-08 15:14:00+00:00,2026-05-08 15:44:00+00:00,SELL,2281.28,,,2285.14,TRANSITION,-0.0016920325431335358,0.0025073642867161415,0.002779141534577143,30,15
2026-05-08 15:44:00+00:00,2026-05-08 18:59:00+00:00,BUY,2285.14,,,2313.49,TRANSITION,0.012406242068319626,0.0002494376712147654,0.01578896697795318,195,5
2026-05-08 18:59:00+00:00,2026-05-08 19:14:00+00:00,SELL,2313.49,,,2317.5,TRANSITION,-0.0017333120091291593,0.002593484302936257,0.0004365698576608343,15,2
2026-05-08 19:14:00+00:00,2026-05-08 20:59:00+00:00,BUY,2317.5,,,2306.65,TRANSITION,-0.004681769147788526,0.00523840345199563,0.0012340884573894832,105,77
2026-05-08 20:59:00+00:00,2026-05-08 21:29:00+00:00,SELL,2306.65,,,2308.76,TRANSITION,-0.0009147464938331031,0.001508681421108542,0.0010578111113519844,30,1
2026-05-08 21:29:00+00:00,2026-05-08 22:29:00+00:00,BUY,2308.76,,,2313.1,TRANSITION,0.0018797969472789248,0.0,0.004500251217103498,60,10
2026-05-08 22:29:00+00:00,2026-05-08 23:29:00+00:00,SELL,2313.1,,,2308.01,TRANSITION,0.0022005101379100303,0.0008343781073020151,0.0030219186373264375,60,1
2026-05-08 23:29:00+00:00,2026-05-08 23:44:00+00:00,BUY,2308.01,,,2304.7,TRANSITION,-0.0014341359006245207,0.0020883791664681535,0.0,15,1
2026-05-08 23:44:00+00:00,2026-05-08 23:59:00+00:00,SELL,2304.7,,,2307.06,TRANSITION,-0.0010239944461318728,0.001171519069727198,0.0002993882067078578,15,3
2026-05-08 23:59:00+00:00,2026-05-08 23:59:00+00:00,BUY,2307.06,,,2307.06,SESSION_RESET,0.0,0.0,0.0,0,4
2026-05-09 03:29:00+00:00,2026-05-09 04:14:00+00:00,SELL,2316.83,,,2321.41,TRANSITION,-0.0019768390430026923,0.0036688060841753604,0.001825770557183746,45,1
2026-05-09 04:14:00+00:00,2026-05-09 04:44:00+00:00,BUY,2321.41,,,2313.38,TRANSITION,-0.003459104595913581,0.0037477222894705454,5.169272123422645e-05,30,15
2026-05-09 04:44:00+00:00,2026-05-09 05:14:00+00:00,SELL,2313.38,,,2313.81,TRANSITION,-0.00018587521289188818,0.0006094977911107792,0.001072024483655957,30,3
2026-05-09 05:14:00+00:00,2026-05-09 05:59:00+00:00,BUY,2313.81,,,2314.82,TRANSITION,0.000436509480035188,0.00023338130615736108,0.001936200465898245,45,5
2026-05-09 05:59:00+00:00,2026-05-09 06:14:00+00:00,SELL,2314.82,,,2318.58,TRANSITION,-0.0016243163615312479,0.0018748758002780736,8.639980646435493e-06,15,2
2026-05-09 06:14:00+00:00,2026-05-09 06:44:00+00:00,BUY,2318.58,,,2315.07,TRANSITION,-0.0015138576197499174,0.002208248151886021,0.00043561145183699433,30,15
2026-05-09 06:44:00+00:00,2026-05-09 07:29:00+00:00,SELL,2315.07,,,2316.2,TRANSITION,-0.0004881061911733357,0.0015075138116773064,0.0016111823832540778,45,9
2026-05-09 07:29:00+00:00,2026-05-09 07:59:00+00:00,BUY,2316.2,,,2314.69,TRANSITION,-0.0006519298851566202,0.0008850703738881475,0.0006648821345306812,30,1
2026-05-09 07:59:00+00:00,2026-05-09 08:14:00+00:00,SELL,2314.69,,,2318.64,TRANSITION,-0.001706492014049319,0.001931144127291257,0.00019873071556019873,15,1
2026-05-09 08:14:00+00:00,2026-05-09 08:44:00+00:00,BUY,2318.64,,,2317.8,TRANSITION,-0.0003622813373355462,0.0006210537211469028,0.0008151330090054202,30,3
2026-05-09 08:44:00+00:00,2026-05-09 11:14:00+00:00,SELL,2317.8,,,2314.56,TRANSITION,0.0013978772974373268,4.314436103099288e-06,0.003261713694020364,150,5
2026-05-09 11:14:00+00:00,2026-05-09 11:44:00+00:00,BUY,2314.56,,,2313.55,TRANSITION,-0.00043636803539323394,0.00044068851099128206,0.00043204755979538227,30,5
2026-05-09 11:44:00+00:00,2026-05-09 11:59:00+00:00,SELL,2313.55,,,2314.57,TRANSITION,-0.000440880897322289,0.0007909921981370306,4.322361738548239e-06,15,1
2026-05-09 11:59:00+00:00,2026-05-09 13:29:00+00:00,BUY,2314.57,,,2314.05,TRANSITION,-0.0002246637604392962,0.0006696708243864657,0.0015985690646642002,90,4
2026-05-09 13:29:00+00:00,2026-05-09 13:59:00+00:00,SELL,2314.05,,,2314.34,TRANSITION,-0.0001253214061925903,0.0003111428015815561,0.0010198569607398835,30,9
2026-05-09 13:59:00+00:00,2026-05-09 14:29:00+00:00,BUY,2314.34,,,2308.03,TRANSITION,-0.002726479255424849,0.0037029995592696677,0.0004234468574194017,30,2
2026-05-09 14:29:00+00:00,2026-05-09 15:29:00+00:00,SELL,2308.03,,,2310.9,TRANSITION,-0.001243484703405021,0.001460119669155033,0.0034791575499452778,60,10
2026-05-09 15:29:00+00:00,2026-05-09 19:29:00+00:00,BUY,2310.9,,,2328.54,TRANSITION,0.007633389588471968,0.0002509844649270532,0.011887143537149942,240,2
2026-05-09 19:29:00+00:00,2026-05-09 19:59:00+00:00,SELL,2328.54,,,2332.01,TRANSITION,-0.0014902041622648762,0.0019583086397484887,0.0005153443788811093,30,2
2026-05-09 19:59:00+00:00,2026-05-09 20:14:00+00:00,BUY,2332.01,,,2327.98,TRANSITION,-0.0017281229497301469,0.0017324110960074861,0.0003430517021795477,15,6
2026-05-09 20:14:00+00:00,2026-05-09 20:29:00+00:00,SELL,2327.98,,,2328.73,TRANSITION,-0.0003221677162174933,0.0007345423929759003,0.00014604936468532614,15,1
2026-05-09 20:29:00+00:00,2026-05-09 22:59:00+00:00,BUY,2328.73,,,2329.89,TRANSITION,0.0004981255877666602,0.0006484221013171206,0.0020354442120811694,150,205
2026-05-09 22:59:00+00:00,2026-05-09 23:59:00+00:00,SELL,2329.89,,,2326.44,SESSION_RESET,0.0014807566022429464,0.0008884539613458849,0.0022275729755482252,60,2
2026-05-10 00:59:00+00:00,2026-05-10 01:59:00+00:00,SELL,2323.89,,,2323.67,TRANSITION,9.4668852656451e-05,0.00046473800395024174,0.0023925400944106415,60,2
2026-05-10 01:59:00+00:00,2026-05-10 03:29:00+00:00,BUY,2323.67,,,2325.67,TRANSITION,0.0008607074154247375,0.0015449698106874666,0.002599336394582692,90,8
2026-05-10 03:29:00+00:00,2026-05-10 03:44:00+00:00,SELL,2325.67,,,2328.87,TRANSITION,-0.001375947576397261,0.0031130813915988863,0.0008470677267197215,15,10
2026-05-10 03:44:00+00:00,2026-05-10 04:14:00+00:00,BUY,2328.87,,,2327.37,TRANSITION,-0.000644089193471512,0.001189418043944051,0.00046803814725602784,30,3
2026-05-10 04:14:00+00:00,2026-05-10 04:29:00+00:00,SELL,2327.37,,,2329.24,TRANSITION,-0.0008034820419614805,0.0008077787373731332,0.0005027133631524308,15,1
2026-05-10 04:29:00+00:00,2026-05-10 04:59:00+00:00,BUY,2329.24,,,2328.27,TRANSITION,-0.00041644484896352456,0.0009488073362983557,0.0007470247806152378,30,2
2026-05-10 04:59:00+00:00,2026-05-10 06:14:00+00:00,SELL,2328.27,,,2329.01,TRANSITION,-0.0003178325537846712,0.0007430409703342044,0.000755926073865902,75,1
2026-05-10 06:14:00+00:00,2026-05-10 06:29:00+00:00,BUY,2329.01,,,2326.65,TRANSITION,-0.0010133060828421206,0.0010133060828421206,4.293669842449595e-06,15,1
2026-05-10 06:29:00+00:00,2026-05-10 06:44:00+00:00,SELL,2326.65,,,2329.12,TRANSITION,-0.001061612189198977,0.0017621902735692559,0.0,15,1
2026-05-10 06:44:00+00:00,2026-05-10 07:14:00+00:00,BUY,2329.12,,,2327.55,TRANSITION,-0.0006740743285016268,0.0006740743285016268,0.0012751597169747607,30,9
2026-05-10 07:14:00+00:00,2026-05-10 08:14:00+00:00,SELL,2327.55,,,2328.61,TRANSITION,-0.00045541449163280935,0.0015767652682003041,0.0005971944748771572,60,1
2026-05-10 08:14:00+00:00,2026-05-10 09:29:00+00:00,BUY,2328.61,,,2329.18,TRANSITION,0.0002447812214152258,0.0003950854801791939,0.0021386148818393885,75,9
2026-05-10 09:29:00+00:00,2026-05-10 12:14:00+00:00,SELL,2329.18,,,2323.59,TRANSITION,0.0023999862612591946,0.00024472131823223786,0.004370636876497238,165,1
2026-05-10 12:14:00+00:00,2026-05-10 14:29:00+00:00,BUY,2323.59,,,2327.58,TRANSITION,0.001717170413024579,0.0004174574688306692,0.003615095606367576,135,1
2026-05-10 14:29:00+00:00,2026-05-10 14:59:00+00:00,SELL,2327.58,,,2330.9,TRANSITION,-0.0014263741740349048,0.003187860352812824,0.00018903754113717018,30,2
2026-05-10 14:59:00+00:00,2026-05-10 18:44:00+00:00,BUY,2330.9,,,2356.76,TRANSITION,0.011094427045347344,0.0,0.01591659873868459,225,20
2026-05-10 18:44:00+00:00,2026-05-10 18:59:00+00:00,SELL,2356.76,,,2358.54,TRANSITION,-0.0007552741899895386,0.0013408238429029066,5.516047454985197e-05,15,3
2026-05-10 18:59:00+00:00,2026-05-10 20:14:00+00:00,BUY,2358.54,,,2354.76,TRANSITION,-0.0016026864076927867,0.0030908952148362818,0.0047995794008158284,75,30
2026-05-10 20:14:00+00:00,2026-05-10 21:29:00+00:00,SELL,2354.76,,,2335.0,TRANSITION,0.008391513360172678,0.0008663303266574782,0.018231157315395322,75,1
2026-05-10 21:29:00+00:00,2026-05-10 21:59:00+00:00,BUY,2335.0,,,2330.8,TRANSITION,-0.0017987152034260464,0.002214132762312665,0.0007922912205567062,30,1
2026-05-10 21:59:00+00:00,2026-05-10 22:14:00+00:00,SELL,2330.8,,,2342.82,TRANSITION,-0.0051570276299982756,0.007006178136262196,0.001235627252445559,15,2
2026-05-10 22:14:00+00:00,2026-05-10 23:59:00+00:00,BUY,2342.82,,,2371.27,SESSION_RESET,0.01214348520159458,0.001186604177871198,0.016949658958007884,105,15
2026-05-11 01:14:00+00:00,2026-05-11 02:14:00+00:00,BUY,2356.19,,,2355.02,TRANSITION,-0.0004965643687478823,0.0015151579456665904,0.00398524736969424,60,3
2026-05-11 02:14:00+00:00,2026-05-11 03:44:00+00:00,SELL,2355.02,,,2329.66,TRANSITION,0.010768486042581434,0.0,0.014866115786702348,90,9
2026-05-11 03:44:00+00:00,2026-05-11 04:14:00+00:00,BUY,2329.66,,,2328.65,TRANSITION,-0.00043353965814743936,0.0012877415588540817,0.0007168428010954701,30,1
2026-05-11 04:14:00+00:00,2026-05-11 04:29:00+00:00,SELL,2328.65,,,2331.85,TRANSITION,-0.0013741867605693505,0.0015803147746547726,0.0,15,85
2026-05-11 04:29:00+00:00,2026-05-11 05:59:00+00:00,BUY,2331.85,,,2335.3,TRANSITION,0.0014795119754702373,0.0007933614940926342,0.00370521259943816,90,9
2026-05-11 05:59:00+00:00,2026-05-11 06:29:00+00:00,SELL,2335.3,,,2339.47,TRANSITION,-0.0017856378195519281,0.0023423114803236412,0.0007793431250803595,30,2
2026-05-11 06:29:00+00:00,2026-05-11 06:44:00+00:00,BUY,2339.47,,,2333.12,TRANSITION,-0.0027142899887580988,0.0032742458762026676,0.001269518309702734,15,26
2026-05-11 06:44:00+00:00,2026-05-11 07:59:00+00:00,SELL,2333.12,,,2330.54,TRANSITION,0.0011058153888355196,0.0005443354821012129,0.002087333699081012,75,3
2026-05-11 07:59:00+00:00,2026-05-11 08:29:00+00:00,BUY,2330.54,,,2327.81,TRANSITION,-0.001171402335939318,0.0016648502063899822,0.0014159808456410026,30,1
2026-05-11 08:29:00+00:00,2026-05-11 08:44:00+00:00,SELL,2327.81,,,2333.87,TRANSITION,-0.0026033052525764326,0.0028825376641564548,0.00040810890923220457,15,1
2026-05-11 08:44:00+00:00,2026-05-11 10:44:00+00:00,BUY,2333.87,,,2332.5,TRANSITION,-0.0005870078453383826,0.0017953013664000373,0.002583691465248793,120,5
2026-05-11 10:44:00+00:00,2026-05-11 11:59:00+00:00,SELL,2332.5,,,2335.8,TRANSITION,-0.001414790996784644,0.001414790996784644,0.0021736334405145397,75,15
2026-05-11 11:59:00+00:00,2026-05-11 12:14:00+00:00,BUY,2335.8,,,2330.13,TRANSITION,-0.0024274338556383563,0.002817022005308837,0.00029540200359602696,15,1
2026-05-11 12:14:00+00:00,2026-05-11 12:29:00+00:00,SELL,2330.13,,,2337.02,TRANSITION,-0.0029569165668867714,0.003759446897812467,0.0003004124233413041,15,5
2026-05-11 12:29:00+00:00,2026-05-11 12:59:00+00:00,BUY,2337.02,,,2329.5,TRANSITION,-0.0032177730614200914,0.0035215787626978025,0.0007873274511985971,30,6
2026-05-11 12:59:00+00:00,2026-05-11 15:14:00+00:00,SELL,2329.5,,,2321.16,TRANSITION,0.0035801674179008996,0.0014423696072119027,0.010946555054732776,135,1
2026-05-11 15:14:00+00:00,2026-05-11 16:44:00+00:00,BUY,2321.16,,,2329.78,TRANSITION,0.0037136604111738724,0.000753933378138517,0.008637922418101372,90,3
2026-05-11 16:44:00+00:00,2026-05-11 17:29:00+00:00,SELL,2329.78,,,2329.57,TRANSITION,9.013726617965489e-05,0.0019229283451656456,0.002618272969980154,45,3
2026-05-11 17:29:00+00:00,2026-05-11 18:59:00+00:00,BUY,2329.57,,,2335.35,TRANSITION,0.0024811445889154414,0.0006996999446250205,0.006344518516292597,90,14
2026-05-11 18:59:00+00:00,2026-05-11 19:44:00+00:00,SELL,2335.35,,,2341.5,TRANSITION,-0.0026334382426617385,0.0037039415933372262,0.001468730597126699,45,1
2026-05-11 19:44:00+00:00,2026-05-11 20:14:00+00:00,BUY,2341.5,,,2338.07,TRANSITION,-0.0014648729446935026,0.0022336109331625104,0.0016826820414264593,30,5
2026-05-11 20:14:00+00:00,2026-05-11 21:14:00+00:00,SELL,2338.07,,,2340.49,TRANSITION,-0.0010350417224461277,0.0013900353710539033,0.0007270954248590815,60,5
2026-05-11 21:14:00+00:00,2026-05-11 21:29:00+00:00,BUY,2340.49,,,2337.37,TRANSITION,-0.001333054189507279,0.0017645877572643569,0.00012390567787105196,15,1
2026-05-11 21:29:00+00:00,2026-05-11 21:44:00+00:00,SELL,2337.37,,,2340.34,TRANSITION,-0.0012706589029551397,0.001681376932193145,7.700963048205303e-05,15,10
2026-05-11 21:44:00+00:00,2026-05-11 22:29:00+00:00,BUY,2340.34,,,2338.8,TRANSITION,-0.0006580240477879126,0.0015852397514891153,0.002281719750121645,45,435
2026-05-11 22:29:00+00:00,2026-05-11 22:44:00+00:00,SELL,2338.8,,,2340.77,TRANSITION,-0.0008423122969043098,0.0009406533264921404,6.413545407905376e-05,15,5
2026-05-11 22:44:00+00:00,2026-05-11 23:29:00+00:00,BUY,2340.77,,,2336.36,TRANSITION,-0.0018839954373987425,0.002191586529219064,0.0018070976644437593,45,7
2026-05-11 23:29:00+00:00,2026-05-11 23:44:00+00:00,SELL,2336.36,,,2341.27,TRANSITION,-0.0021015596911434257,0.002512455272303879,0.0005478607748806691,15,1
2026-05-11 23:44:00+00:00,2026-05-11 23:59:00+00:00,BUY,2341.27,,,2339.87,SESSION_RESET,-0.0005979660611548822,0.0007218304595369413,0.0003117965890307475,15,5
2026-05-12 02:59:00+00:00,2026-05-12 03:29:00+00:00,BUY,2315.89,,,2311.57,TRANSITION,-0.0018653735712834845,0.002266947048434943,0.0006131552016719589,30,2
2026-05-12 03:29:00+00:00,2026-05-12 03:44:00+00:00,SELL,2311.57,,,2313.13,TRANSITION,-0.0006748660001643668,0.0009603862310030844,1.730425641445581e-05,15,7
2026-05-12 03:44:00+00:00,2026-05-12 03:59:00+00:00,BUY,2313.13,,,2309.37,TRANSITION,-0.001625503106180897,0.002563625909482083,0.0,15,3
2026-05-12 03:59:00+00:00,2026-05-12 04:29:00+00:00,SELL,2309.37,,,2312.08,TRANSITION,-0.0011734802132183394,0.001428961145247484,0.0016108289273697157,30,1
2026-05-12 04:29:00+00:00,2026-05-12 04:59:00+00:00,BUY,2312.08,,,2310.92,TRANSITION,-0.000501712743503622,0.0008952977405624845,0.0010423514757274205,30,9
2026-05-12 04:59:00+00:00,2026-05-12 05:29:00+00:00,SELL,2310.92,,,2313.07,TRANSITION,-0.0009303653956000601,0.0012678933065618178,0.0005106191473526955,30,2
2026-05-12 05:29:00+00:00,2026-05-12 05:59:00+00:00,BUY,2313.07,,,2310.12,TRANSITION,-0.0012753613163459267,0.0013877660425322348,0.00043664912864710686,30,5
2026-05-12 05:59:00+00:00,2026-05-12 06:14:00+00:00,SELL,2310.12,,,2311.92,TRANSITION,-0.0007791803023220361,0.0008094817585233196,0.0006190154624001508,15,1
2026-05-12 06:14:00+00:00,2026-05-12 06:44:00+00:00,BUY,2311.92,,,2306.61,TRANSITION,-0.002296792276549338,0.002504411917367367,0.0008304785632721169,30,3
2026-05-12 06:44:00+00:00,2026-05-12 09:44:00+00:00,SELL,2306.61,,,2294.0,TRANSITION,0.00546689730817092,0.0006979940258646553,0.011536410576560461,180,9
2026-05-12 09:44:00+00:00,2026-05-12 10:14:00+00:00,BUY,2294.0,,,2291.78,TRANSITION,-0.0009677419354837838,0.0017436791630340018,0.0005666957279861299,30,5
2026-05-12 10:14:00+00:00,2026-05-12 11:44:00+00:00,SELL,2291.78,,,2286.89,TRANSITION,0.0021337126600285924,0.00042761521612022887,0.005764078576477687,90,1
2026-05-12 11:44:00+00:00,2026-05-12 12:44:00+00:00,BUY,2286.89,,,2286.8,TRANSITION,-3.935475689678593e-05,0.002514331690636629,0.0031133985456232465,60,3
2026-05-12 12:44:00+00:00,2026-05-12 12:59:00+00:00,SELL,2286.8,,,2288.97,TRANSITION,-0.0009489242609758692,0.00134686024138531,0.0005378695119818166,15,1
2026-05-12 12:59:00+00:00,2026-05-12 13:29:00+00:00,BUY,2288.97,,,2285.02,TRANSITION,-0.0017256670030624335,0.002608160002096926,0.0015465471369220298,30,52
2026-05-12 13:29:00+00:00,2026-05-12 16:14:00+00:00,SELL,2285.02,,,2268.0,TRANSITION,0.007448512485667514,0.0002844614051518547,0.012406893593929116,165,2
2026-05-12 16:14:00+00:00,2026-05-12 16:44:00+00:00,BUY,2268.0,,,2264.81,TRANSITION,-0.0014065255731922639,0.0023544973544974185,0.0014285714285713323,30,3
2026-05-12 16:44:00+00:00,2026-05-12 17:14:00+00:00,SELL,2264.81,,,2270.48,TRANSITION,-0.0025035212666846547,0.0025388443180664163,0.0037707357350064527,30,5
2026-05-12 17:14:00+00:00,2026-05-12 19:44:00+00:00,BUY,2270.48,,,2283.09,TRANSITION,0.0055538916881012505,-4.404355026145806e-06,0.007275994503364919,150,1
2026-05-12 19:44:00+00:00,2026-05-12 19:59:00+00:00,SELL,2283.09,,,2285.09,TRANSITION,-0.0008760057641179278,0.001900932508135768,0.0,15,3
2026-05-12 19:59:00+00:00,2026-05-12 21:44:00+00:00,BUY,2285.09,,,2284.82,TRANSITION,-0.00011815727170482642,0.001649825608619346,0.0011159297883233164,105,48
2026-05-12 21:44:00+00:00,2026-05-12 21:59:00+00:00,SELL,2284.82,,,2285.4,TRANSITION,-0.0002538493185458492,0.0006608835706969317,0.0008797191901332351,15,15
2026-05-12 21:59:00+00:00,2026-05-12 22:44:00+00:00,BUY,2285.4,,,2284.55,TRANSITION,-0.00037192613984418876,0.0006169598319770321,0.002612234182199965,45,2
2026-05-12 22:44:00+00:00,2026-05-12 23:29:00+00:00,SELL,2284.55,,,2282.88,TRANSITION,0.0007309973517760927,7.879013372429418e-05,0.0023505723227770655,45,3
2026-05-12 23:29:00+00:00,2026-05-12 23:44:00+00:00,BUY,2282.88,,,2278.1,TRANSITION,-0.0020938463694982652,0.00267206335856458,0.00011827165685449161,15,2
2026-05-12 23:44:00+00:00,2026-05-12 23:59:00+00:00,SELL,2278.1,,,2274.96,SESSION_RESET,0.0013783416004564649,4.38962293148601e-06,0.0018524208770465738,15,1
2026-05-13 00:44:00+00:00,2026-05-13 00:59:00+00:00,BUY,2284.44,,,2281.56,TRANSITION,-0.0012607028418343703,0.001750976169214337,5.690672549951372e-05,15,45
2026-05-13 00:59:00+00:00,2026-05-13 01:14:00+00:00,SELL,2281.56,,,2289.13,TRANSITION,-0.003317905292869863,0.004702922561755999,0.00024982906432448137,15,1
2026-05-13 01:14:00+00:00,2026-05-13 01:59:00+00:00,BUY,2289.13,,,2289.98,TRANSITION,0.00037132010851280135,0.0009785376977280611,0.00269097866875182,45,5
2026-05-13 01:59:00+00:00,2026-05-13 02:14:00+00:00,SELL,2289.98,,,2292.23,TRANSITION,-0.0009825413322387096,0.0016419357374299179,0.0013187888103826154,15,3
2026-05-13 02:14:00+00:00,2026-05-13 05:14:00+00:00,BUY,2292.23,,,2303.71,TRANSITION,0.005008223433076095,0.0005365953678295887,0.007316019771139886,180,3
2026-05-13 05:14:00+00:00,2026-05-13 06:14:00+00:00,SELL,2303.71,,,2303.53,TRANSITION,7.813483467964122e-05,-4.340824148967656e-06,0.003507385912289276,60,1
2026-05-13 06:14:00+00:00,2026-05-13 06:59:00+00:00,BUY,2303.53,,,2301.84,TRANSITION,-0.0007336566052971111,0.0010071498960292089,0.0006945861351924694,45,1
2026-05-13 06:59:00+00:00,2026-05-13 07:44:00+00:00,SELL,2301.84,,,2300.94,TRANSITION,0.0003909915545824605,0.0005169777221701137,0.0021243874465646296,45,10
2026-05-13 07:44:00+00:00,2026-05-13 10:29:00+00:00,BUY,2300.94,,,2309.84,TRANSITION,0.0038679843889888876,0.0010908585186924554,0.009743843820351714,165,3
2026-05-13 10:29:00+00:00,2026-05-13 11:44:00+00:00,SELL,2309.84,,,2306.68,TRANSITION,0.0013680601253767833,0.0006017732829979014,0.004692965746545278,75,2
2026-05-13 11:44:00+00:00,2026-05-13 12:29:00+00:00,BUY,2306.68,,,2298.24,TRANSITION,-0.0036589383876394015,0.006125687134756297,0.00048554632632196305,45,3
2026-05-13 12:29:00+00:00,2026-05-13 17:14:00+00:00,SELL,2298.24,,,2254.45,TRANSITION,0.019053710665552757,9.137426900586379e-05,0.027895258980785157,285,3
2026-05-13 17:14:00+00:00,2026-05-13 18:59:00+00:00,BUY,2254.45,,,2259.68,TRANSITION,0.002319856284237849,0.0008560846326154212,0.006227683026902333,105,3
2026-05-13 18:59:00+00:00,2026-05-13 19:59:00+00:00,SELL,2259.68,,,2256.53,TRANSITION,0.0013940026906463024,0.0004558167528146464,0.004035969694823998,60,1
2026-05-13 19:59:00+00:00,2026-05-13 21:14:00+00:00,BUY,2256.53,,,2257.79,TRANSITION,0.0005583794587263469,0.0012541379906318027,0.0035142453235719605,75,2
2026-05-13 21:14:00+00:00,2026-05-13 22:14:00+00:00,SELL,2257.79,,,2256.01,TRANSITION,0.0007883815589579834,0.000726374020613021,0.003007365609733396,60,1
2026-05-13 22:14:00+00:00,2026-05-13 22:29:00+00:00,BUY,2256.01,,,2253.98,TRANSITION,-0.0008998187064774535,0.0019148851290553513,0.0,15,3
2026-05-13 22:29:00+00:00,2026-05-13 22:44:00+00:00,SELL,2253.98,,,2257.5,TRANSITION,-0.0015616820025022324,0.0015616820025022324,0.0006610528931047465,15,2
2026-05-13 22:44:00+00:00,2026-05-13 23:29:00+00:00,BUY,2257.5,,,2257.61,TRANSITION,4.87264673311749e-05,0.0009656699889257303,0.0019003322259136051,45,3
2026-05-13 23:29:00+00:00,2026-05-13 23:59:00+00:00,SELL,2257.61,,,2258.65,SESSION_RESET,-0.0004606641536846327,0.0007530087127536723,0.0012313907185032844,30,2
2026-05-14 01:29:00+00:00,2026-05-14 01:44:00+00:00,SELL,2262.72,,,2262.98,TRANSITION,-0.00011490595389629221,0.0007115330222034222,0.0012462876537970714,15,1
2026-05-14 01:44:00+00:00,2026-05-14 02:14:00+00:00,BUY,2262.98,,,2261.89,TRANSITION,-0.0004816657681464907,0.0010340347683144109,0.0018515408885628926,30,5
2026-05-14 02:14:00+00:00,2026-05-14 02:29:00+00:00,SELL,2261.89,,,2263.57,TRANSITION,-0.0007427416894722074,0.0007471627709570557,0.0005614773485890038,15,1
2026-05-14 02:29:00+00:00,2026-05-14 02:44:00+00:00,BUY,2263.57,,,2260.95,TRANSITION,-0.0011574636525490025,0.001930578687648425,0.0,15,2
2026-05-14 02:44:00+00:00,2026-05-14 03:29:00+00:00,SELL,2260.95,,,2250.31,TRANSITION,0.004705986421636867,7.076671310745891e-05,0.009557929189057552,45,1
2026-05-14 03:29:00+00:00,2026-05-14 03:44:00+00:00,BUY,2250.31,,,2247.35,TRANSITION,-0.0013153743262039614,0.0023907817145193814,0.0009998622412023233,15,2
2026-05-14 03:44:00+00:00,2026-05-14 04:14:00+00:00,SELL,2247.35,,,2249.66,TRANSITION,-0.0010278772776825798,0.0010323269628674501,0.003875675795937454,30,45
2026-05-14 04:14:00+00:00,2026-05-14 06:59:00+00:00,BUY,2249.66,,,2267.71,TRANSITION,0.008023434652347547,0.00044006649893752023,0.011352826649360333,165,1
2026-05-14 06:59:00+00:00,2026-05-14 07:44:00+00:00,SELL,2267.71,,,2269.6,TRANSITION,-0.0008334399019274389,0.0013581983586966266,0.0016889284785091246,45,2
2026-05-14 07:44:00+00:00,2026-05-14 07:59:00+00:00,BUY,2269.6,,,2265.48,TRANSITION,-0.0018152978498413338,0.0019474797321114175,4.406062742429626e-06,15,5
2026-05-14 07:59:00+00:00,2026-05-14 08:14:00+00:00,SELL,2265.48,,,2268.38,TRANSITION,-0.0012800819252432557,0.0019024665854476515,0.0015140279322703517,15,1
2026-05-14 08:14:00+00:00,2026-05-14 08:59:00+00:00,BUY,2268.38,,,2266.36,TRANSITION,-0.000890503354817086,0.0012916707077298736,0.0011506008693427346,45,5
2026-05-14 08:59:00+00:00,2026-05-14 10:14:00+00:00,SELL,2266.36,,,2261.12,TRANSITION,0.002312077516369966,0.0006000811874546288,0.006000811874547692,75,2
2026-05-14 10:14:00+00:00,2026-05-14 10:44:00+00:00,BUY,2261.12,,,2257.52,TRANSITION,-0.0015921313331445962,0.0023351259552786873,0.0019415157090292986,30,5
2026-05-14 10:44:00+00:00,2026-05-14 10:59:00+00:00,SELL,2257.52,,,2262.14,TRANSITION,-0.0020464934972890124,0.002666643041922101,0.0,15,5
2026-05-14 10:59:00+00:00,2026-05-14 11:29:00+00:00,BUY,2262.14,,,2257.0,TRANSITION,-0.0022721847454179995,0.0030192649438142323,0.0008222302775248779,30,2
2026-05-14 11:29:00+00:00,2026-05-14 12:29:00+00:00,SELL,2257.0,,,2254.08,TRANSITION,0.0012937527691626375,0.001533008418254336,0.003987594151528578,60,6
2026-05-14 12:29:00+00:00,2026-05-14 13:29:00+00:00,BUY,2254.08,,,2261.24,TRANSITION,0.003176462237365069,0.00027505678591704415,0.004986513344690622,60,2
2026-05-14 13:29:00+00:00,2026-05-14 14:14:00+00:00,SELL,2261.24,,,2256.79,TRANSITION,0.001967946790256593,0.0003316764253241585,0.006682174382197234,45,3
2026-05-14 14:14:00+00:00,2026-05-14 19:14:00+00:00,BUY,2256.79,,,2305.89,TRANSITION,0.0217565657416064,0.00033233043393492525,0.027711927117720286,300,3
2026-05-14 19:14:00+00:00,2026-05-14 19:44:00+00:00,SELL,2305.89,,,2299.92,TRANSITION,0.0025890220262023774,0.00011275472810941472,0.0036385083416814647,30,3
2026-05-14 19:44:00+00:00,2026-05-14 20:14:00+00:00,BUY,2299.92,,,2293.48,TRANSITION,-0.002800097394692013,0.002804445372013058,0.0006565445754633916,30,237
2026-05-14 20:14:00+00:00,2026-05-14 20:44:00+00:00,SELL,2293.48,,,2293.18,TRANSITION,0.0001308055880147993,0.00154350593857368,0.0020841690357012925,30,1
2026-05-14 20:44:00+00:00,2026-05-14 21:14:00+00:00,BUY,2293.18,,,2293.03,TRANSITION,-6.541135017732416e-05,0.00012210118699785684,0.0026077324937423224,30,1
2026-05-14 21:14:00+00:00,2026-05-14 21:29:00+00:00,SELL,2293.03,,,2295.2,TRANSITION,-0.0009463461010102868,0.001478393217707519,0.0013213957078626096,15,3
2026-05-14 21:29:00+00:00,2026-05-14 23:44:00+00:00,BUY,2295.2,,,2292.05,TRANSITION,-0.0013724294179154916,0.0020738933426279905,0.002818926455210986,135,1
2026-05-14 23:44:00+00:00,2026-05-14 23:59:00+00:00,SELL,2292.05,,,2283.25,SESSION_RESET,0.003839357780153217,4.362906568252669e-06,0.005178770096638531,15,3
2026-05-15 00:44:00+00:00,2026-05-15 00:59:00+00:00,SELL,2287.45,,,2291.39,TRANSITION,-0.001722442020590638,0.0022470436512274927,8.743360510604302e-06,15,5
2026-05-15 00:59:00+00:00,2026-05-15 01:29:00+00:00,BUY,2291.39,,,2286.3,TRANSITION,-0.002221359087715182,0.0023435556583557976,0.0014619946844491374,30,1
2026-05-15 01:29:00+00:00,2026-05-15 02:44:00+00:00,SELL,2286.3,,,2271.76,TRANSITION,0.0063596203472859915,0.0016183353015788906,0.011306477715085668,75,2
2026-05-15 02:44:00+00:00,2026-05-15 03:44:00+00:00,BUY,2271.76,,,2271.64,TRANSITION,-5.282248124817128e-05,0.0016639081593126913,0.0034686762686197722,60,1
2026-05-15 03:44:00+00:00,2026-05-15 03:59:00+00:00,SELL,2271.64,,,2273.34,TRANSITION,-0.0007483580144742446,0.0010653096441337858,0.0009156380412388967,15,1
2026-05-15 03:59:00+00:00,2026-05-15 04:14:00+00:00,BUY,2273.34,,,2271.38,TRANSITION,-0.0008621675596259408,0.0018694959838827451,0.000250732402544146,15,3
2026-05-15 04:14:00+00:00,2026-05-15 06:29:00+00:00,SELL,2271.38,,,2253.22,TRANSITION,0.007995139518706826,0.0009201454622298738,0.014717924785813158,135,255
2026-05-15 06:29:00+00:00,2026-05-15 07:59:00+00:00,BUY,2253.22,,,2265.11,TRANSITION,0.005276892624777132,0.0003328569780136871,0.008174967380016187,90,1
2026-05-15 07:59:00+00:00,2026-05-15 08:44:00+00:00,SELL,2265.11,,,2257.8,TRANSITION,0.003227216338279353,0.0001368586956041629,0.006670757711546073,45,1
2026-05-15 08:44:00+00:00,2026-05-15 09:14:00+00:00,BUY,2257.8,,,2255.86,TRANSITION,-0.000859243511382786,0.001470457967933459,0.0009743998582690309,30,3
2026-05-15 09:14:00+00:00,2026-05-15 09:29:00+00:00,SELL,2255.86,,,2257.88,TRANSITION,-0.0008954456393570442,0.0009353417321995481,0.001174718289255579,15,3
2026-05-15 09:29:00+00:00,2026-05-15 09:44:00+00:00,BUY,2257.88,,,2253.21,TRANSITION,-0.0020683118677697985,0.0021613194678194187,0.000686484667032671,15,1
2026-05-15 09:44:00+00:00,2026-05-15 10:14:00+00:00,SELL,2253.21,,,2258.58,TRANSITION,-0.0023832665397365937,0.0025696672746880955,0.0010607089441285423,30,3
2026-05-15 10:14:00+00:00,2026-05-15 10:29:00+00:00,BUY,2258.58,,,2254.45,TRANSITION,-0.0018285825607240432,0.0022934764320944293,0.0,15,5
2026-05-15 10:29:00+00:00,2026-05-15 10:44:00+00:00,SELL,2254.45,,,2256.78,TRANSITION,-0.0010335114994789781,0.0010335114994789781,0.0006343010490362777,15,3
2026-05-15 10:44:00+00:00,2026-05-15 11:44:00+00:00,BUY,2256.78,,,2258.66,TRANSITION,0.000833045312347528,0.00041209156408701376,0.0034163719990426985,60,3
2026-05-15 11:44:00+00:00,2026-05-15 12:29:00+00:00,SELL,2258.66,,,2258.93,TRANSITION,-0.00011953990419097244,0.0015053173120346095,0.0033294077019117452,45,705
2026-05-15 12:29:00+00:00,2026-05-15 13:14:00+00:00,BUY,2258.93,,,2247.43,TRANSITION,-0.005090905871363876,0.006131221418990367,-4.426874670646515e-06,45,10
2026-05-15 13:14:00+00:00,2026-05-15 15:59:00+00:00,SELL,2247.43,,,2222.85,TRANSITION,0.010936936856765252,0.0015172886363536615,0.01883039738723774,165,15
2026-05-15 15:59:00+00:00,2026-05-15 16:59:00+00:00,BUY,2222.85,,,2224.59,TRANSITION,0.0007827788649707522,0.0017769979980654647,0.0037159502440561524,60,6
2026-05-15 16:59:00+00:00,2026-05-15 17:59:00+00:00,SELL,2224.59,,,2229.47,TRANSITION,-0.002193662652443666,0.0037265293829424583,0.00014834194166112732,60,2
2026-05-15 17:59:00+00:00,2026-05-15 18:29:00+00:00,BUY,2229.47,,,2228.99,TRANSITION,-0.00021529780620507038,0.001910768030069821,0.0015205407563233988,30,4
2026-05-15 18:29:00+00:00,2026-05-15 19:29:00+00:00,SELL,2228.99,,,2225.07,TRANSITION,0.0017586440495469331,0.00039928398063711703,0.0028353648962084663,60,15
2026-05-15 19:29:00+00:00,2026-05-15 19:44:00+00:00,BUY,2225.07,,,2223.6,TRANSITION,-0.0006606533727029956,0.0008224460354057993,0.0014426512424328387,15,1
2026-05-15 19:44:00+00:00,2026-05-15 20:29:00+00:00,SELL,2223.6,,,2225.2,TRANSITION,-0.0007195538765964693,0.0011377945673683217,0.0018978233495232056,45,3
2026-05-15 20:29:00+00:00,2026-05-15 20:44:00+00:00,BUY,2225.2,,,2220.63,TRANSITION,-0.002053747977709738,0.0025615674995505206,0.0002741326622326655,15,2
2026-05-15 20:44:00+00:00,2026-05-15 21:14:00+00:00,SELL,2220.63,,,2224.64,TRANSITION,-0.001805793851294346,0.002003935820014959,0.0016391744685068325,30,5
2026-05-15 21:14:00+00:00,2026-05-15 21:44:00+00:00,BUY,2224.64,,,2220.94,TRANSITION,-0.001663190448791633,0.0024363492520138416,4.495109321156807e-06,30,3
2026-05-15 21:44:00+00:00,2026-05-15 22:44:00+00:00,SELL,2220.94,,,2222.99,TRANSITION,-0.0009230325898041943,0.0012157014597421894,0.0026745432114330214,60,3
2026-05-15 22:44:00+00:00,2026-05-15 23:59:00+00:00,BUY,2222.99,,,2224.66,TRANSITION,0.0007512404464257927,5.3981349443718086e-05,0.0014844871097036793,75,3
2026-05-15 23:59:00+00:00,2026-05-15 23:59:00+00:00,SELL,2224.66,,,2224.66,SESSION_RESET,0.0,0.0,0.0,0,3
2026-05-16 00:44:00+00:00,2026-05-16 01:14:00+00:00,SELL,2228.17,,,2228.69,TRANSITION,-0.0002333753708199921,0.000390454947333413,0.0008661816647743623,30,3
2026-05-16 01:14:00+00:00,2026-05-16 01:29:00+00:00,BUY,2228.69,,,2224.3,TRANSITION,-0.001969766993166332,0.001969766993166332,0.0006416325285256524,15,5
2026-05-16 01:29:00+00:00,2026-05-16 01:59:00+00:00,SELL,2224.3,,,2229.62,TRANSITION,-0.0023917637009394904,0.0029447466618710274,0.00034617632513598965,30,1
2026-05-16 01:59:00+00:00,2026-05-16 02:29:00+00:00,BUY,2229.62,,,2228.62,TRANSITION,-0.00044850692046178274,0.0007220961419433234,0.0008431930104682005,30,3
2026-05-16 02:29:00+00:00,2026-05-16 02:59:00+00:00,SELL,2228.62,,,2229.91,TRANSITION,-0.0005788335382433809,0.0008121617862174554,0.0007269072340730546,30,1
2026-05-16 02:59:00+00:00,2026-05-16 03:44:00+00:00,BUY,2229.91,,,2227.4,TRANSITION,-0.0011256059661599632,0.0011256059661599632,0.0003273674722298291,45,2
2026-05-16 03:44:00+00:00,2026-05-16 04:59:00+00:00,SELL,2227.4,,,2225.98,TRANSITION,0.0006375145910029957,0.0007003681422285828,0.0040630331328006565,75,3
2026-05-16 04:59:00+00:00,2026-05-16 05:44:00+00:00,BUY,2225.98,,,2225.76,TRANSITION,-9.883287361063437e-05,0.0014780007008149056,0.0005166263847833722,45,2
2026-05-16 05:44:00+00:00,2026-05-16 10:59:00+00:00,SELL,2225.76,,,2173.85,TRANSITION,0.023322370785709288,0.0005660987707568487,0.028399288332973917,315,115
2026-05-16 10:59:00+00:00,2026-05-16 11:59:00+00:00,BUY,2173.85,,,2176.1,TRANSITION,0.0010350300158704603,0.0,0.0032890953837661713,60,3
2026-05-16 11:59:00+00:00,2026-05-16 13:29:00+00:00,SELL,2176.1,,,2177.07,TRANSITION,-0.00044575157391675693,0.001452139148017237,0.0017462432792609381,90,9
2026-05-16 13:29:00+00:00,2026-05-16 14:14:00+00:00,BUY,2177.07,,,2175.37,TRANSITION,-0.0007808660263566503,0.0016352253257818743,0.0013458455630732296,45,1
2026-05-16 14:14:00+00:00,2026-05-16 14:44:00+00:00,SELL,2175.37,,,2182.56,TRANSITION,-0.003305184865103433,0.003305184865103433,0.0005378395399403654,30,15
2026-05-16 14:44:00+00:00,2026-05-16 15:14:00+00:00,BUY,2182.56,,,2179.08,TRANSITION,-0.0015944578843193398,0.002043471886225367,0.002565794296605779,30,3
2026-05-16 15:14:00+00:00,2026-05-16 15:44:00+00:00,SELL,2179.08,,,2182.2,TRANSITION,-0.0014317969051158704,0.0015740587770987258,0.0010004221965232284,30,5
2026-05-16 15:44:00+00:00,2026-05-16 16:14:00+00:00,BUY,2182.2,,,2176.17,TRANSITION,-0.002763266428374918,0.0030244707176243744,0.0006048941435249582,30,15
2026-05-16 16:14:00+00:00,2026-05-16 17:29:00+00:00,SELL,2176.17,,,2178.7,TRANSITION,-0.001162592995951486,0.001383163999135988,0.002605494975116867,75,5
2026-05-16 17:29:00+00:00,2026-05-16 18:14:00+00:00,BUY,2178.7,,,2178.47,TRANSITION,-0.00010556754027631993,0.0004911185569374899,0.0009960067930417555,45,2
2026-05-16 18:14:00+00:00,2026-05-16 18:44:00+00:00,SELL,2178.47,,,2179.2,TRANSITION,-0.00033509756847696696,0.0008584006206192171,0.0009685696842277712,30,1095
2026-05-16 18:44:00+00:00,2026-05-16 19:44:00+00:00,BUY,2179.2,,,2180.68,TRANSITION,0.00067914831130691,4.588839941154338e-06,0.002762481644640227,60,3
2026-05-16 19:44:00+00:00,2026-05-16 21:14:00+00:00,SELL,2180.68,,,2182.69,TRANSITION,-0.0009217308362530121,0.0013115175083002217,0.0006649302052569924,90,1185
2026-05-16 21:14:00+00:00,2026-05-16 22:44:00+00:00,BUY,2182.69,,,2181.71,TRANSITION,-0.00044898725884116305,0.0013377987712410249,0.00034361269809272043,90,1
2026-05-16 22:44:00+00:00,2026-05-16 23:29:00+00:00,SELL,2181.71,,,2182.08,TRANSITION,-0.00016959174225717022,0.0005454437115840577,0.0010817203019650309,45,13
2026-05-16 23:29:00+00:00,2026-05-16 23:59:00+00:00,BUY,2182.08,,,2180.77,TRANSITION,-0.0006003446253116043,0.000902808329667015,0.0004353644229360394,30,2
2026-05-16 23:59:00+00:00,2026-05-16 23:59:00+00:00,SELL,2180.77,,,2180.77,SESSION_RESET,0.0,0.0,0.0,0,2
2026-05-17 00:44:00+00:00,2026-05-17 02:29:00+00:00,SELL,2181.23,,,2175.05,TRANSITION,0.00283326380069953,0.0010865429138604782,0.006074554265254008,105,1
2026-05-17 02:29:00+00:00,2026-05-17 05:59:00+00:00,BUY,2175.05,,,2185.91,TRANSITION,0.004992988666927046,0.0012965219190364191,0.009172202937863413,210,1
2026-05-17 05:59:00+00:00,2026-05-17 06:14:00+00:00,SELL,2185.91,,,2186.92,TRANSITION,-0.00046205013015184447,0.0009561235366507064,0.0,15,5
2026-05-17 06:14:00+00:00,2026-05-17 06:29:00+00:00,BUY,2186.92,,,2184.01,TRANSITION,-0.0013306385235856155,0.002386918588700206,0.00019662356190433864,15,25
2026-05-17 06:29:00+00:00,2026-05-17 06:59:00+00:00,SELL,2184.01,,,2185.02,TRANSITION,-0.0004624520949994567,0.0006776525748506478,0.0007234399109895934,30,1
2026-05-17 06:59:00+00:00,2026-05-17 08:14:00+00:00,BUY,2185.02,,,2185.49,TRANSITION,0.00021510100594035749,0.0011395776697695132,0.001588086150241096,75,2
2026-05-17 08:14:00+00:00,2026-05-17 08:44:00+00:00,SELL,2185.49,,,2185.94,TRANSITION,-0.00020590348159921706,0.0005124708875356766,0.0010844250030885023,30,3
2026-05-17 08:44:00+00:00,2026-05-17 11:14:00+00:00,BUY,2185.94,,,2190.67,TRANSITION,0.0021638288333623145,0.00033395244151258413,0.005581122995141595,150,7
2026-05-17 11:14:00+00:00,2026-05-17 11:44:00+00:00,SELL,2190.67,,,2192.67,TRANSITION,-0.0009129627009088543,0.001597684726590495,0.0012188052057133538,30,1
2026-05-17 11:44:00+00:00,2026-05-17 13:14:00+00:00,BUY,2192.67,,,2190.75,TRANSITION,-0.0008756447618657037,0.0009440545088865008,0.0024490689433429975,90,15
2026-05-17 13:14:00+00:00,2026-05-17 13:29:00+00:00,SELL,2190.75,,,2191.95,TRANSITION,-0.0005477576172542819,0.0005523222640648346,0.0015793677964167688,15,3
2026-05-17 13:29:00+00:00,2026-05-17 14:14:00+00:00,BUY,2191.95,,,2187.77,TRANSITION,-0.0019069778051505903,0.002075777275941389,0.0012637149570017482,45,2
2026-05-17 14:14:00+00:00,2026-05-17 16:29:00+00:00,SELL,2187.77,,,2186.65,TRANSITION,0.0005119368123705375,0.0008456099132906609,0.004287470803603719,135,3
2026-05-17 16:29:00+00:00,2026-05-17 16:59:00+00:00,BUY,2186.65,,,2182.51,TRANSITION,-0.0018933071136212345,0.002057942514805753,0.0005945167264993149,30,5
2026-05-17 16:59:00+00:00,2026-05-17 17:44:00+00:00,SELL,2182.51,,,2182.52,TRANSITION,-4.581880495284572e-06,0.0005498256594470669,0.002694145731291086,45,5
2026-05-17 17:44:00+00:00,2026-05-17 18:44:00+00:00,BUY,2182.52,,,2183.62,TRANSITION,0.0005040045452045841,0.0015532503711305613,0.0024054762384766236,60,1
2026-05-17 18:44:00+00:00,2026-05-17 18:59:00+00:00,SELL,2183.62,,,2188.49,TRANSITION,-0.0022302415255401084,0.0022348210769273544,0.00040300052206890816,15,3
2026-05-17 18:59:00+00:00,2026-05-17 22:14:00+00:00,BUY,2188.49,,,2183.7,TRANSITION,-0.0021887237318881803,0.004345461939510697,0.0028924052657313412,195,2
2026-05-17 22:14:00+00:00,2026-05-17 23:59:00+00:00,SELL,2183.7,,,2131.0,SESSION_RESET,0.02413335165086771,0.0006960663094747364,0.042231075697211067,105,15
2026-05-18 00:59:00+00:00,2026-05-18 01:29:00+00:00,BUY,2115.46,,,2111.16,TRANSITION,-0.002032654836300465,0.004235485426337551,0.0022973726754465353,30,2
2026-05-18 01:29:00+00:00,2026-05-18 01:59:00+00:00,SELL,2111.16,,,2117.54,TRANSITION,-0.00302203527918306,0.0048172568635253005,0.0017999583167546407,30,15
2026-05-18 01:59:00+00:00,2026-05-18 02:44:00+00:00,BUY,2117.54,,,2117.71,TRANSITION,8.028183647065594e-05,0.0012986767664365255,0.003050709785883637,45,1
2026-05-18 02:44:00+00:00,2026-05-18 03:44:00+00:00,SELL,2117.71,,,2121.09,TRANSITION,-0.0015960636725520063,0.002927690760302316,0.0023279863626274777,60,3
2026-05-18 03:44:00+00:00,2026-05-18 04:29:00+00:00,BUY,2121.09,,,2115.78,TRANSITION,-0.002503429840317924,0.0032294716395817073,0.0006741816707446814,45,3
2026-05-18 04:29:00+00:00,2026-05-18 04:44:00+00:00,SELL,2115.78,,,2122.06,TRANSITION,-0.00296817249430458,0.00296817249430458,0.0004868181001806426,15,9
2026-05-18 04:44:00+00:00,2026-05-18 05:44:00+00:00,BUY,2122.06,,,2119.6,TRANSITION,-0.0011592509165622255,0.0020970189344315516,0.001776575591642075,60,1
2026-05-18 05:44:00+00:00,2026-05-18 06:14:00+00:00,SELL,2119.6,,,2118.54,TRANSITION,0.0005000943574259037,0.0007642951500282558,0.003816757878844919,30,3
2026-05-18 06:14:00+00:00,2026-05-18 06:29:00+00:00,BUY,2118.54,,,2113.23,TRANSITION,-0.0025064431164858562,0.004031078006551665,0.0011611770370160753,15,1
2026-05-18 06:29:00+00:00,2026-05-18 06:44:00+00:00,SELL,2113.23,,,2117.76,TRANSITION,-0.0021436379381327164,0.0022430118822843615,0.001410163588440453,15,2
2026-05-18 06:44:00+00:00,2026-05-18 07:14:00+00:00,BUY,2117.76,,,2117.6,TRANSITION,-7.555152614097406e-05,0.0008027349652464268,0.0019501737685099605,30,1
2026-05-18 07:14:00+00:00,2026-05-18 07:29:00+00:00,SELL,2117.6,,,2120.02,TRANSITION,-0.0011428031734038878,0.0017283717415944038,0.00261144692104257,15,5
2026-05-18 07:29:00+00:00,2026-05-18 07:44:00+00:00,BUY,2120.02,,,2116.06,TRANSITION,-0.0018679069065386346,0.0021650739143971027,0.0018726238431711964,15,5
2026-05-18 07:44:00+00:00,2026-05-18 07:59:00+00:00,SELL,2116.06,,,2120.82,TRANSITION,-0.002249463625795213,0.002972505505514949,1.417729175909253e-05,15,3
2026-05-18 07:59:00+00:00,2026-05-18 08:44:00+00:00,BUY,2120.82,,,2118.32,TRANSITION,-0.0011787893362001488,0.0013296743712338452,0.001522995822370601,45,6
2026-05-18 08:44:00+00:00,2026-05-18 08:59:00+00:00,SELL,2118.32,,,2121.57,TRANSITION,-0.001534234676536123,0.0017419464481287315,0.0003965406548586358,15,1
2026-05-18 08:59:00+00:00,2026-05-18 09:29:00+00:00,BUY,2121.57,,,2117.95,TRANSITION,-0.001706283554160525,0.002611273726532692,0.0001696856573196607,30,6
2026-05-18 09:29:00+00:00,2026-05-18 11:44:00+00:00,SELL,2117.95,,,2136.78,TRANSITION,-0.00889067258433881,0.010292971977619955,0.0035175523501498234,135,5
2026-05-18 11:44:00+00:00,2026-05-18 13:29:00+00:00,BUY,2136.78,,,2142.74,TRANSITION,0.002789243628262891,0.002166811744774899,0.009575155139976779,105,5
2026-05-18 13:29:00+00:00,2026-05-18 15:44:00+00:00,SELL,2142.74,,,2107.27,TRANSITION,0.016553571595247115,5.600306150085667e-05,0.022853916014075343,135,1
2026-05-18 15:44:00+00:00,2026-05-18 16:14:00+00:00,BUY,2107.27,,,2107.18,TRANSITION,-4.270928737188187e-05,0.0027096670099228085,0.001860226738861215,30,5
2026-05-18 16:14:00+00:00,2026-05-18 17:29:00+00:00,SELL,2107.18,,,2107.28,TRANSITION,-4.7456790592338484e-05,0.0018128494006208126,0.00788731859641791,75,5
2026-05-18 17:29:00+00:00,2026-05-18 18:14:00+00:00,BUY,2107.28,,,2100.72,TRANSITION,-0.0031130177290157927,0.0032553813446718647,0.001380927071865084,45,2
2026-05-18 18:14:00+00:00,2026-05-18 19:14:00+00:00,SELL,2100.72,,,2105.64,TRANSITION,-0.0023420541528619107,0.00610742983358105,0.011181880498114829,60,3
2026-05-18 19:14:00+00:00,2026-05-18 20:44:00+00:00,BUY,2105.64,,,2122.29,TRANSITION,0.007907334587108952,0.001628958416443379,0.012058091601603468,90,15
2026-05-18 20:44:00+00:00,2026-05-18 21:14:00+00:00,SELL,2122.29,,,2121.7,TRANSITION,0.0002780015926193619,0.0009894971940686283,0.0036281563782517086,30,1
2026-05-18 21:14:00+00:00,2026-05-18 22:44:00+00:00,BUY,2121.7,,,2135.01,TRANSITION,0.006273271433284819,4.7132016777883455e-06,0.009883583918555996,90,3
2026-05-18 22:44:00+00:00,2026-05-18 22:59:00+00:00,SELL,2135.01,,,2135.74,TRANSITION,-0.0003419187732139725,0.0004777495187376086,0.0021124022838301545,15,3
2026-05-18 22:59:00+00:00,2026-05-18 23:29:00+00:00,BUY,2135.74,,,2132.84,TRANSITION,-0.0013578431831588285,0.0013578431831588285,0.0016060007304261245,30,1
2026-05-18 23:29:00+00:00,2026-05-18 23:44:00+00:00,SELL,2132.84,,,2134.57,TRANSITION,-0.0008111250726730641,0.0008158136569080577,0.001134637384895291,15,2
2026-05-18 23:44:00+00:00,2026-05-18 23:59:00+00:00,BUY,2134.57,,,2130.08,TRANSITION,-0.0021034681458093367,0.0031950228851713286,4.684784288996628e-06,15,3
2026-05-18 23:59:00+00:00,2026-05-18 23:59:00+00:00,SELL,2130.08,,,2130.08,SESSION_RESET,0.0,0.0,0.0,0,12
2026-05-19 00:59:00+00:00,2026-05-19 02:14:00+00:00,SELL,2135.88,,,2125.31,TRANSITION,0.004948779894001612,0.0011798415641328078,0.008090342154053692,75,2
2026-05-19 02:14:00+00:00,2026-05-19 02:59:00+00:00,BUY,2125.31,,,2123.31,TRANSITION,-0.00094103918957705,0.0013692120208345392,0.0048745830020091785,45,1
2026-05-19 02:59:00+00:00,2026-05-19 03:14:00+00:00,SELL,2123.31,,,2128.88,TRANSITION,-0.0026232627360113048,0.002627972363903494,0.0005887034865375287,15,9
2026-05-19 03:14:00+00:00,2026-05-19 04:29:00+00:00,BUY,2128.88,,,2129.8,TRANSITION,0.00043215211754541014,0.0011226560444930326,0.003649806471008221,75,1
2026-05-19 04:29:00+00:00,2026-05-19 05:59:00+00:00,SELL,2129.8,,,2135.21,TRANSITION,-0.0025401446145177265,0.0037280495821201986,0.0029063761855573546,90,1
2026-05-19 05:59:00+00:00,2026-05-19 08:14:00+00:00,BUY,2135.21,,,2135.18,TRANSITION,-1.4050140267327377e-05,0.0011708450222694723,0.004585029107207236,135,5
2026-05-19 08:14:00+00:00,2026-05-19 10:29:00+00:00,SELL,2135.18,,,2116.5,TRANSITION,0.008748676926535392,0.0028615854401034704,0.012270628237431889,135,3
2026-05-19 10:29:00+00:00,2026-05-19 10:44:00+00:00,BUY,2116.5,,,2109.73,TRANSITION,-0.0031986770611859114,0.0034396409166077015,0.0025797306874557223,15,2
2026-05-19 10:44:00+00:00,2026-05-19 10:59:00+00:00,SELL,2109.73,,,2118.36,TRANSITION,-0.004090570831338659,0.005081218923748442,0.0014030231356619266,15,3
2026-05-19 10:59:00+00:00,2026-05-19 11:29:00+00:00,BUY,2118.36,,,2114.82,TRANSITION,-0.0016711040616325663,0.002534979890103828,0.0008874789931832428,30,3
2026-05-19 11:29:00+00:00,2026-05-19 12:14:00+00:00,SELL,2114.82,,,2113.95,TRANSITION,0.0004113825290097245,0.0004870390860686703,0.0029222345164128818,45,1
2026-05-19 12:14:00+00:00,2026-05-19 13:14:00+00:00,BUY,2113.95,,,2114.67,TRANSITION,0.0003405946214433902,0.0013481870432128997,0.00273421793325301,60,3
2026-05-19 13:14:00+00:00,2026-05-19 15:14:00+00:00,SELL,2114.67,,,2110.19,TRANSITION,0.002118533861075259,0.006081327110140177,0.009552317855741213,120,15
2026-05-19 15:14:00+00:00,2026-05-19 15:29:00+00:00,BUY,2110.19,,,2106.52,TRANSITION,-0.001739179884275858,0.0031324193556031103,0.0012368554490354553,15,1
2026-05-19 15:29:00+00:00,2026-05-19 16:29:00+00:00,SELL,2106.52,,,2112.16,TRANSITION,-0.0026774015912499633,0.003275544499933583,0.0003228072840513436,60,2
2026-05-19 16:29:00+00:00,2026-05-19 17:44:00+00:00,BUY,2112.16,,,2116.99,TRANSITION,0.002286758578895504,4.2610408302254935e-05,0.006112226346489049,75,5
2026-05-19 17:44:00+00:00,2026-05-19 18:14:00+00:00,SELL,2116.99,,,2117.95,TRANSITION,-0.000453474036249598,0.0009778033906632359,0.0019225409661829812,30,3
2026-05-19 18:14:00+00:00,2026-05-19 18:29:00+00:00,BUY,2117.95,,,2112.66,TRANSITION,-0.002497698245945355,0.002941523643145503,0.000788498312047061,15,15
2026-05-19 18:29:00+00:00,2026-05-19 19:14:00+00:00,SELL,2112.66,,,2122.39,TRANSITION,-0.004605568335652693,0.004605568335652693,0.0009088069069325272,45,3
2026-05-19 19:14:00+00:00,2026-05-19 19:29:00+00:00,BUY,2122.39,,,2112.52,TRANSITION,-0.004650417689491513,0.005079179604125418,0.0003627985431518156,15,3
2026-05-19 19:29:00+00:00,2026-05-19 20:14:00+00:00,SELL,2112.52,,,2115.41,TRANSITION,-0.0013680343854732134,0.0020354836877284864,0.0011266165527427476,45,2
2026-05-19 20:14:00+00:00,2026-05-19 21:44:00+00:00,BUY,2115.41,,,2118.42,TRANSITION,0.0014228920162049998,0.00040181336005781814,0.0024486978883527504,90,3
2026-05-19 21:44:00+00:00,2026-05-19 23:14:00+00:00,SELL,2118.42,,,2111.16,TRANSITION,0.0034270824482398286,0.0006561493943598874,0.007708575258919349,90,1
2026-05-19 23:14:00+00:00,2026-05-19 23:59:00+00:00,BUY,2111.16,,,2111.93,TRANSITION,0.00036472839576345796,0.00010894484548779733,0.003562022774209431,45,5
2026-05-19 23:59:00+00:00,2026-05-19 23:59:00+00:00,SELL,2111.93,,,2111.93,SESSION_RESET,0.0,0.0,0.0,0,5
2026-05-20 00:29:00+00:00,2026-05-20 01:29:00+00:00,BUY,2108.96,,,2103.83,TRANSITION,-0.0024324785676352843,0.0026885289431758178,0.0037838555496548147,60,2
2026-05-20 01:29:00+00:00,2026-05-20 01:59:00+00:00,SELL,2103.83,,,2115.28,TRANSITION,-0.0054424549512081645,0.007324736314245854,0.0001948826663750657,30,1
2026-05-20 01:59:00+00:00,2026-05-20 02:29:00+00:00,BUY,2115.28,,,2112.36,TRANSITION,-0.0013804319049960632,0.0018011799856285692,0.0008793162134562197,30,4
2026-05-20 02:29:00+00:00,2026-05-20 02:59:00+00:00,SELL,2112.36,,,2109.43,TRANSITION,0.0013870741729630797,0.0,0.003006116381677322,30,1
2026-05-20 02:59:00+00:00,2026-05-20 03:59:00+00:00,BUY,2109.43,,,2111.6,TRANSITION,0.001028713917977877,0.0015786255054682675,0.003256803970741075,60,2
2026-05-20 03:59:00+00:00,2026-05-20 04:14:00+00:00,SELL,2111.6,,,2114.59,TRANSITION,-0.0014159878764918718,0.0014728168213677436,0.0,15,2
2026-05-20 04:14:00+00:00,2026-05-20 04:44:00+00:00,BUY,2114.59,,,2110.82,TRANSITION,-0.001782851522044454,0.0034474768158366223,8.985193347176263e-05,30,1
2026-05-20 04:44:00+00:00,2026-05-20 04:59:00+00:00,SELL,2110.82,,,2113.2,TRANSITION,-0.001127523900664033,0.0011322613960450785,4.737495381045413e-06,15,3
2026-05-20 04:59:00+00:00,2026-05-20 07:59:00+00:00,BUY,2113.2,,,2129.74,TRANSITION,0.007826992239257981,0.0,0.011025932235472357,180,3
2026-05-20 07:59:00+00:00,2026-05-20 08:14:00+00:00,SELL,2129.74,,,2130.26,TRANSITION,-0.00024416125912103665,0.001295932836872209,0.00040850056814441715,15,10
2026-05-20 08:14:00+00:00,2026-05-20 09:59:00+00:00,BUY,2130.26,,,2129.36,TRANSITION,-0.0004224836404946302,0.0012017312440736811,0.00363335930825335,105,165
2026-05-20 09:59:00+00:00,2026-05-20 10:14:00+00:00,SELL,2129.36,,,2132.49,TRANSITION,-0.0014699252357514249,0.002263590938122116,0.0,15,1
2026-05-20 10:14:00+00:00,2026-05-20 10:59:00+00:00,BUY,2132.49,,,2130.82,TRANSITION,-0.0007831220779462592,0.0007878114317065198,0.0021242772533518095,45,1
2026-05-20 10:59:00+00:00,2026-05-20 11:59:00+00:00,SELL,2130.82,,,2128.3,TRANSITION,0.0011826433016397357,0.0006664101144158671,0.003069240949493605,60,4
2026-05-20 11:59:00+00:00,2026-05-20 13:14:00+00:00,BUY,2128.3,,,2131.13,TRANSITION,0.0013296997603720938,0.0006014189728892543,0.005497345299064895,75,2
2026-05-20 13:14:00+00:00,2026-05-20 14:29:00+00:00,SELL,2131.13,,,2131.31,TRANSITION,-8.446223365061553e-05,0.00398849436683825,0.008098989737838713,75,5
2026-05-20 14:29:00+00:00,2026-05-20 15:14:00+00:00,BUY,2131.31,,,2129.67,TRANSITION,-0.0007694798035010734,0.0012527506557000496,0.003406355715499021,45,15
2026-05-20 15:14:00+00:00,2026-05-20 15:29:00+00:00,SELL,2129.67,,,2138.99,TRANSITION,-0.004376264867326726,0.009076523592857075,0.0,15,3
2026-05-20 15:29:00+00:00,2026-05-20 16:29:00+00:00,BUY,2138.99,,,2127.0,TRANSITION,-0.0056054493008381445,0.006961229365261116,0.000930345630414465,60,5
2026-05-20 16:29:00+00:00,2026-05-20 16:44:00+00:00,SELL,2127.0,,,2135.52,TRANSITION,-0.004005641748942163,0.004353549600376219,0.0008415608838739839,15,2
2026-05-20 16:44:00+00:00,2026-05-20 17:59:00+00:00,BUY,2135.52,,,2140.5,TRANSITION,0.0023319847156664506,0.0015827526785045839,0.0062045778077470595,75,3
2026-05-20 17:59:00+00:00,2026-05-20 19:29:00+00:00,SELL,2140.5,,,2137.62,TRANSITION,0.001345480028030885,0.00021023125437973281,0.005321186638635773,90,6
2026-05-20 19:29:00+00:00,2026-05-20 21:29:00+00:00,BUY,2137.62,,,2133.05,TRANSITION,-0.0021378916739175856,0.0037939390537137904,0.0017917122781410764,120,1
2026-05-20 21:29:00+00:00,2026-05-20 22:59:00+00:00,SELL,2133.05,,,2128.32,TRANSITION,0.0022174820093293726,0.0004594360188462615,0.0068446590562810826,90,2
2026-05-20 22:59:00+00:00,2026-05-20 23:14:00+00:00,BUY,2128.32,,,2125.24,TRANSITION,-0.0014471508043904966,0.001982784543677762,0.0,15,2
2026-05-20 23:14:00+00:00,2026-05-20 23:29:00+00:00,SELL,2125.24,,,2125.51,TRANSITION,-0.0001270444749771492,0.0003293745647551678,0.001246917995143907,15,15
2026-05-20 23:29:00+00:00,2026-05-20 23:59:00+00:00,BUY,2125.51,,,2129.44,SESSION_RESET,0.0018489680123828331,0.00031521846521544134,0.00228651006111459,30,2
2026-05-21 01:59:00+00:00,2026-05-21 02:14:00+00:00,SELL,2141.07,,,2141.55,TRANSITION,-0.00022418697193460192,0.0008920773258230017,0.0007332782207028092,15,8
2026-05-21 02:14:00+00:00,2026-05-21 02:59:00+00:00,BUY,2141.55,,,2141.5,TRANSITION,-2.334757535438439e-05,0.0002661623590390902,0.0030305152809879674,45,3
2026-05-21 02:59:00+00:00,2026-05-21 03:14:00+00:00,SELL,2141.5,,,2142.23,TRANSITION,-0.0003408825589540127,0.000971281811814115,0.00030352556619196405,15,2
2026-05-21 03:14:00+00:00,2026-05-21 04:14:00+00:00,BUY,2142.23,,,2144.79,TRANSITION,0.001195016408135422,0.0005554959084692375,0.0030435574144699598,60,195
2026-05-21 04:14:00+00:00,2026-05-21 04:59:00+00:00,SELL,2144.79,,,2145.0,TRANSITION,-9.791168366135443e-05,0.0008578928473184533,0.0009744543754867123,45,3
2026-05-21 04:59:00+00:00,2026-05-21 05:14:00+00:00,BUY,2145.0,,,2142.33,TRANSITION,-0.0012447552447552787,0.001412587412587506,0.0014871794871795126,15,5
2026-05-21 05:14:00+00:00,2026-05-21 07:44:00+00:00,SELL,2142.33,,,2131.83,TRANSITION,0.004901205696601364,0.0010922686980998006,0.0084394094280526,150,1
2026-05-21 07:44:00+00:00,2026-05-21 08:44:00+00:00,BUY,2131.83,,,2137.35,TRANSITION,0.0025893246647246647,4.690805551926529e-06,0.007739829160861795,60,3
2026-05-21 08:44:00+00:00,2026-05-21 08:59:00+00:00,SELL,2137.35,,,2138.26,TRANSITION,-0.0004257608721081289,0.000748590544365644,0.0006877675626358809,15,15
2026-05-21 08:59:00+00:00,2026-05-21 09:44:00+00:00,BUY,2138.26,,,2128.79,TRANSITION,-0.00442883465995728,0.00479829393993257,0.0012533555320680535,45,4
2026-05-21 09:44:00+00:00,2026-05-21 13:29:00+00:00,SELL,2128.79,,,2119.35,TRANSITION,0.004434443979913497,0.0009160133221218712,0.008826610421882836,225,9
2026-05-21 13:29:00+00:00,2026-05-21 13:44:00+00:00,BUY,2119.35,,,2106.59,TRANSITION,-0.006020713898129032,0.006700167504187519,0.00012739755113595292,15,1
2026-05-21 13:44:00+00:00,2026-05-21 13:59:00+00:00,SELL,2106.59,,,2120.46,TRANSITION,-0.006584100370741288,0.008307264346645526,3.322905738665982e-05,15,1
2026-05-21 13:59:00+00:00,2026-05-21 14:44:00+00:00,BUY,2120.46,,,2119.24,TRANSITION,-0.0005753468587005907,0.004612206785320261,0.0024192863812569484,45,6
2026-05-21 14:44:00+00:00,2026-05-21 14:59:00+00:00,SELL,2119.24,,,2121.96,TRANSITION,-0.0012834789830317732,0.0018685944017666884,0.0015901927105943126,15,5
2026-05-21 14:59:00+00:00,2026-05-21 16:44:00+00:00,BUY,2121.96,,,2123.93,TRANSITION,0.0009283869629963807,0.0011875812927670559,0.0075826123018342215,105,2
2026-05-21 16:44:00+00:00,2026-05-21 16:59:00+00:00,SELL,2123.93,,,2127.79,TRANSITION,-0.0018173856953855013,0.0018785929856446478,0.0005226160937505816,15,3
2026-05-21 16:59:00+00:00,2026-05-21 18:29:00+00:00,BUY,2127.79,,,2139.57,TRANSITION,0.005536260627223646,0.0008412484314711337,0.012200452112285534,90,5
2026-05-21 18:29:00+00:00,2026-05-21 19:59:00+00:00,SELL,2139.57,,,2142.83,TRANSITION,-0.0015236706441012742,0.002902452361923207,0.00831008099758372,90,2
2026-05-21 19:59:00+00:00,2026-05-21 20:29:00+00:00,BUY,2142.83,,,2138.49,TRANSITION,-0.0020253589878805813,0.002184027664350339,0.0002940037240472222,30,1
2026-05-21 20:29:00+00:00,2026-05-21 20:44:00+00:00,SELL,2138.49,,,2138.55,TRANSITION,-2.8057180534115278e-05,0.0013373922721173013,0.000635962758768885,15,3
2026-05-21 20:44:00+00:00,2026-05-21 21:44:00+00:00,BUY,2138.55,,,2136.87,TRANSITION,-0.0007855790138179097,0.0010614668817656738,0.0015524537654016547,60,1
2026-05-21 21:44:00+00:00,2026-05-21 22:29:00+00:00,SELL,2136.87,,,2134.76,TRANSITION,0.0009874255336074131,4.679741865540852e-06,0.001885935971771678,45,3
2026-05-21 22:29:00+00:00,2026-05-21 22:44:00+00:00,BUY,2134.76,,,2132.79,TRANSITION,-0.0009228203638817733,0.001747269013846998,0.0005574397121922837,15,2
2026-05-21 22:44:00+00:00,2026-05-21 23:29:00+00:00,SELL,2132.79,,,2132.86,TRANSITION,-3.282085906261925e-05,0.0007079928169206618,0.0025881591717890565,45,13
2026-05-21 23:29:00+00:00,2026-05-21 23:59:00+00:00,BUY,2132.86,,,2133.76,SESSION_RESET,0.0004219686242885566,8.908226512760077e-05,0.0018332192455200315,30,5
2026-05-22 01:14:00+00:00,2026-05-22 03:14:00+00:00,BUY,2133.39,,,2136.69,TRANSITION,0.0015468339122242918,0.0036139665040147546,0.003749900393270804,120,1
2026-05-22 03:14:00+00:00,2026-05-22 03:29:00+00:00,SELL,2136.69,,,2137.69,TRANSITION,-0.00046801360983577404,0.0006645793259668332,0.0006552190537701262,15,3
2026-05-22 03:29:00+00:00,2026-05-22 04:29:00+00:00,BUY,2137.69,,,2137.62,TRANSITION,-3.2745627289346774e-05,0.0002759988585810597,0.0017074505657977026,60,2
2026-05-22 04:29:00+00:00,2026-05-22 07:29:00+00:00,SELL,2137.62,,,2131.37,TRANSITION,0.002923812464329488,0.00012163059851620882,0.007204273912107901,180,3
2026-05-22 07:29:00+00:00,2026-05-22 07:59:00+00:00,BUY,2131.37,,,2128.7,TRANSITION,-0.0012527153896320549,0.0012574072075706407,0.0006380872396628119,30,3
2026-05-22 07:59:00+00:00,2026-05-22 08:29:00+00:00,SELL,2128.7,,,2132.11,TRANSITION,-0.0016019166627520597,0.002179734110020354,0.0012730774651195738,30,1
2026-05-22 08:29:00+00:00,2026-05-22 08:44:00+00:00,BUY,2132.11,,,2124.18,TRANSITION,-0.003719320297733368,0.005707960658690251,0.00013132530685553058,15,2
2026-05-22 08:44:00+00:00,2026-05-22 10:29:00+00:00,SELL,2124.18,,,2124.27,TRANSITION,-4.2369290738141556e-05,0.000720277942547336,0.0023538494854485024,105,15
2026-05-22 10:29:00+00:00,2026-05-22 10:59:00+00:00,BUY,2124.27,,,2123.0,TRANSITION,-0.0005978524387201165,0.00098386739915366,0.0005319474454754382,30,2
2026-05-22 10:59:00+00:00,2026-05-22 11:29:00+00:00,SELL,2123.0,,,2124.61,TRANSITION,-0.0007583608101743417,0.0010315591144606946,0.0013659915214319788,30,2
2026-05-22 11:29:00+00:00,2026-05-22 13:29:00+00:00,BUY,2124.61,,,2129.66,TRANSITION,0.00237690682054576,4.236071561375759e-05,0.006302333134081018,120,3
2026-05-22 13:29:00+00:00,2026-05-22 13:59:00+00:00,SELL,2129.66,,,2130.23,TRANSITION,-0.00026764835701481164,0.0014321534892894556,0.0026530056440932526,30,1
2026-05-22 13:59:00+00:00,2026-05-22 14:14:00+00:00,BUY,2130.23,,,2123.99,TRANSITION,-0.0029292611595932065,0.004483083986236314,0.0,15,2
2026-05-22 14:14:00+00:00,2026-05-22 15:29:00+00:00,SELL,2123.99,,,2121.0,TRANSITION,0.001407727908323383,0.0006214718525040908,0.00542375434912593,75,9
2026-05-22 15:29:00+00:00,2026-05-22 15:59:00+00:00,BUY,2121.0,,,2119.48,TRANSITION,-0.0007166430928807081,0.0022489391796322402,0.002116925978312014,30,1
2026-05-22 15:59:00+00:00,2026-05-22 16:59:00+00:00,SELL,2119.48,,,2122.78,TRANSITION,-0.001556985675731869,0.0021325985619114036,0.000646384962349204,60,2
2026-05-22 16:59:00+00:00,2026-05-22 17:59:00+00:00,BUY,2122.78,,,2119.6,TRANSITION,-0.0014980355948333273,0.001578119258708092,0.003401200312797275,60,4
2026-05-22 17:59:00+00:00,2026-05-22 18:14:00+00:00,SELL,2119.6,,,2119.7,TRANSITION,-4.7178712964667415e-05,0.00015097188148715027,0.002151349311190765,15,2
2026-05-22 18:14:00+00:00,2026-05-22 18:29:00+00:00,BUY,2119.7,,,2118.63,TRANSITION,-0.0005047884134545969,0.0006982120111336597,0.0008822003113649789,15,1
2026-05-22 18:29:00+00:00,2026-05-22 23:14:00+00:00,SELL,2118.63,,,2077.17,TRANSITION,0.019569249939819615,0.00010384068950208384,0.028617550020532186,285,2
2026-05-22 23:14:00+00:00,2026-05-22 23:29:00+00:00,BUY,2077.17,,,2069.11,TRANSITION,-0.0038802794186320547,0.0038802794186320547,4.8142424547646705e-06,15,1
2026-05-22 23:29:00+00:00,2026-05-22 23:59:00+00:00,SELL,2069.11,,,2065.85,SESSION_RESET,0.0015755566402947249,0.00266298070184754,0.005470951278569125,30,2
2026-05-23 00:29:00+00:00,2026-05-23 00:44:00+00:00,BUY,2068.18,,,2060.55,TRANSITION,-0.003689234012513251,0.007339786672339853,0.0,15,5
2026-05-23 00:44:00+00:00,2026-05-23 00:59:00+00:00,SELL,2060.55,,,2064.63,TRANSITION,-0.00198005386911258,0.002688602557569563,0.00018441678192720833,15,1
2026-05-23 00:59:00+00:00,2026-05-23 02:14:00+00:00,BUY,2064.63,,,2066.53,TRANSITION,0.0009202617418133471,0.0009493226389232144,0.0027801591568463995,75,1
2026-05-23 02:14:00+00:00,2026-05-23 02:44:00+00:00,SELL,2066.53,,,2066.92,TRANSITION,-0.0001887221574329299,0.000962966905875928,0.0007887618374764019,30,3
2026-05-23 02:44:00+00:00,2026-05-23 04:29:00+00:00,BUY,2066.92,,,2067.31,TRANSITION,0.0001886865481004938,0.00010160044897723975,0.0024577632419251483,105,3
2026-05-23 04:29:00+00:00,2026-05-23 04:59:00+00:00,SELL,2067.31,,,2067.3,TRANSITION,4.837203902541724e-06,0.0011319057132216,0.0008513478868673607,30,3
2026-05-23 04:59:00+00:00,2026-05-23 05:29:00+00:00,BUY,2067.3,,,2063.69,TRANSITION,-0.0017462390557732921,0.0026121027427079236,0.0003386059110916742,30,1
2026-05-23 05:29:00+00:00,2026-05-23 05:44:00+00:00,SELL,2063.69,,,2066.23,TRANSITION,-0.0012308050143189934,0.0012308050143189934,0.00010175946968780988,15,1
2026-05-23 05:44:00+00:00,2026-05-23 06:14:00+00:00,BUY,2066.23,,,2064.1,TRANSITION,-0.0010308629726604051,0.0014035223571432468,8.711518078811956e-05,30,3
2026-05-23 06:14:00+00:00,2026-05-23 08:59:00+00:00,SELL,2064.1,,,2030.32,TRANSITION,0.016365486168305788,0.0002519257787897785,0.02654910130323141,165,5
2026-05-23 08:59:00+00:00,2026-05-23 09:29:00+00:00,BUY,2030.32,,,2029.16,TRANSITION,-0.0005713385082153821,0.0009899917254422904,0.0003349225737815042,30,2
2026-05-23 09:29:00+00:00,2026-05-23 10:44:00+00:00,SELL,2029.16,,,2032.53,TRANSITION,-0.001660785743854546,0.0016952827771096548,0.0010151984072227782,75,3
2026-05-23 10:44:00+00:00,2026-05-23 11:44:00+00:00,BUY,2032.53,,,2031.41,TRANSITION,-0.0005510373770620315,0.0008314760421740662,0.0017121518501572023,60,3
2026-05-23 11:44:00+00:00,2026-05-23 13:14:00+00:00,SELL,2031.41,,,2039.06,TRANSITION,-0.0037658572124779654,0.004154749656642346,0.001998611801655093,90,15
2026-05-23 13:14:00+00:00,2026-05-23 15:29:00+00:00,BUY,2039.06,,,2061.58,TRANSITION,0.011044304728649467,0.00037272076348905426,0.014526301334928786,135,15
2026-05-23 15:29:00+00:00,2026-05-23 15:59:00+00:00,SELL,2061.58,,,2060.27,TRANSITION,0.0006354349576538119,4.850648531814569e-06,0.002866733282239765,30,2
2026-05-23 15:59:00+00:00,2026-05-23 20:29:00+00:00,BUY,2060.27,,,2077.21,TRANSITION,0.008222223300829529,0.0014658272944808118,0.01134317346755517,270,12
2026-05-23 20:29:00+00:00,2026-05-23 20:44:00+00:00,SELL,2077.21,,,2130.59,TRANSITION,-0.025697931359852932,0.026593363213156,0.0003755036804175794,15,1
2026-05-23 20:44:00+00:00,2026-05-23 23:59:00+00:00,BUY,2130.59,,,2117.68,SESSION_RESET,-0.006059354451114625,0.013113738448035546,0.009086684908874852,195,1
2026-05-24 00:59:00+00:00,2026-05-24 02:29:00+00:00,BUY,2119.45,,,2120.21,TRANSITION,0.0003585835948006409,0.0005425935973953791,0.002859232348015004,90,3
2026-05-24 02:29:00+00:00,2026-05-24 02:44:00+00:00,SELL,2120.21,,,2123.52,TRANSITION,-0.0015611661109040827,0.0018017083213456044,9.433027860439207e-05,15,2
2026-05-24 02:44:00+00:00,2026-05-24 03:44:00+00:00,BUY,2123.52,,,2117.63,TRANSITION,-0.002773696503917963,0.0031928119349006368,0.0017706449668476014,60,5
2026-05-24 03:44:00+00:00,2026-05-24 04:14:00+00:00,SELL,2117.63,,,2122.69,TRANSITION,-0.0023894636929019447,0.0024933534186801967,4.722260262755192e-06,30,3
2026-05-24 04:14:00+00:00,2026-05-24 04:59:00+00:00,BUY,2122.69,,,2120.21,TRANSITION,-0.001168328865731698,0.0013803240228200237,0.0005511874084299039,45,5
2026-05-24 04:59:00+00:00,2026-05-24 05:59:00+00:00,SELL,2120.21,,,2119.98,TRANSITION,0.00010847982039515811,0.0005565486437663421,0.003094033138226848,60,1
2026-05-24 05:59:00+00:00,2026-05-24 06:29:00+00:00,BUY,2119.98,,,2118.9,TRANSITION,-0.0005094387682902325,0.0007122708704800131,0.0014528438947536899,30,9
2026-05-24 06:29:00+00:00,2026-05-24 06:44:00+00:00,SELL,2118.9,,,2120.69,TRANSITION,-0.0008447779508235233,0.0012317712020388537,0.0006135258860730482,15,6
2026-05-24 06:44:00+00:00,2026-05-24 08:14:00+00:00,BUY,2120.69,,,2119.35,TRANSITION,-0.0006318698159561961,0.0006318698159561961,0.0043570724622645374,90,3
2026-05-24 08:14:00+00:00,2026-05-24 09:44:00+00:00,SELL,2119.35,,,2122.98,TRANSITION,-0.0017127892986057562,0.0023686507655649052,0.00014155283459538404,90,1
2026-05-24 09:44:00+00:00,2026-05-24 10:14:00+00:00,BUY,2122.98,,,2120.45,TRANSITION,-0.0011917210713243648,0.0016580467079294113,0.00035327699742814347,30,9
2026-05-24 10:14:00+00:00,2026-05-24 10:29:00+00:00,SELL,2120.45,,,2125.51,TRANSITION,-0.002386285929873565,0.005512980735221324,0.0005046098705462091,15,5
2026-05-24 10:29:00+00:00,2026-05-24 12:14:00+00:00,BUY,2125.51,,,2124.14,TRANSITION,-0.0006445511900674875,0.0027099378502101696,0.0010867979920113032,105,3
2026-05-24 12:14:00+00:00,2026-05-24 12:44:00+00:00,SELL,2124.14,,,2121.49,TRANSITION,0.0012475637199055106,9.886354006799758e-05,0.0032107111583980857,30,3
2026-05-24 12:44:00+00:00,2026-05-24 13:14:00+00:00,BUY,2121.49,,,2118.87,TRANSITION,-0.0012349810746220304,0.001564937850284333,5.185035046129246e-05,30,3
2026-05-24 13:14:00+00:00,2026-05-24 13:44:00+00:00,SELL,2118.87,,,2119.13,TRANSITION,-0.00012270691453473704,0.000943899342574108,0.0016376653593659829,30,5
2026-05-24 13:44:00+00:00,2026-05-24 13:59:00+00:00,BUY,2119.13,,,2110.14,TRANSITION,-0.004242306984470153,0.006295036170504002,0.0003444809898401788,15,1
2026-05-24 13:59:00+00:00,2026-05-24 16:14:00+00:00,SELL,2110.14,,,2103.37,TRANSITION,0.0032083179315116448,0.0011278872491873094,0.014510885533661222,135,2
2026-05-24 16:14:00+00:00,2026-05-24 16:44:00+00:00,BUY,2103.37,,,2098.11,TRANSITION,-0.00250074879835681,0.0036940718941508065,0.0026766569837927278,30,3
2026-05-24 16:44:00+00:00,2026-05-24 16:59:00+00:00,SELL,2098.11,,,2103.62,TRANSITION,-0.002626173079581034,0.0032839078980605747,0.00021924493949318022,15,15
2026-05-24 16:59:00+00:00,2026-05-24 17:29:00+00:00,BUY,2103.62,,,2102.1,TRANSITION,-0.0007225639611716859,0.000988771736340179,0.001136136754737228,30,2
2026-05-24 17:29:00+00:00,2026-05-24 19:59:00+00:00,SELL,2102.1,,,2100.87,TRANSITION,0.0005851291565577367,0.0021787736073450013,0.002740117025831199,150,2
2026-05-24 19:59:00+00:00,2026-05-24 20:14:00+00:00,BUY,2100.87,,,2095.37,TRANSITION,-0.0026179630343619547,0.0033700324151422637,0.0005902316659289897,15,2
2026-05-24 20:14:00+00:00,2026-05-24 21:14:00+00:00,SELL,2095.37,,,2098.63,TRANSITION,-0.0015558111455257154,0.0015558111455257154,0.0018421567551313957,60,15
2026-05-24 21:14:00+00:00,2026-05-24 21:29:00+00:00,BUY,2098.63,,,2088.92,TRANSITION,-0.004626827978252496,0.005665600892010658,0.0,15,1
2026-05-24 21:29:00+00:00,2026-05-24 22:14:00+00:00,SELL,2088.92,,,2097.99,TRANSITION,-0.004341956609156745,0.005050456695325683,0.012408325833445068,45,1
2026-05-24 22:14:00+00:00,2026-05-24 22:44:00+00:00,BUY,2097.99,,,2091.38,TRANSITION,-0.0031506346550744632,0.005347975919808865,0.0007149700427552087,30,5
2026-05-24 22:44:00+00:00,2026-05-24 23:44:00+00:00,SELL,2091.38,,,2105.93,TRANSITION,-0.006957128785777681,0.007468752689611591,9.084910441911779e-05,60,1
2026-05-24 23:44:00+00:00,2026-05-24 23:59:00+00:00,BUY,2105.93,,,2099.85,SESSION_RESET,-0.0028870855156628793,0.0030057979135108613,3.32394713975126e-05,15,1
2026-05-25 00:44:00+00:00,2026-05-25 00:59:00+00:00,SELL,2104.87,,,2104.95,TRANSITION,-3.800709782548435e-05,0.0021521519143701037,0.0008314052649332263,15,3
2026-05-25 00:59:00+00:00,2026-05-25 01:44:00+00:00,BUY,2104.95,,,2102.43,TRANSITION,-0.001197178080239427,0.0013301978669325767,0.0014442148269554925,45,2
2026-05-25 01:44:00+00:00,2026-05-25 02:14:00+00:00,SELL,2102.43,,,2108.12,TRANSITION,-0.0027063921272052127,0.005146425802523825,0.004380645253349713,30,5
2026-05-25 02:14:00+00:00,2026-05-25 02:44:00+00:00,BUY,2108.12,,,2099.17,TRANSITION,-0.004245488871601151,0.005545225129499296,0.0,30,9
2026-05-25 02:44:00+00:00,2026-05-25 04:29:00+00:00,SELL,2099.17,,,2098.56,TRANSITION,0.00029059104312662975,0.0003953943701557888,0.003291777226236967,105,55
2026-05-25 04:29:00+00:00,2026-05-25 05:59:00+00:00,BUY,2098.56,,,2108.22,TRANSITION,0.004603156450137168,0.0004050396462335645,0.0062614364135406535,90,2
2026-05-25 05:59:00+00:00,2026-05-25 06:59:00+00:00,SELL,2108.22,,,2108.99,TRANSITION,-0.00036523702459894216,0.0015178681541775873,0.004245287493714991,60,6
2026-05-25 06:59:00+00:00,2026-05-25 07:29:00+00:00,BUY,2108.99,,,2107.67,TRANSITION,-0.0006258920146609083,0.0011806599367468703,0.004058814882953642,30,14
2026-05-25 07:29:00+00:00,2026-05-25 07:44:00+00:00,SELL,2107.67,,,2110.05,TRANSITION,-0.0011292090317744756,0.0017934496387004347,0.0005029250309583309,15,1
2026-05-25 07:44:00+00:00,2026-05-25 09:59:00+00:00,BUY,2110.05,,,2117.02,TRANSITION,0.0033032392597330865,0.00014217672567009402,0.006658609985545236,135,3
2026-05-25 09:59:00+00:00,2026-05-25 10:14:00+00:00,SELL,2117.02,,,2118.86,TRANSITION,-0.0008691462527515779,0.0010061312599787008,0.0006046234801750575,15,2
2026-05-25 10:14:00+00:00,2026-05-25 10:44:00+00:00,BUY,2118.86,,,2116.2,TRANSITION,-0.0012553920504423648,0.001595197417479262,0.0011185259998300458,30,5
2026-05-25 10:44:00+00:00,2026-05-25 10:59:00+00:00,SELL,2116.2,,,2117.03,TRANSITION,-0.0003922124562897562,0.0006804649844060366,0.0006332104715998918,15,5
2026-05-25 10:59:00+00:00,2026-05-25 11:59:00+00:00,BUY,2117.03,,,2114.95,TRANSITION,-0.0009825085142867044,0.0013084368195065642,0.0015446167508254402,60,6
2026-05-25 11:59:00+00:00,2026-05-25 12:14:00+00:00,SELL,2114.95,,,2115.12,TRANSITION,-8.038015083102332e-05,9.929312749712116e-05,0.0012766259249626791,15,2
2026-05-25 12:14:00+00:00,2026-05-25 12:59:00+00:00,BUY,2115.12,,,2117.34,TRANSITION,0.001049585839101448,0.0006051666099321766,0.0021228109989032476,45,3
2026-05-25 12:59:00+00:00,2026-05-25 13:44:00+00:00,SELL,2117.34,,,2116.8,TRANSITION,0.0002550369803621353,0.0012562932736357195,0.0014499324624293517,45,1
2026-05-25 13:44:00+00:00,2026-05-25 17:59:00+00:00,BUY,2116.8,,,2128.55,TRANSITION,0.005550831443688586,0.000722789115646353,0.011895313681027888,255,3
2026-05-25 17:59:00+00:00,2026-05-25 18:14:00+00:00,SELL,2128.55,,,2131.87,TRANSITION,-0.0015597472457775051,0.00247116581710543,0.0001456390500577389,15,4
2026-05-25 18:14:00+00:00,2026-05-25 18:44:00+00:00,BUY,2131.87,,,2128.38,TRANSITION,-0.0016370604211325183,0.0021530393504292904,0.000192319419101685,30,3
2026-05-25 18:44:00+00:00,2026-05-25 21:29:00+00:00,SELL,2128.38,,,2111.91,TRANSITION,0.007738279818453591,0.00023961886505218218,0.009866659149212077,165,5
2026-05-25 21:29:00+00:00,2026-05-25 21:44:00+00:00,BUY,2111.91,,,2109.37,TRANSITION,-0.0012027027666898513,0.0015625665866441881,0.00022254736234037184,15,2
2026-05-25 21:44:00+00:00,2026-05-25 22:14:00+00:00,SELL,2109.37,,,2113.8,TRANSITION,-0.00210015312628903,0.0029914144981676737,0.0006968905407774834,30,1
2026-05-25 22:14:00+00:00,2026-05-25 22:29:00+00:00,BUY,2113.8,,,2110.85,TRANSITION,-0.001395590878985842,0.001840287633645722,0.0006623143154506747,15,15
2026-05-25 22:29:00+00:00,2026-05-25 23:44:00+00:00,SELL,2110.85,,,2111.59,TRANSITION,-0.000350569675723162,0.0009474856100622972,0.004026813842764763,75,2
2026-05-25 23:44:00+00:00,2026-05-25 23:59:00+00:00,BUY,2111.59,,,2113.01,SESSION_RESET,0.0006724790323879506,0.00032676798052654846,0.0010702835304200926,15,1
2026-05-26 01:14:00+00:00,2026-05-26 01:29:00+00:00,BUY,2098.98,,,2097.14,TRANSITION,-0.0008766162612317152,0.002091492058047181,0.0006288768830575631,15,3
2026-05-26 01:29:00+00:00,2026-05-26 03:29:00+00:00,SELL,2097.14,,,2088.25,TRANSITION,0.004239106592788213,0.0,0.006017719370189826,120,2
2026-05-26 03:29:00+00:00,2026-05-26 04:14:00+00:00,BUY,2088.25,,,2090.83,TRANSITION,0.0012354842571530838,0.0003208428109661548,0.003174907218963299,45,2
2026-05-26 04:14:00+00:00,2026-05-26 04:29:00+00:00,SELL,2090.83,,,2093.94,TRANSITION,-0.0014874475686689629,0.0017265870491623553,0.0009613407115833251,15,15
2026-05-26 04:29:00+00:00,2026-05-26 04:59:00+00:00,BUY,2093.94,,,2093.67,TRANSITION,-0.0001289435227370325,0.00026743841752865195,0.0011986971928516401,30,1
2026-05-26 04:59:00+00:00,2026-05-26 05:14:00+00:00,SELL,2093.67,,,2095.17,TRANSITION,-0.0007164452850735789,0.0010269049086055065,0.0007737609078794131,15,1
2026-05-26 05:14:00+00:00,2026-05-26 06:29:00+00:00,BUY,2095.17,,,2096.98,TRANSITION,0.0008638917128442777,0.00018614241326473397,0.004047404267911443,75,3
2026-05-26 06:29:00+00:00,2026-05-26 06:44:00+00:00,SELL,2096.98,,,2102.7,TRANSITION,-0.0027277322625870537,0.0036576409884691665,-4.768762696717914e-06,15,2
2026-05-26 06:44:00+00:00,2026-05-26 07:14:00+00:00,BUY,2102.7,,,2094.07,TRANSITION,-0.004104246920625698,0.004389594331098121,0.0002044989775052509,30,5
2026-05-26 07:14:00+00:00,2026-05-26 07:29:00+00:00,SELL,2094.07,,,2097.31,TRANSITION,-0.0015472262149783826,0.0017382417970745355,0.0016331832269217707,15,3
2026-05-26 07:29:00+00:00,2026-05-26 07:59:00+00:00,BUY,2097.31,,,2095.61,TRANSITION,-0.000810562100976879,0.0020025651906488873,0.0019262769929099483,30,5
2026-05-26 07:59:00+00:00,2026-05-26 08:14:00+00:00,SELL,2095.61,,,2098.62,TRANSITION,-0.0014363359594579924,0.0019182958661201185,0.00022905025267106865,15,4
2026-05-26 08:14:00+00:00,2026-05-26 08:59:00+00:00,BUY,2098.62,,,2097.25,TRANSITION,-0.0006528099417712072,0.0014390408935395554,0.0007242854828410965,45,5
2026-05-26 08:59:00+00:00,2026-05-26 09:29:00+00:00,SELL,2097.25,,,2097.84,TRANSITION,-0.00028132077720831826,0.001130051257599185,0.001501966861366118,30,1
2026-05-26 09:29:00+00:00,2026-05-26 12:14:00+00:00,BUY,2097.84,,,2117.75,TRANSITION,0.009490714258475315,0.0017208176028677721,0.018805056629676152,165,1
2026-05-26 12:14:00+00:00,2026-05-26 12:44:00+00:00,SELL,2117.75,,,2119.34,TRANSITION,-0.0007507968362649725,0.0014685397237634882,0.0021390626844529337,30,3
2026-05-26 12:44:00+00:00,2026-05-26 13:29:00+00:00,BUY,2119.34,,,2115.84,TRANSITION,-0.0016514575292307981,0.001830758632404479,0.003581303613388928,45,3
2026-05-26 13:29:00+00:00,2026-05-26 13:44:00+00:00,SELL,2115.84,,,2117.76,TRANSITION,-0.0009074410163339726,0.0023016863278886353,0.0029397307924986077,15,2
2026-05-26 13:44:00+00:00,2026-05-26 14:44:00+00:00,BUY,2117.76,,,2111.63,TRANSITION,-0.0028945678452705257,0.0056238667271080334,0.010733038682381176,60,3
2026-05-26 14:44:00+00:00,2026-05-26 15:14:00+00:00,SELL,2111.63,,,2110.89,TRANSITION,0.00035044018128187063,0.0032865606190478703,0.005976425794291562,30,5
2026-05-26 15:14:00+00:00,2026-05-26 15:29:00+00:00,BUY,2110.89,,,2098.8,TRANSITION,-0.00572744197944928,0.007503943834117217,0.00028897763502604466,15,3
2026-05-26 15:29:00+00:00,2026-05-26 19:29:00+00:00,SELL,2098.8,,,2071.1,TRANSITION,0.013198017914999177,0.0003906994473030822,0.02084048027444265,240,1
2026-05-26 19:29:00+00:00,2026-05-26 21:14:00+00:00,BUY,2071.1,,,2071.44,TRANSITION,0.0001641639708368237,0.0007966780937666414,0.0035826372459080067,105,3
2026-05-26 21:14:00+00:00,2026-05-26 21:44:00+00:00,SELL,2071.44,,,2077.21,TRANSITION,-0.0027855018730931053,0.0035434287259105478,0.0002075850615995811,30,3
2026-05-26 21:44:00+00:00,2026-05-26 21:59:00+00:00,BUY,2077.21,,,2072.85,TRANSITION,-0.0020989692905388126,0.00283553420212683,0.0006836092643498118,15,9
2026-05-26 21:59:00+00:00,2026-05-26 23:44:00+00:00,SELL,2072.85,,,2075.98,TRANSITION,-0.0015099983115035383,0.0019297103022408763,0.003314277444098652,105,4
2026-05-26 23:44:00+00:00,2026-05-26 23:59:00+00:00,BUY,2075.98,,,2073.77,SESSION_RESET,-0.001064557462017956,0.001435466622992523,0.0003709091609745671,15,15
2026-05-27 01:29:00+00:00,2026-05-27 02:59:00+00:00,SELL,2074.65,,,2076.26,TRANSITION,-0.0007760345118454329,0.001224302894464109,0.00267032993516977,90,2
2026-05-27 02:59:00+00:00,2026-05-27 03:44:00+00:00,BUY,2076.26,,,2073.43,TRANSITION,-0.0013630277518231733,0.0015412327935808968,0.0018013158274974143,45,2
2026-05-27 03:44:00+00:00,2026-05-27 04:59:00+00:00,SELL,2073.43,,,2072.21,TRANSITION,0.0005883970039981094,0.00012057315655700941,0.008256849761023952,75,9
2026-05-27 04:59:00+00:00,2026-05-27 07:14:00+00:00,BUY,2072.21,,,2077.41,TRANSITION,0.0025093981787559262,0.0002847201779743103,0.004463833298748679,135,2
2026-05-27 07:14:00+00:00,2026-05-27 07:29:00+00:00,SELL,2077.41,,,2080.0,TRANSITION,-0.0012467447446580819,0.0012467447446580819,0.0004669275684625567,15,5
2026-05-27 07:29:00+00:00,2026-05-27 09:29:00+00:00,BUY,2080.0,,,2081.36,TRANSITION,0.0006538461538462151,0.0008365384615383566,0.008033653846153864,120,2
2026-05-27 09:29:00+00:00,2026-05-27 09:44:00+00:00,SELL,2081.36,,,2086.27,TRANSITION,-0.0023590344774569775,0.0030845216589153596,0.0002834685013645623,15,2
2026-05-27 09:44:00+00:00,2026-05-27 10:59:00+00:00,BUY,2086.27,,,2079.5,TRANSITION,-0.0032450258116159376,0.0032594055419481573,0.0007812986813787809,75,9
2026-05-27 10:59:00+00:00,2026-05-27 11:14:00+00:00,SELL,2079.5,,,2082.21,TRANSITION,-0.001303197884106774,0.0024092329886993115,0.00029814859341182535,15,1
2026-05-27 11:14:00+00:00,2026-05-27 11:59:00+00:00,BUY,2082.21,,,2080.55,TRANSITION,-0.0007972298663438627,0.0015992623222441191,0.0014791975833369003,45,15
2026-05-27 11:59:00+00:00,2026-05-27 12:29:00+00:00,SELL,2080.55,,,2084.96,TRANSITION,-0.0021196318281223015,0.00809882002355142,0.0032251087452837162,30,6
2026-05-27 12:29:00+00:00,2026-05-27 12:59:00+00:00,BUY,2084.96,,,2078.76,TRANSITION,-0.0029736781520987537,0.0030935845291995136,0.0015539866472257414,30,15
2026-05-27 12:59:00+00:00,2026-05-27 15:29:00+00:00,SELL,2078.76,,,2073.08,TRANSITION,0.0027323981604419414,0.0009043853066249371,0.012892301179549433,150,2
2026-05-27 15:29:00+00:00,2026-05-27 15:59:00+00:00,BUY,2073.08,,,2071.38,TRANSITION,-0.0008200358886293911,0.0024601076658883926,0.003207787446697711,30,10
2026-05-27 15:59:00+00:00,2026-05-27 16:59:00+00:00,SELL,2071.38,,,2070.15,TRANSITION,0.0005938070271992673,0.0015062422153346517,0.005493921926445224,60,1
2026-05-27 16:59:00+00:00,2026-05-27 17:14:00+00:00,BUY,2070.15,,,2056.99,TRANSITION,-0.006357027268555568,0.007318310267371973,7.24585174987759e-05,15,10
2026-05-27 17:14:00+00:00,2026-05-27 18:44:00+00:00,SELL,2056.99,,,2054.46,TRANSITION,0.0012299525034150606,0.0024112902833752408,0.006650494168663842,90,3
2026-05-27 18:44:00+00:00,2026-05-27 19:44:00+00:00,BUY,2054.46,,,2056.99,TRANSITION,0.0012314671495184844,0.00031638484078545744,0.0032611975896341704,60,3
2026-05-27 19:44:00+00:00,2026-05-27 20:14:00+00:00,SELL,2056.99,,,2063.41,TRANSITION,-0.003121065245820385,0.0031696799692757073,0.0012493983927971011,30,1
2026-05-27 20:14:00+00:00,2026-05-27 21:14:00+00:00,BUY,2063.41,,,2059.27,TRANSITION,-0.0020063874847945262,0.0023068609728554984,0.0013230526167848458,60,1
2026-05-27 21:14:00+00:00,2026-05-27 23:59:00+00:00,SELL,2059.27,,,2024.84,SESSION_RESET,0.016719517110432368,0.0005341698757326184,0.02101230047541118,165,3
2026-05-28 00:29:00+00:00,2026-05-28 01:29:00+00:00,BUY,2024.59,,,2017.13,TRANSITION,-0.0036846966546312137,0.005872793997797022,0.002277004232955871,60,1
2026-05-28 01:29:00+00:00,2026-05-28 02:14:00+00:00,SELL,2017.13,,,2021.08,TRANSITION,-0.001958227779072156,0.003202569988052237,0.001650860380838198,45,2
2026-05-28 02:14:00+00:00,2026-05-28 02:29:00+00:00,BUY,2021.08,,,2017.73,TRANSITION,-0.0016575296376194456,0.002513507629584147,0.00038098442416924705,15,3
2026-05-28 02:29:00+00:00,2026-05-28 04:29:00+00:00,SELL,2017.73,,,1980.39,TRANSITION,0.018505944799353687,0.0016008088297245014,0.02514211514920233,120,10
2026-05-28 04:29:00+00:00,2026-05-28 05:14:00+00:00,BUY,1980.39,,,1980.0,TRANSITION,-0.00019693090754856367,0.0006867334211948795,0.0025197057145309805,45,2
2026-05-28 05:14:00+00:00,2026-05-28 06:59:00+00:00,SELL,1980.0,,,1984.07,TRANSITION,-0.0020555555555555236,0.0024393939393939027,0.003787878787878788,105,9
2026-05-28 06:59:00+00:00,2026-05-28 08:29:00+00:00,BUY,1984.07,,,1986.91,TRANSITION,0.001431401109839948,0.0008366640289908393,0.006406023981008753,90,1
2026-05-28 08:29:00+00:00,2026-05-28 09:44:00+00:00,SELL,1986.91,,,1993.61,TRANSITION,-0.003372070199455344,0.0034525972489946196,0.0010367857628177284,75,2
2026-05-28 09:44:00+00:00,2026-05-28 10:44:00+00:00,BUY,1993.61,,,1994.1,TRANSITION,0.0002457852839823281,0.0017556091713023109,0.0024026765515824016,60,3
2026-05-28 10:44:00+00:00,2026-05-28 11:44:00+00:00,SELL,1994.1,,,1990.88,TRANSITION,0.0016147635524797152,0.0005616568878191255,0.0037961987864199073,60,1
2026-05-28 11:44:00+00:00,2026-05-28 12:14:00+00:00,BUY,1990.88,,,1986.8,TRANSITION,-0.002049345013260545,0.002184963433255714,8.538937555244182e-05,30,3
2026-05-28 12:14:00+00:00,2026-05-28 12:59:00+00:00,SELL,1986.8,,,1991.89,TRANSITION,-0.0025619085967385474,0.0039158445741896385,0.0026323736661969088,45,1
2026-05-28 12:59:00+00:00,2026-05-28 13:14:00+00:00,BUY,1991.89,,,1986.91,TRANSITION,-0.0025001380598326304,0.002675850574077963,0.0015613311980078718,15,26
2026-05-28 13:14:00+00:00,2026-05-28 14:14:00+00:00,SELL,1986.91,,,1993.72,TRANSITION,-0.0034274325460136317,0.003825034853113583,0.009829332984382771,60,15
2026-05-28 14:14:00+00:00,2026-05-28 14:44:00+00:00,BUY,1993.72,,,1984.36,TRANSITION,-0.004694741488273242,0.006204482073711513,0.004403828019982732,30,1
2026-05-28 14:44:00+00:00,2026-05-28 14:59:00+00:00,SELL,1984.36,,,1993.62,TRANSITION,-0.00466649196718337,0.004908383559434785,0.0012044185530850615,15,3
2026-05-28 14:59:00+00:00,2026-05-28 15:59:00+00:00,BUY,1993.62,,,1990.65,TRANSITION,-0.00148975230986838,0.004905649020374983,0.00289924860304381,60,2
2026-05-28 15:59:00+00:00,2026-05-28 16:14:00+00:00,SELL,1990.65,,,1995.87,TRANSITION,-0.002622259061110592,0.0036922613216788026,0.00272775224173012,15,960
2026-05-28 16:14:00+00:00,2026-05-28 19:14:00+00:00,BUY,1995.87,,,2020.13,TRANSITION,0.012155100282082611,0.0010872451612579203,0.01710031214457861,180,3
2026-05-28 19:14:00+00:00,2026-05-28 19:29:00+00:00,SELL,2020.13,,,2023.32,TRANSITION,-0.0015791062951393362,0.00163850841282489,0.0008959819417563091,15,7
2026-05-28 19:29:00+00:00,2026-05-28 19:59:00+00:00,BUY,2023.32,,,2014.55,TRANSITION,-0.004334460194136361,0.004586521163236647,0.0005090643101437107,30,2
2026-05-28 19:59:00+00:00,2026-05-28 20:29:00+00:00,SELL,2014.55,,,2019.74,TRANSITION,-0.0025762577250502865,0.002720210468839204,0.004025712938373284,30,2
2026-05-28 20:29:00+00:00,2026-05-28 20:59:00+00:00,BUY,2019.74,,,2014.11,TRANSITION,-0.002787487498390936,0.0031291156287442624,0.0001435828373948942,30,3
2026-05-28 20:59:00+00:00,2026-05-28 21:14:00+00:00,SELL,2014.11,,,2020.22,TRANSITION,-0.0030335979663474824,0.0036442895373143204,0.0003425830763959403,15,3
2026-05-28 21:14:00+00:00,2026-05-28 21:59:00+00:00,BUY,2020.22,,,2020.17,TRANSITION,-2.474977972693792e-05,0.00033164704834130575,0.0021829305719179505,45,3
2026-05-28 21:59:00+00:00,2026-05-28 23:14:00+00:00,SELL,2020.17,,,2008.45,TRANSITION,0.0058014919536474785,0.001351371419237004,0.007296415648188028,75,1
2026-05-28 23:14:00+00:00,2026-05-28 23:59:00+00:00,BUY,2008.45,,,2009.9,SESSION_RESET,0.0007219497622544974,0.0009957927755234136,0.0017476163210435863,45,5
2026-05-29 00:59:00+00:00,2026-05-29 01:44:00+00:00,SELL,2012.46,,,2008.6,TRANSITION,0.0019180505451040653,0.0019925861880484537,0.0031404350893930494,45,6
2026-05-29 01:44:00+00:00,2026-05-29 02:29:00+00:00,BUY,2008.6,,,2001.56,TRANSITION,-0.0035049288061336074,0.003748879816787799,0.001080354475754293,45,3
2026-05-29 02:29:00+00:00,2026-05-29 03:14:00+00:00,SELL,2001.56,,,2007.06,TRANSITION,-0.0027478566717959994,0.0031475449149663036,0.002158316513119735,45,2
2026-05-29 03:14:00+00:00,2026-05-29 03:44:00+00:00,BUY,2007.06,,,2003.45,TRANSITION,-0.0017986507628072405,0.0024513467459865903,4.982412085334223e-06,30,13
2026-05-29 03:44:00+00:00,2026-05-29 04:29:00+00:00,SELL,2003.45,,,2004.72,TRANSITION,-0.0006339065112680534,0.0006987945793505521,0.002520651875514714,45,15
2026-05-29 04:29:00+00:00,2026-05-29 07:29:00+00:00,BUY,2004.72,,,2016.14,TRANSITION,0.005696556127539044,8.978810008383398e-05,0.008375234446705756,180,1
2026-05-29 07:29:00+00:00,2026-05-29 07:59:00+00:00,SELL,2016.14,,,2007.62,TRANSITION,0.0042258970111203635,4.9599730177422726e-06,0.006289245786502953,30,5
2026-05-29 07:59:00+00:00,2026-05-29 08:59:00+00:00,BUY,2007.62,,,2006.11,TRANSITION,-0.0007521343680576957,0.0010808818401888034,0.003133063029856343,60,1
2026-05-29 08:59:00+00:00,2026-05-29 09:14:00+00:00,SELL,2006.11,,,2013.28,TRANSITION,-0.00357408118198906,0.0036687918409260348,0.0,15,4
2026-05-29 09:14:00+00:00,2026-05-29 09:44:00+00:00,BUY,2013.28,,,2012.89,TRANSITION,-0.00019371374076128142,0.0009934037987761265,0.001405666375268183,30,3
2026-05-29 09:44:00+00:00,2026-05-29 09:59:00+00:00,SELL,2012.89,,,2014.85,TRANSITION,-0.0009737243465861567,0.0010482440669882108,0.000561381893695189,15,5
2026-05-29 09:59:00+00:00,2026-05-29 10:29:00+00:00,BUY,2014.85,,,2011.81,TRANSITION,-0.001508797180931565,0.0017619177606273196,0.0,30,2
2026-05-29 10:29:00+00:00,2026-05-29 11:14:00+00:00,SELL,2011.81,,,2012.01,TRANSITION,-9.94129664332345e-05,0.0011780436522336197,0.0011929555971984748,45,1
2026-05-29 11:14:00+00:00,2026-05-29 11:29:00+00:00,BUY,2012.01,,,2010.2,TRANSITION,-0.0008995979145232605,0.0012475087101952729,0.0011331951630458958,15,675
2026-05-29 11:29:00+00:00,2026-05-29 13:44:00+00:00,SELL,2010.2,,,2002.89,TRANSITION,0.003636454084170702,0.0002835538752362632,0.010974032434583596,135,2
2026-05-29 13:44:00+00:00,2026-05-29 14:14:00+00:00,BUY,2002.89,,,1995.36,TRANSITION,-0.0037595674250708723,0.00536225154651529,0.0016326408339948683,30,1
2026-05-29 14:14:00+00:00,2026-05-29 14:59:00+00:00,SELL,1995.36,,,2001.84,TRANSITION,-0.0032475342795285156,0.004485406142250043,0.009461951728008922,45,3
2026-05-29 14:59:00+00:00,2026-05-29 17:59:00+00:00,BUY,2001.84,,,2028.27,TRANSITION,0.01320285337489513,0.0011939016105182597,0.022354433920792872,180,3
2026-05-29 17:59:00+00:00,2026-05-29 18:14:00+00:00,SELL,2028.27,,,2029.82,TRANSITION,-0.0007641980604159972,0.0016615144926465009,0.0011093197651200284,15,10
2026-05-29 18:14:00+00:00,2026-05-29 18:29:00+00:00,BUY,2029.82,,,2024.26,TRANSITION,-0.0027391591372633757,0.003458434738055582,0.00010838399463993226,15,219
2026-05-29 18:29:00+00:00,2026-05-29 18:44:00+00:00,SELL,2024.26,,,2025.27,TRANSITION,-0.0004989477636271975,0.0015511841364252122,0.000834872990623761,15,10
2026-05-29 18:44:00+00:00,2026-05-29 18:59:00+00:00,BUY,2025.27,,,2011.41,TRANSITION,-0.0068435319735145935,0.009411090866896732,0.0,15,45
2026-05-29 18:59:00+00:00,2026-05-29 19:44:00+00:00,SELL,2011.41,,,2021.01,TRANSITION,-0.004772771339508061,0.005364396120134614,0.003186819196484099,45,10
2026-05-29 19:44:00+00:00,2026-05-29 20:14:00+00:00,BUY,2021.01,,,2019.11,TRANSITION,-0.0009401239974072819,0.0029737606444302555,0.0002820371992221396,30,15
2026-05-29 20:14:00+00:00,2026-05-29 21:14:00+00:00,SELL,2019.11,,,2021.69,TRANSITION,-0.0012777907097682418,0.0024169064587863513,0.0014214183476877887,60,3
2026-05-29 21:14:00+00:00,2026-05-29 21:29:00+00:00,BUY,2021.69,,,2012.22,TRANSITION,-0.004684199852598582,0.005490456004629858,4.94635676092324e-06,15,3
2026-05-29 21:29:00+00:00,2026-05-29 22:14:00+00:00,SELL,2012.22,,,2010.06,TRANSITION,0.0010734412738170188,0.0019630060331375524,0.0022065181739571492,45,1
2026-05-29 22:14:00+00:00,2026-05-29 23:14:00+00:00,BUY,2010.06,,,2010.74,TRANSITION,0.0003382983592529893,0.0002089489865973381,0.003572032675641555,60,3
2026-05-29 23:14:00+00:00,2026-05-29 23:44:00+00:00,SELL,2010.74,,,2012.47,TRANSITION,-0.00086037976068513,0.0009697922158011705,0.0018600117369724624,30,3
2026-05-29 23:44:00+00:00,2026-05-29 23:59:00+00:00,BUY,2012.47,,,2014.54,SESSION_RESET,0.0010285867615417554,0.0005863441442605672,0.0015553026877418703,15,1
2026-05-30 01:14:00+00:00,2026-05-30 01:44:00+00:00,BUY,2017.6,,,2017.48,TRANSITION,-5.9476605868304356e-05,0.0005452022204599073,0.001957771609833488,30,15
2026-05-30 01:44:00+00:00,2026-05-30 01:59:00+00:00,SELL,2017.48,,,2019.46,TRANSITION,-0.000981422368499325,0.0011003826555901557,6.44368221742516e-05,15,3
2026-05-30 01:59:00+00:00,2026-05-30 03:29:00+00:00,BUY,2019.46,,,2019.92,TRANSITION,0.00022778366494015053,0.0011587255999129201,0.00202529389044592,90,1
2026-05-30 03:29:00+00:00,2026-05-30 04:59:00+00:00,SELL,2019.92,,,2010.8,TRANSITION,0.0045150302982296915,0.0,0.008871638480731947,90,2
2026-05-30 04:59:00+00:00,2026-05-30 07:44:00+00:00,BUY,2010.8,,,2013.82,TRANSITION,0.0015018897951064162,0.0013825343147006032,0.00485378953650288,165,2
2026-05-30 07:44:00+00:00,2026-05-30 07:59:00+00:00,SELL,2013.82,,,2016.32,TRANSITION,-0.0012414217755310803,0.0012414217755310803,9.9313742042509e-05,15,3
2026-05-30 07:59:00+00:00,2026-05-30 08:44:00+00:00,BUY,2016.32,,,2014.7,TRANSITION,-0.0008034438977939469,0.001190287255991045,0.0,45,2
2026-05-30 08:44:00+00:00,2026-05-30 09:14:00+00:00,SELL,2014.7,,,2015.83,TRANSITION,-0.0005608775500073866,0.0006303668039906596,0.00038715441504937346,30,5
2026-05-30 09:14:00+00:00,2026-05-30 10:59:00+00:00,BUY,2015.83,,,2017.98,TRANSITION,0.0010665581919110695,0.0006448956509229224,0.0030607739739958594,105,5
2026-05-30 10:59:00+00:00,2026-05-30 11:44:00+00:00,SELL,2017.98,,,2018.69,TRANSITION,-0.00035183698550036985,0.0005302332035004986,0.0013825706895013645,45,4
2026-05-30 11:44:00+00:00,2026-05-30 12:14:00+00:00,BUY,2018.69,,,2017.15,TRANSITION,-0.0007628709707780608,0.0007925932163928768,4.953707602450552e-06,30,5
2026-05-30 12:14:00+00:00,2026-05-30 12:29:00+00:00,SELL,2017.15,,,2018.99,TRANSITION,-0.0009121780730237801,0.0012691173189896365,0.0,15,3
2026-05-30 12:29:00+00:00,2026-05-30 18:29:00+00:00,BUY,2018.99,,,2024.87,TRANSITION,0.0029123472627402224,0.0009162997340253835,0.0064438159673896305,360,10
2026-05-30 18:29:00+00:00,2026-05-30 18:44:00+00:00,SELL,2024.87,,,2029.23,TRANSITION,-0.002153224651459169,0.002153224651459169,4.938588650131073e-06,15,2
2026-05-30 18:44:00+00:00,2026-05-30 19:29:00+00:00,BUY,2029.23,,,2025.3,TRANSITION,-0.0019366951996570441,0.0019366951996570441,0.00038438225336702724,45,3
2026-05-30 19:29:00+00:00,2026-05-30 19:44:00+00:00,SELL,2025.3,,,2027.12,TRANSITION,-0.0008986323013874173,0.0010665086653829467,0.00037525304893101807,15,1
2026-05-30 19:44:00+00:00,2026-05-30 20:29:00+00:00,BUY,2027.12,,,2028.01,TRANSITION,0.0004390465290659162,0.0,0.001262875409447972,45,395
2026-05-30 20:29:00+00:00,2026-05-30 20:59:00+00:00,SELL,2028.01,,,2027.05,TRANSITION,0.00047337044689130546,0.0,0.0011390476378321337,30,1
2026-05-30 20:59:00+00:00,2026-05-30 21:59:00+00:00,BUY,2027.05,,,2028.15,TRANSITION,0.0005426605165142135,0.0,0.002150908956365224,60,2
2026-05-30 21:59:00+00:00,2026-05-30 22:59:00+00:00,SELL,2028.15,,,2023.57,TRANSITION,0.0022582156152159134,0.0,0.00355496388334198,60,2
2026-05-30 22:59:00+00:00,2026-05-30 23:29:00+00:00,BUY,2023.57,,,2022.19,TRANSITION,-0.0006819630652756672,0.0015270042548564755,0.0012502656196721502,30,2
2026-05-30 23:29:00+00:00,2026-05-30 23:59:00+00:00,SELL,2022.19,,,2022.44,TRANSITION,-0.00012362834352855072,0.00024231155331596392,0.0009099046083702053,30,94
2026-05-30 23:59:00+00:00,2026-05-30 23:59:00+00:00,BUY,2022.44,,,2022.44,SESSION_RESET,0.0,0.0,0.0,0,2
2026-05-31 01:59:00+00:00,2026-05-31 02:14:00+00:00,SELL,2029.11,,,2033.18,TRANSITION,-0.0020058055009339877,0.0020058055009339877,4.928269044059172e-06,15,3
2026-05-31 02:14:00+00:00,2026-05-31 02:29:00+00:00,BUY,2033.18,,,2027.95,TRANSITION,-0.0025723251261570634,0.002641182777717722,0.0023706705751580953,15,3
2026-05-31 02:29:00+00:00,2026-05-31 02:44:00+00:00,SELL,2027.95,,,2030.21,TRANSITION,-0.0011144258980744057,0.0025345792549125337,0.0,15,1
2026-05-31 02:44:00+00:00,2026-05-31 03:59:00+00:00,BUY,2030.21,,,2033.41,TRANSITION,0.0015761916254968921,0.0005959974583910218,0.0032853744193950736,75,3
2026-05-31 03:59:00+00:00,2026-05-31 04:59:00+00:00,SELL,2033.41,,,2033.91,TRANSITION,-0.0002458923679926822,0.00077701988285684,0.001052419335008729,60,1
2026-05-31 04:59:00+00:00,2026-05-31 05:14:00+00:00,BUY,2033.91,,,2032.12,TRANSITION,-0.0008800782728833581,0.0008800782728833581,-4.9166383959914175e-06,15,1
2026-05-31 05:14:00+00:00,2026-05-31 05:29:00+00:00,SELL,2032.12,,,2032.18,TRANSITION,-2.952581540468713e-05,0.00024112749247092157,0.0006102001850283358,15,1
2026-05-31 05:29:00+00:00,2026-05-31 05:44:00+00:00,BUY,2032.18,,,2030.56,TRANSITION,-0.0007971734787273363,0.0009054316054680912,0.0003641409717643167,15,2
2026-05-31 05:44:00+00:00,2026-05-31 08:59:00+00:00,SELL,2030.56,,,2027.63,TRANSITION,0.0014429516980536583,0.00018221574344029148,0.0038314553620675935,195,3
2026-05-31 08:59:00+00:00,2026-05-31 09:59:00+00:00,BUY,2027.63,,,2021.13,TRANSITION,-0.0032057130738842882,0.00457677189625336,0.00047839102794878743,60,1
2026-05-31 09:59:00+00:00,2026-05-31 10:59:00+00:00,SELL,2021.13,,,2021.05,TRANSITION,3.9581818091936004e-05,0.00025728181759707776,0.002864734084398426,60,2
2026-05-31 10:59:00+00:00,2026-05-31 12:59:00+00:00,BUY,2021.05,,,2022.35,TRANSITION,0.0006432300042057121,0.0006729175428613344,0.0020335963979120396,120,1
2026-05-31 12:59:00+00:00,2026-05-31 17:59:00+00:00,SELL,2022.35,,,2006.0,TRANSITION,0.008084653991643341,0.00205206813855173,0.012925556901624285,300,10
2026-05-31 17:59:00+00:00,2026-05-31 18:14:00+00:00,BUY,2006.0,,,2002.7,TRANSITION,-0.0016450648055832276,0.0019940179461615153,3.489531405779478e-05,15,1
2026-05-31 18:14:00+00:00,2026-05-31 20:59:00+00:00,SELL,2002.7,,,2007.09,TRANSITION,-0.002192040744994194,0.0027712588006191413,0.004468966894692188,165,3
2026-05-31 20:59:00+00:00,2026-05-31 21:29:00+00:00,BUY,2007.09,,,2007.04,TRANSITION,-2.491168806578406e-05,0.0010413085611506799,0.0014498602454299917,30,3
2026-05-31 21:29:00+00:00,2026-05-31 21:44:00+00:00,SELL,2007.04,,,2009.2,TRANSITION,-0.0010762117346939184,0.0015296157525509888,0.00027901785714282997,15,5
2026-05-31 21:44:00+00:00,2026-05-31 23:29:00+00:00,BUY,2009.2,,,2008.86,TRANSITION,-0.00016922158072872064,0.0023541708142544387,0.006868405335456875,105,3
2026-05-31 23:29:00+00:00,2026-05-31 23:59:00+00:00,SELL,2008.86,,,2007.01,SESSION_RESET,0.0009209203229692011,0.0001493384307518602,0.0043557042302599484,30,10
2026-06-01 00:59:00+00:00,2026-06-01 02:14:00+00:00,SELL,2015.44,,,2005.26,TRANSITION,0.005051006231889842,0.000640058746477178,0.011972571746120007,75,2
2026-06-01 02:14:00+00:00,2026-06-01 03:59:00+00:00,BUY,2005.26,,,2009.09,TRANSITION,0.0019099767611182228,0.0016755931899104853,0.006398172805521443,105,3
2026-06-01 03:59:00+00:00,2026-06-01 05:44:00+00:00,SELL,2009.09,,,1996.5,TRANSITION,0.006266518672632843,0.0014334848115316434,0.008680546914274535,105,6
2026-06-01 05:44:00+00:00,2026-06-01 06:14:00+00:00,BUY,1996.5,,,1992.06,TRANSITION,-0.0022238918106686975,0.003901828199348842,0.0008214375156524418,30,3
2026-06-01 06:14:00+00:00,2026-06-01 08:59:00+00:00,SELL,1992.06,,,1983.96,TRANSITION,0.004066142586066639,0.0006827103601297789,0.0111241629268194,165,3
2026-06-01 08:59:00+00:00,2026-06-01 10:14:00+00:00,BUY,1983.96,,,1984.9,TRANSITION,0.0004737998749975073,1.008084840419253e-05,0.0030998608842919533,75,3
2026-06-01 10:14:00+00:00,2026-06-01 10:44:00+00:00,SELL,1984.9,,,1985.09,TRANSITION,-9.572270643348642e-05,0.0010831779938535258,0.001969872537659369,30,3
2026-06-01 10:44:00+00:00,2026-06-01 11:14:00+00:00,BUY,1985.09,,,1984.08,TRANSITION,-0.0005087930522041776,0.0010377363242976114,0.0009823232196021568,30,3
2026-06-01 11:14:00+00:00,2026-06-01 11:44:00+00:00,SELL,1984.08,,,1985.9,TRANSITION,-0.0009173017217048525,0.0010281843474053282,0.0011088262570056742,30,675
2026-06-01 11:44:00+00:00,2026-06-01 11:59:00+00:00,BUY,1985.9,,,1981.44,TRANSITION,-0.00224583312352084,0.004446346744549148,0.0004985145274183036,15,3
2026-06-01 11:59:00+00:00,2026-06-01 12:29:00+00:00,SELL,1981.44,,,1987.18,TRANSITION,-0.002896883074935405,0.0036791424418604465,0.0070302406330749675,30,2
2026-06-01 12:29:00+00:00,2026-06-01 13:14:00+00:00,BUY,1987.18,,,1975.79,TRANSITION,-0.005731740456325094,0.007830191527692596,0.003628257128191727,45,5
2026-06-01 13:14:00+00:00,2026-06-01 15:44:00+00:00,SELL,1975.79,,,1974.42,TRANSITION,0.0006933935286644284,0.0038819915071946274,0.009996001599360257,150,5
2026-06-01 15:44:00+00:00,2026-06-01 16:14:00+00:00,BUY,1974.42,,,1967.19,TRANSITION,-0.003661834867961233,0.00791624882243905,0.0005571256368958525,30,15
2026-06-01 16:14:00+00:00,2026-06-01 16:29:00+00:00,SELL,1967.19,,,1971.18,TRANSITION,-0.0020282738322175333,0.0020282738322175333,0.0015809352426558326,15,1
2026-06-01 16:29:00+00:00,2026-06-01 18:14:00+00:00,BUY,1971.18,,,1985.0,TRANSITION,0.00701102892683567,0.0007000882719995683,0.01296177923883154,105,2
2026-06-01 18:14:00+00:00,2026-06-01 18:29:00+00:00,SELL,1985.0,,,1992.15,TRANSITION,-0.0036020151133501718,0.003607052896725482,0.0006448362720402885,15,5
2026-06-01 18:29:00+00:00,2026-06-01 21:14:00+00:00,BUY,1992.15,,,1999.65,TRANSITION,0.0037647767487387998,0.0005220490424918761,0.008558592475466182,165,1
2026-06-01 21:14:00+00:00,2026-06-01 22:29:00+00:00,SELL,1999.65,,,1999.79,TRANSITION,-7.001225214406154e-05,0.001675293176305808,0.007576325857025025,75,15
2026-06-01 22:29:00+00:00,2026-06-01 23:29:00+00:00,BUY,1999.79,,,1998.67,TRANSITION,-0.0005600588061745938,0.0037253911660724602,0.0039004095430019924,60,1
2026-06-01 23:29:00+00:00,2026-06-01 23:44:00+00:00,SELL,1998.67,,,2004.98,TRANSITION,-0.003157099471148286,0.0048582307234311,0.00027017966948018614,15,2
2026-06-01 23:44:00+00:00,2026-06-01 23:59:00+00:00,BUY,2004.98,,,2006.73,SESSION_RESET,0.0008728266616125846,0.0006384103582080484,0.0014463984678151857,15,3
2026-06-02 00:44:00+00:00,2026-06-02 01:14:00+00:00,SELL,1997.93,,,1998.65,TRANSITION,-0.00036037298604056563,0.001081118958121583,0.002732828477474204,30,9
2026-06-02 01:14:00+00:00,2026-06-02 01:29:00+00:00,BUY,1998.65,,,1992.3,TRANSITION,-0.003177144572586564,0.003502364095764641,0.00017511820478818653,15,1
2026-06-02 01:29:00+00:00,2026-06-02 02:29:00+00:00,SELL,1992.3,,,1988.78,TRANSITION,0.001766802188425429,0.0006023189278723312,0.01482708427445664,60,1
2026-06-02 02:29:00+00:00,2026-06-02 04:14:00+00:00,BUY,1988.78,,,1998.25,TRANSITION,0.0047617132111143655,0.0020464807570470017,0.008608292521043111,105,2
2026-06-02 04:14:00+00:00,2026-06-02 04:29:00+00:00,SELL,1998.25,,,2004.46,TRANSITION,-0.003107719254347572,0.004098586262980135,0.0,15,5
2026-06-02 04:29:00+00:00,2026-06-02 04:59:00+00:00,BUY,2004.46,,,1996.85,TRANSITION,-0.0037965337297826483,0.0042455324626083785,0.0004739431068716988,30,2
2026-06-02 04:59:00+00:00,2026-06-02 05:14:00+00:00,SELL,1996.85,,,2000.11,TRANSITION,-0.001632571299797176,0.002193454691138598,0.0033753161228935622,15,2
2026-06-02 05:14:00+00:00,2026-06-02 05:29:00+00:00,BUY,2000.11,,,1992.09,TRANSITION,-0.004009779462129574,0.004249766262855543,0.00023498707571084957,15,1
2026-06-02 05:29:00+00:00,2026-06-02 06:29:00+00:00,SELL,1992.09,,,1985.0,TRANSITION,0.003559076146158014,0.0019226038984183219,0.006370194117735558,60,2
2026-06-02 06:29:00+00:00,2026-06-02 06:59:00+00:00,BUY,1985.0,,,1982.38,TRANSITION,-0.0013198992443324386,0.0034559193954659447,0.0019546599496222212,30,2
2026-06-02 06:59:00+00:00,2026-06-02 08:14:00+00:00,SELL,1982.38,,,1983.98,TRANSITION,-0.0008071106447804704,0.003843864445767154,0.004287775300396493,75,1
2026-06-02 08:14:00+00:00,2026-06-02 08:44:00+00:00,BUY,1983.98,,,1980.73,TRANSITION,-0.0016381213520297584,0.0020060686095626054,0.00253026744221211,30,1
2026-06-02 08:44:00+00:00,2026-06-02 10:29:00+00:00,SELL,1980.73,,,1979.53,TRANSITION,0.0006058372418250067,0.0009844855179656216,0.007088295729352291,105,1
2026-06-02 10:29:00+00:00,2026-06-02 10:44:00+00:00,BUY,1979.53,,,1976.04,TRANSITION,-0.0017630447631508536,0.002035836789540938,0.0006112562072815448,15,1
2026-06-02 10:44:00+00:00,2026-06-02 10:59:00+00:00,SELL,1976.04,,,1983.49,TRANSITION,-0.0037701665958179216,0.003967531021639312,2.0242505212426683e-05,15,15
2026-06-02 10:59:00+00:00,2026-06-02 11:29:00+00:00,BUY,1983.49,,,1977.62,TRANSITION,-0.0029594300954378988,0.0031711780750091827,0.00011595722690813576,30,4
2026-06-02 11:29:00+00:00,2026-06-02 13:29:00+00:00,SELL,1977.62,,,1979.69,TRANSITION,-0.001046712715284111,0.002594027163964821,0.002553574498639756,120,2
2026-06-02 13:29:00+00:00,2026-06-02 13:59:00+00:00,BUY,1979.69,,,1974.33,TRANSITION,-0.0027074946077416803,0.004642140941258507,0.0010607721410927514,30,5
2026-06-02 13:59:00+00:00,2026-06-02 16:14:00+00:00,SELL,1974.33,,,1933.4,TRANSITION,0.02073108345615973,0.00045078583620777684,0.042713224233030915,135,8
2026-06-02 16:14:00+00:00,2026-06-02 16:44:00+00:00,BUY,1933.4,,,1925.0,TRANSITION,-0.004344677769732125,0.00537395262232342,0.005415330505844522,30,3
2026-06-02 16:44:00+00:00,2026-06-02 23:59:00+00:00,SELL,1925.0,,,1859.84,SESSION_RESET,0.03384935064935069,0.003392207792207778,0.044664935064935074,435,15
2026-06-03 01:14:00+00:00,2026-06-03 01:29:00+00:00,SELL,1859.02,,,1867.93,TRANSITION,-0.004792847844563308,0.005088702649783239,0.000349646587987268,15,5
2026-06-03 01:29:00+00:00,2026-06-03 01:44:00+00:00,BUY,1867.93,,,1851.38,TRANSITION,-0.00886007505634577,0.009598860771013937,0.0011135320916736318,15,3
2026-06-03 01:44:00+00:00,2026-06-03 01:59:00+00:00,SELL,1851.38,,,1864.51,TRANSITION,-0.007092007043394593,0.008555780012747203,-5.401376270668855e-06,15,3
2026-06-03 01:59:00+00:00,2026-06-03 02:29:00+00:00,BUY,1864.51,,,1853.64,TRANSITION,-0.0058299499600430625,0.006596907498484832,0.000230623595475521,30,8
2026-06-03 02:29:00+00:00,2026-06-03 04:29:00+00:00,SELL,1853.64,,,1844.78,TRANSITION,0.004779784639951731,0.003236874474007898,0.01980967178092835,120,10
2026-06-03 04:29:00+00:00,2026-06-03 06:29:00+00:00,BUY,1844.78,,,1872.49,TRANSITION,0.01502076128318826,0.0031656891336635904,0.01698847559058528,120,1
2026-06-03 06:29:00+00:00,2026-06-03 06:44:00+00:00,SELL,1872.49,,,1880.82,TRANSITION,-0.004448621888501369,0.006365855091348991,0.0006355174126430873,15,1
2026-06-03 06:44:00+00:00,2026-06-03 06:59:00+00:00,BUY,1880.82,,,1871.87,TRANSITION,-0.004758562754543255,0.005603938707584971,0.0005635839686945975,15,3
2026-06-03 06:59:00+00:00,2026-06-03 07:29:00+00:00,SELL,1871.87,,,1877.14,TRANSITION,-0.0028153664517302,0.004241747557255608,0.0020834780193068237,30,4
2026-06-03 07:29:00+00:00,2026-06-03 08:14:00+00:00,BUY,1877.14,,,1874.85,TRANSITION,-0.0012199409740350697,0.002035010707778942,0.0017260300243988242,45,1
2026-06-03 08:14:00+00:00,2026-06-03 08:29:00+00:00,SELL,1874.85,,,1875.33,TRANSITION,-0.0002560204816385408,0.0009600768061445886,0.0008160652852228033,15,3
2026-06-03 08:29:00+00:00,2026-06-03 09:29:00+00:00,BUY,1875.33,,,1877.06,TRANSITION,0.0009225043059088364,0.0004959127193613052,0.0043192398137928455,60,1
2026-06-03 09:29:00+00:00,2026-06-03 10:14:00+00:00,SELL,1877.06,,,1885.01,TRANSITION,-0.00423534676568679,0.008529295813666047,0.003787838428180186,45,2
2026-06-03 10:14:00+00:00,2026-06-03 10:44:00+00:00,BUY,1885.01,,,1883.45,TRANSITION,-0.0008275818165420583,0.0015861984817056721,0.0017294337961071776,30,3
2026-06-03 10:44:00+00:00,2026-06-03 10:59:00+00:00,SELL,1883.45,,,1884.79,TRANSITION,-0.0007114603520135486,0.0009503836045554507,0.0006530568902811427,15,3
2026-06-03 10:59:00+00:00,2026-06-03 11:44:00+00:00,BUY,1884.79,,,1881.17,TRANSITION,-0.0019206383735057438,0.002865040667660516,0.0018569708031133442,45,5
2026-06-03 11:44:00+00:00,2026-06-03 12:59:00+00:00,SELL,1881.17,,,1876.4,TRANSITION,0.0025356560013183186,0.0,0.006990330485814727,75,15
2026-06-03 12:59:00+00:00,2026-06-03 13:29:00+00:00,BUY,1876.4,,,1867.83,TRANSITION,-0.004567256448518527,0.004652526113835012,0.00174802813898954,30,10
2026-06-03 13:29:00+00:00,2026-06-03 21:44:00+00:00,SELL,1867.83,,,1829.42,TRANSITION,0.020563969954439033,0.004909440366628694,0.052579731560152713,495,2
2026-06-03 21:44:00+00:00,2026-06-03 22:29:00+00:00,BUY,1829.42,,,1829.58,TRANSITION,8.74594133659053e-05,0.002175552907478883,0.012452033977982077,45,3
2026-06-03 22:29:00+00:00,2026-06-03 22:44:00+00:00,SELL,1829.58,,,1830.88,TRANSITION,-0.0007105455896982816,0.003776823096011151,0.0037221657429573705,15,2
2026-06-03 22:44:00+00:00,2026-06-03 23:14:00+00:00,BUY,1830.88,,,1823.56,TRANSITION,-0.003998077427248188,0.007832299222232011,0.00038779166302532606,30,65
2026-06-03 23:14:00+00:00,2026-06-03 23:59:00+00:00,SELL,1823.56,,,1813.05,SESSION_RESET,0.0057634517098422815,0.0010528855645002483,0.005878611068459512,45,3
2026-06-04 00:44:00+00:00,2026-06-04 01:14:00+00:00,BUY,1800.72,,,1786.91,TRANSITION,-0.007669154560398033,0.00886867475232131,0.00018881336354342604,30,1
2026-06-04 01:14:00+00:00,2026-06-04 02:29:00+00:00,SELL,1786.91,,,1766.55,TRANSITION,0.011393970597288127,0.0015837395280120024,0.038966707892395314,75,75
2026-06-04 02:29:00+00:00,2026-06-04 04:44:00+00:00,BUY,1766.55,,,1807.41,TRANSITION,0.023129829328351944,0.0019416376553168966,0.029124564829752935,135,6
2026-06-04 04:44:00+00:00,2026-06-04 06:29:00+00:00,SELL,1807.41,,,1797.43,TRANSITION,0.0055217133909849,0.00028217172639301036,0.014838913140903371,105,15
2026-06-04 06:29:00+00:00,2026-06-04 06:59:00+00:00,BUY,1797.43,,,1789.95,TRANSITION,-0.004161497248849757,0.005886181937544246,0.002420122063167917,30,13
2026-06-04 06:59:00+00:00,2026-06-04 07:44:00+00:00,SELL,1789.95,,,1784.53,TRANSITION,0.0030280175423894927,0.0004301796139556869,0.009179027347132636,45,5
2026-06-04 07:44:00+00:00,2026-06-04 07:59:00+00:00,BUY,1784.53,,,1777.45,TRANSITION,-0.003967431200372046,0.004191579855760351,0.00039786386331417035,15,5
2026-06-04 07:59:00+00:00,2026-06-04 09:59:00+00:00,SELL,1777.45,,,1766.52,TRANSITION,0.006149258769585678,0.0032743537089650544,0.018520914793665123,120,2
2026-06-04 09:59:00+00:00,2026-06-04 10:29:00+00:00,BUY,1766.52,,,1755.01,TRANSITION,-0.006515635260285754,0.00823087199692048,0.00039625931209385997,30,1
2026-06-04 10:29:00+00:00,2026-06-04 11:59:00+00:00,SELL,1755.01,,,1751.51,TRANSITION,0.0019942906308226165,0.004729317781665036,0.014176557398533275,90,1
2026-06-04 11:59:00+00:00,2026-06-04 13:14:00+00:00,BUY,1751.51,,,1773.28,TRANSITION,0.01242927531101734,0.004122157452712247,0.017927388367751308,75,2
2026-06-04 13:14:00+00:00,2026-06-04 13:44:00+00:00,SELL,1773.28,,,1778.74,TRANSITION,-0.003079039971126972,0.009428855003158005,0.009942028331679082,30,1
2026-06-04 13:44:00+00:00,2026-06-04 14:44:00+00:00,BUY,1778.74,,,1772.3,TRANSITION,-0.0036205403825179928,0.0046324926633459695,0.00882085071455078,60,3
2026-06-04 14:44:00+00:00,2026-06-04 14:59:00+00:00,SELL,1772.3,,,1774.38,TRANSITION,-0.0011736162049315322,0.0019127687186142866,0.003368504203577288,15,1
2026-06-04 14:59:00+00:00,2026-06-04 15:44:00+00:00,BUY,1774.38,,,1775.31,TRANSITION,0.0005241267372264319,0.001825989923240799,0.009530089383333815,45,3
2026-06-04 15:44:00+00:00,2026-06-04 15:59:00+00:00,SELL,1775.31,,,1777.02,TRANSITION,-0.0009632120587390576,0.0026981203282806744,0.0026305264995971664,15,5
2026-06-04 15:59:00+00:00,2026-06-04 16:29:00+00:00,BUY,1777.02,,,1770.11,TRANSITION,-0.003888532486972618,0.00417552981958564,0.0007034248348358488,30,3
2026-06-04 16:29:00+00:00,2026-06-04 16:44:00+00:00,SELL,1770.11,,,1777.9,TRANSITION,-0.004400856443949919,0.0050674816819293875,0.00224844783657501,15,2
2026-06-04 16:44:00+00:00,2026-06-04 17:14:00+00:00,BUY,1777.9,,,1772.59,TRANSITION,-0.0029866696664605278,0.005304010349288522,0.0018842454581247028,30,3
2026-06-04 17:14:00+00:00,2026-06-04 17:59:00+00:00,SELL,1772.59,,,1768.05,TRANSITION,0.002561223971702404,0.0013201022233004505,0.010487478773997326,45,1
2026-06-04 17:59:00+00:00,2026-06-04 19:59:00+00:00,BUY,1768.05,,,1776.94,TRANSITION,0.005028138344503889,0.004547382709764975,0.01078023811543788,120,9
2026-06-04 19:59:00+00:00,2026-06-04 20:59:00+00:00,SELL,1776.94,,,1774.88,TRANSITION,0.0011592963183900105,0.0003264038177990969,0.006910756694092075,60,2
2026-06-04 20:59:00+00:00,2026-06-04 21:29:00+00:00,BUY,1774.88,,,1769.94,TRANSITION,-0.0027832867574146165,0.003628414315334025,0.004586225547642585,30,1
2026-06-04 21:29:00+00:00,2026-06-04 22:59:00+00:00,SELL,1769.94,,,1768.73,TRANSITION,0.0006836389934122266,0.00033334463315136,0.00987604099573998,90,2
2026-06-04 22:59:00+00:00,2026-06-04 23:29:00+00:00,BUY,1768.73,,,1760.92,TRANSITION,-0.0044155976321993435,0.006433995013371238,0.004686978792693042,30,3
2026-06-04 23:29:00+00:00,2026-06-04 23:44:00+00:00,SELL,1760.92,,,1769.87,TRANSITION,-0.0050825704745245765,0.0054630534039024434,0.00024986938645711024,15,3
2026-06-04 23:44:00+00:00,2026-06-04 23:59:00+00:00,BUY,1769.87,,,1770.77,SESSION_RESET,0.0005085119246046834,0.0018193426635853482,0.001457734183866699,15,5
2026-06-05 00:29:00+00:00,2026-06-05 00:59:00+00:00,BUY,1772.78,,,1759.42,TRANSITION,-0.007536186103182516,0.00804950416859395,0.0012466295874276766,30,1
2026-06-05 00:59:00+00:00,2026-06-05 01:44:00+00:00,SELL,1759.42,,,1757.66,TRANSITION,0.0010003296540905475,0.0026429164156368938,0.007331961669186488,45,2
2026-06-05 01:44:00+00:00,2026-06-05 01:59:00+00:00,BUY,1757.66,,,1753.33,TRANSITION,-0.0024635026114266435,0.00322019048052529,7.396197216747366e-05,15,1
2026-06-05 01:59:00+00:00,2026-06-05 04:29:00+00:00,SELL,1753.33,,,1736.57,TRANSITION,0.00955895353413219,0.0008954389647129541,0.02000764260008095,150,2
2026-06-05 04:29:00+00:00,2026-06-05 05:44:00+00:00,BUY,1736.57,,,1699.45,TRANSITION,-0.021375470035760086,0.022210449334031993,0.006466770703167749,75,1
2026-06-05 05:44:00+00:00,2026-06-05 07:44:00+00:00,SELL,1699.45,,,1674.22,TRANSITION,0.014845979581629361,0.002618494218717847,0.043349318897290344,120,3
2026-06-05 07:44:00+00:00,2026-06-05 08:14:00+00:00,BUY,1674.22,,,1669.52,TRANSITION,-0.0028072774187383053,0.004294537157601782,0.003452353931980249,30,3
2026-06-05 08:14:00+00:00,2026-06-05 08:29:00+00:00,SELL,1669.52,,,1673.16,TRANSITION,-0.0021802673822416624,0.002545641861133739,0.003911303847812529,15,9
2026-06-05 08:29:00+00:00,2026-06-05 08:44:00+00:00,BUY,1673.16,,,1667.05,TRANSITION,-0.0036517726935858656,0.0037414234143775794,0.0019543857132611237,15,2
2026-06-05 08:44:00+00:00,2026-06-05 09:14:00+00:00,SELL,1667.05,,,1687.1,TRANSITION,-0.012027233736240638,0.01238715095528034,0.00457094868180312,30,1
2026-06-05 09:14:00+00:00,2026-06-05 10:14:00+00:00,BUY,1687.1,,,1677.53,TRANSITION,-0.005672455693201314,0.008790231758639043,0.0017604172840969875,60,1
2026-06-05 10:14:00+00:00,2026-06-05 10:44:00+00:00,SELL,1677.53,,,1680.07,TRANSITION,-0.0015141308948274925,0.002777893688935567,0.003266707599864097,30,15
2026-06-05 10:44:00+00:00,2026-06-05 11:14:00+00:00,BUY,1680.07,,,1670.32,TRANSITION,-0.0058033296231704634,0.007118751004422457,0.0,30,1
2026-06-05 11:14:00+00:00,2026-06-05 11:29:00+00:00,SELL,1670.32,,,1677.9,TRANSITION,-0.004538052588725606,0.006872934527515697,0.0011195459552659915,15,15
2026-06-05 11:29:00+00:00,2026-06-05 11:44:00+00:00,BUY,1677.9,,,1667.66,TRANSITION,-0.006102866678586333,0.006108826509327135,0.0006317420585255053,15,2
2026-06-05 11:44:00+00:00,2026-06-05 16:59:00+00:00,SELL,1667.66,,,1608.49,TRANSITION,0.035480853411366864,0.006020411834546588,0.07234688125876983,315,1
2026-06-05 16:59:00+00:00,2026-06-05 17:29:00+00:00,BUY,1608.49,,,1589.42,TRANSITION,-0.011855839949269151,0.01273865550920429,0.0027354848336017573,30,4
2026-06-05 17:29:00+00:00,2026-06-05 19:29:00+00:00,SELL,1589.42,,,1560.99,TRANSITION,0.017887027972467984,0.008984409407205126,0.030973562683242955,120,14
2026-06-05 19:29:00+00:00,2026-06-05 21:59:00+00:00,BUY,1560.99,,,1609.8,TRANSITION,0.03126861799242785,0.010153812644539625,0.03735449938820873,150,2
2026-06-05 21:59:00+00:00,2026-06-05 23:59:00+00:00,SELL,1609.8,,,1583.4,TRANSITION,0.016399552739470656,0.00027953783078646133,0.03027084109827309,120,2
2026-06-05 23:59:00+00:00,2026-06-05 23:59:00+00:00,BUY,1583.4,,,1583.4,SESSION_RESET,0.0,0.0,0.0,0,1
2026-06-06 00:59:00+00:00,2026-06-06 01:29:00+00:00,SELL,1593.03,,,1592.78,TRANSITION,0.00015693364217874114,0.0023477272869939733,0.009340690382478598,30,2
2026-06-06 01:29:00+00:00,2026-06-06 01:44:00+00:00,BUY,1592.78,,,1584.41,TRANSITION,-0.005254963020630527,0.006447845904644698,-6.278330968489625e-06,15,2
2026-06-06 01:44:00+00:00,2026-06-06 05:29:00+00:00,SELL,1584.41,,,1549.6,TRANSITION,0.021970323338024986,0.002354188625418937,0.04969042104000859,225,3
2026-06-06 05:29:00+00:00,2026-06-06 06:44:00+00:00,BUY,1549.6,,,1563.53,TRANSITION,0.008989416623644853,0.0003226639132679401,0.020663397005678874,75,2
2026-06-06 06:44:00+00:00,2026-06-06 07:14:00+00:00,SELL,1563.53,,,1574.45,TRANSITION,-0.006984196017984991,0.007655753327406591,0.004809629492238705,30,1
2026-06-06 07:14:00+00:00,2026-06-06 08:59:00+00:00,BUY,1574.45,,,1582.57,TRANSITION,0.005157356537203398,0.005322493569182959,0.011807297786528576,105,15
2026-06-06 08:59:00+00:00,2026-06-06 09:29:00+00:00,SELL,1582.57,,,1587.17,TRANSITION,-0.002906664476137003,0.0032036497595684006,0.003702837789165661,30,2
2026-06-06 09:29:00+00:00,2026-06-06 09:44:00+00:00,BUY,1587.17,,,1579.47,TRANSITION,-0.004851402181240853,0.005638967470403325,0.000856871034608706,15,1
2026-06-06 09:44:00+00:00,2026-06-06 11:29:00+00:00,SELL,1579.47,,,1564.21,TRANSITION,0.009661468720520169,0.0007660797609324877,0.02772448986052281,105,5
2026-06-06 11:29:00+00:00,2026-06-06 11:59:00+00:00,BUY,1564.21,,,1558.89,TRANSITION,-0.003401077860389549,0.00511440279757833,0.002039368115534394,30,1
2026-06-06 11:59:00+00:00,2026-06-06 12:44:00+00:00,SELL,1558.89,,,1562.21,TRANSITION,-0.002129720506257617,0.004471130098980557,0.004702063647852096,45,3
2026-06-06 12:44:00+00:00,2026-06-06 13:29:00+00:00,BUY,1562.21,,,1561.78,TRANSITION,-0.00027525108660171404,0.0010305912777412302,0.00871201695034592,45,3
2026-06-06 13:29:00+00:00,2026-06-06 13:44:00+00:00,SELL,1561.78,,,1563.83,TRANSITION,-0.0013126048483140741,0.001395843204548697,0.005032719076950595,15,1
2026-06-06 13:44:00+00:00,2026-06-06 13:59:00+00:00,BUY,1563.83,,,1557.03,TRANSITION,-0.004348298728122593,0.005249931258512777,0.002608979236873672,15,1
2026-06-06 13:59:00+00:00,2026-06-06 15:44:00+00:00,SELL,1557.03,,,1563.6,TRANSITION,-0.004219571877227758,0.006377526444577217,0.0078097403389787495,105,10
2026-06-06 15:44:00+00:00,2026-06-06 16:29:00+00:00,BUY,1563.6,,,1556.47,TRANSITION,-0.004559989767203813,0.005500127909951336,0.0014325914556152528,45,5
2026-06-06 16:29:00+00:00,2026-06-06 16:44:00+00:00,SELL,1556.47,,,1561.8,TRANSITION,-0.003424415504314203,0.003854876740316228,0.001998111110397327,15,9
2026-06-06 16:44:00+00:00,2026-06-06 17:59:00+00:00,BUY,1561.8,,,1553.54,TRANSITION,-0.005288769368677161,0.009444231015494941,0.0030157510564733235,75,3
2026-06-06 17:59:00+00:00,2026-06-06 18:29:00+00:00,SELL,1553.54,,,1563.82,TRANSITION,-0.006617145358342864,0.008181314932348081,0.0022722298749951546,30,2
2026-06-06 18:29:00+00:00,2026-06-06 19:29:00+00:00,BUY,1563.82,,,1556.14,TRANSITION,-0.00491105114399345,0.007142765791459276,-6.394597843735792e-06,60,2
2026-06-06 19:29:00+00:00,2026-06-06 20:44:00+00:00,SELL,1556.14,,,1559.3,TRANSITION,-0.0020306656213450298,0.0021848933900547917,0.003399437068644332,75,5
2026-06-06 20:44:00+00:00,2026-06-06 21:59:00+00:00,BUY,1559.3,,,1558.2,TRANSITION,-0.000705444750849682,0.002481882896171289,0.003790162252292748,75,1
2026-06-06 21:59:00+00:00,2026-06-06 23:14:00+00:00,SELL,1558.2,,,1562.68,TRANSITION,-0.002875112309074585,0.0037222436144268736,0.004254909510974271,75,2
2026-06-06 23:14:00+00:00,2026-06-06 23:59:00+00:00,BUY,1562.68,,,1569.69,SESSION_RESET,0.00448588322625233,0.0037243709524663804,0.00472265595003448,45,15
2026-06-07 00:29:00+00:00,2026-06-07 00:44:00+00:00,BUY,1566.53,,,1565.75,TRANSITION,-0.0004979157756314739,0.0006128194161618587,0.0035492457852705954,15,2
2026-06-07 00:44:00+00:00,2026-06-07 01:14:00+00:00,SELL,1565.75,,,1586.63,TRANSITION,-0.0133354622385439,0.014006067379849952,0.0010154877854063025,30,3
2026-06-07 01:14:00+00:00,2026-06-07 02:29:00+00:00,BUY,1586.63,,,1585.25,TRANSITION,-0.000869767998840378,0.00230677599692435,0.006245942658338651,75,3
2026-06-07 02:29:00+00:00,2026-06-07 02:44:00+00:00,SELL,1585.25,,,1586.82,TRANSITION,-0.0009903800662355695,0.0009903800662355695,0.0018041318404036586,15,15
2026-06-07 02:44:00+00:00,2026-06-07 04:14:00+00:00,BUY,1586.82,,,1589.33,TRANSITION,0.0015817799120253029,0.00013864206400223547,0.008627317528138072,90,3
2026-06-07 04:14:00+00:00,2026-06-07 04:44:00+00:00,SELL,1589.33,,,1596.06,TRANSITION,-0.004234488746830437,0.006147244436334797,0.0027244184656427094,30,5
2026-06-07 04:44:00+00:00,2026-06-07 07:14:00+00:00,BUY,1596.06,,,1610.21,TRANSITION,0.008865581494430091,0.001760585441650029,0.017204866984950464,150,15
2026-06-07 07:14:00+00:00,2026-06-07 07:29:00+00:00,SELL,1610.21,,,1613.72,TRANSITION,-0.002179839896659436,0.0023288887784823097,0.0011116562435955332,15,1
2026-06-07 07:29:00+00:00,2026-06-07 10:59:00+00:00,BUY,1613.72,,,1625.7,TRANSITION,0.007423840567136813,0.0033029273975658277,0.021676622958134013,210,2
2026-06-07 10:59:00+00:00,2026-06-07 11:29:00+00:00,SELL,1625.7,,,1628.51,TRANSITION,-0.0017284861905640311,0.002891062311619638,0.002140616349880063,30,2
2026-06-07 11:29:00+00:00,2026-06-07 12:14:00+00:00,BUY,1628.51,,,1612.92,TRANSITION,-0.009573168110726933,0.011507451596858483,0.003365039207619246,45,15
2026-06-07 12:14:00+00:00,2026-06-07 12:59:00+00:00,SELL,1612.92,,,1620.17,TRANSITION,-0.004494953252486174,0.00585893906703359,0.003670361828237031,45,5
2026-06-07 12:59:00+00:00,2026-06-07 13:59:00+00:00,BUY,1620.17,,,1617.46,TRANSITION,-0.0016726639797058557,0.004203262620589304,0.0017467302813901795,60,3
2026-06-07 13:59:00+00:00,2026-06-07 14:29:00+00:00,SELL,1617.46,,,1630.47,TRANSITION,-0.008043475572811687,0.010034251233415366,0.00034003932091053533,30,1
2026-06-07 14:29:00+00:00,2026-06-07 16:29:00+00:00,BUY,1630.47,,,1628.26,TRANSITION,-0.0013554373892190818,0.005900139223659508,0.0058449404159536655,120,10
2026-06-07 16:29:00+00:00,2026-06-07 17:14:00+00:00,SELL,1628.26,,,1635.25,TRANSITION,-0.00429292619114884,0.0051834473609866085,0.0014985321754511286,45,3
2026-06-07 17:14:00+00:00,2026-06-07 17:44:00+00:00,BUY,1635.25,,,1633.63,TRANSITION,-0.0009906742088365025,0.0014554349487846563,0.0016817000458645467,30,3
2026-06-07 17:44:00+00:00,2026-06-07 18:14:00+00:00,SELL,1633.63,,,1634.83,TRANSITION,-0.0007345604573862001,0.0011691753946731233,0.0028280577609373714,30,3
2026-06-07 18:14:00+00:00,2026-06-07 18:59:00+00:00,BUY,1634.83,,,1630.36,TRANSITION,-0.0027342292470776946,0.0035661200247120053,0.0011683171950600869,45,1
2026-06-07 18:59:00+00:00,2026-06-07 20:14:00+00:00,SELL,1630.36,,,1620.96,TRANSITION,0.005765597782084855,0.00012267229323587766,0.016168208248484937,75,2
2026-06-07 20:14:00+00:00,2026-06-07 21:44:00+00:00,BUY,1620.96,,,1625.72,TRANSITION,0.002936531438160097,0.0016286644951140682,0.0070205310433322735,90,5
2026-06-07 21:44:00+00:00,2026-06-07 21:59:00+00:00,SELL,1625.72,,,1634.53,TRANSITION,-0.0054191373668282024,0.005443741849764971,0.0,15,5
2026-06-07 21:59:00+00:00,2026-06-07 23:59:00+00:00,BUY,1634.53,,,1690.51,SESSION_RESET,0.034248377209350714,0.0033526457146702835,0.05347102836901133,120,1
2026-06-08 01:14:00+00:00,2026-06-08 01:44:00+00:00,SELL,1683.34,,,1683.22,TRANSITION,7.128684638866234e-05,0.00042178050779999077,0.007366307460168394,30,3
2026-06-08 01:44:00+00:00,2026-06-08 03:29:00+00:00,BUY,1683.22,,,1680.94,TRANSITION,-0.0013545466427442477,0.003059611934268896,0.005584534404296446,105,5
2026-06-08 03:29:00+00:00,2026-06-08 05:59:00+00:00,SELL,1680.94,,,1653.68,TRANSITION,0.016217116613323493,0.0014694159220436345,0.021380894023582075,150,2
2026-06-08 05:59:00+00:00,2026-06-08 08:14:00+00:00,BUY,1653.68,,,1669.39,TRANSITION,0.009500024188476631,0.0005442407237192751,0.018026462193411027,135,4
2026-06-08 08:14:00+00:00,2026-06-08 09:14:00+00:00,SELL,1669.39,,,1665.07,TRANSITION,0.0025877715812363577,0.0006169918353410364,0.007008548032514898,60,15
2026-06-08 09:14:00+00:00,2026-06-08 10:29:00+00:00,BUY,1665.07,,,1665.53,TRANSITION,0.0002762646615457827,0.004720522260325332,0.004582389929552577,75,3
2026-06-08 10:29:00+00:00,2026-06-08 10:44:00+00:00,SELL,1665.53,,,1671.65,TRANSITION,-0.003674506013101006,0.00685667625320473,0.0013269049491753595,15,5
2026-06-08 10:44:00+00:00,2026-06-08 12:14:00+00:00,BUY,1671.65,,,1668.37,TRANSITION,-0.0019621332216673347,0.002506505548410286,0.015027069063500069,90,3
2026-06-08 12:14:00+00:00,2026-06-08 12:29:00+00:00,SELL,1668.37,,,1679.41,TRANSITION,-0.006617237183598477,0.006689163674724481,4.79509940840025e-05,15,1
2026-06-08 12:29:00+00:00,2026-06-08 13:44:00+00:00,BUY,1679.41,,,1682.95,TRANSITION,0.0021078831256214764,0.0007859903180284526,0.011605266135130795,75,2
2026-06-08 13:44:00+00:00,2026-06-08 14:14:00+00:00,SELL,1682.95,,,1687.31,TRANSITION,-0.002590688968775008,0.003987046555156146,0.003802846192697401,30,15
2026-06-08 14:14:00+00:00,2026-06-08 15:59:00+00:00,BUY,1687.31,,,1691.59,TRANSITION,0.002536581896628345,0.0039056249296216573,0.011207187772252925,105,5
2026-06-08 15:59:00+00:00,2026-06-08 16:14:00+00:00,SELL,1691.59,,,1695.13,TRANSITION,-0.002092705679272277,0.0039785054298027405,0.0021399984629844647,15,3
2026-06-08 16:14:00+00:00,2026-06-08 16:59:00+00:00,BUY,1695.13,,,1682.7,TRANSITION,-0.007332770937922202,0.007338670190486897,0.005161845994112546,45,75
2026-06-08 16:59:00+00:00,2026-06-08 17:29:00+00:00,SELL,1682.7,,,1686.67,TRANSITION,-0.0023593035003268716,0.0030665002674272624,0.004100552683187788,30,1
2026-06-08 17:29:00+00:00,2026-06-08 19:59:00+00:00,BUY,1686.67,,,1684.78,TRANSITION,-0.0011205511451558988,0.0054841788850219664,0.003480230276224686,150,2
2026-06-08 19:59:00+00:00,2026-06-08 20:44:00+00:00,SELL,1684.78,,,1687.01,TRANSITION,-0.0013236149526941311,0.0025938104678356333,0.003282327662958946,45,5
2026-06-08 20:44:00+00:00,2026-06-08 21:59:00+00:00,BUY,1687.01,,,1703.52,TRANSITION,0.009786545426523845,0.0005986923610411265,0.016295101985169032,75,15
2026-06-08 21:59:00+00:00,2026-06-08 22:29:00+00:00,SELL,1703.52,,,1694.96,TRANSITION,0.005024889640274224,-5.870198177885147e-06,0.008899220437682024,30,2
2026-06-08 22:29:00+00:00,2026-06-08 23:59:00+00:00,BUY,1694.96,,,1690.49,TRANSITION,-0.0026372303771180603,0.004861471657148257,0.011498796431774207,90,30
2026-06-08 23:59:00+00:00,2026-06-08 23:59:00+00:00,SELL,1690.49,,,1690.49,SESSION_RESET,0.0,0.0,0.0,0,3
2026-06-09 01:29:00+00:00,2026-06-09 02:14:00+00:00,BUY,1670.32,,,1667.44,TRANSITION,-0.0017242205086449793,0.0022810000478949814,0.0023648163226208424,45,9
2026-06-09 02:14:00+00:00,2026-06-09 02:59:00+00:00,SELL,1667.44,,,1667.89,TRANSITION,-0.0002698747781029875,0.0006716883366117467,0.007682435349997568,45,1
2026-06-09 02:59:00+00:00,2026-06-09 04:29:00+00:00,BUY,1667.89,,,1666.18,TRANSITION,-0.001025247468358247,0.0024342132874471175,0.0027459844474155533,90,2
2026-06-09 04:29:00+00:00,2026-06-09 04:44:00+00:00,SELL,1666.18,,,1685.79,TRANSITION,-0.011769436675509188,0.015142421587103445,0.0011103242146707657,15,2
2026-06-09 04:44:00+00:00,2026-06-09 06:59:00+00:00,BUY,1685.79,,,1685.98,TRANSITION,0.0001127068021521391,0.002527005142989335,0.006299717046607299,135,15
2026-06-09 06:59:00+00:00,2026-06-09 08:44:00+00:00,SELL,1685.98,,,1677.87,TRANSITION,0.0048102587219303475,0.003327441606661941,0.0105695203976322,105,10
2026-06-09 08:44:00+00:00,2026-06-09 09:29:00+00:00,BUY,1677.87,,,1675.0,TRANSITION,-0.001710502005518837,0.002908449403112209,0.0013648256420343598,45,7
2026-06-09 09:29:00+00:00,2026-06-09 10:14:00+00:00,SELL,1675.0,,,1672.89,TRANSITION,0.0012597014925372536,7.164179104471096e-05,0.005970149253731343,45,1
2026-06-09 10:14:00+00:00,2026-06-09 11:14:00+00:00,BUY,1672.89,,,1668.59,TRANSITION,-0.0025704021184896684,0.0025763797978349875,0.0021041431295542334,60,3
2026-06-09 11:14:00+00:00,2026-06-09 11:44:00+00:00,SELL,1668.59,,,1671.21,TRANSITION,-0.0015701880030445576,0.002595005363810256,0.0014802917433282157,30,1
2026-06-09 11:44:00+00:00,2026-06-09 12:44:00+00:00,BUY,1671.21,,,1674.04,TRANSITION,0.0016933838356639364,0.0012386235123054172,0.007246246731410116,60,5
2026-06-09 12:44:00+00:00,2026-06-09 12:59:00+00:00,SELL,1674.04,,,1676.9,TRANSITION,-0.0017084418532413367,0.0024073498841126694,0.0014694989367040432,15,3
2026-06-09 12:59:00+00:00,2026-06-09 13:29:00+00:00,BUY,1676.9,,,1670.57,TRANSITION,-0.00377482258930178,0.005683105730812928,0.002224342536823912,30,2
2026-06-09 13:29:00+00:00,2026-06-09 13:44:00+00:00,SELL,1670.57,,,1673.13,TRANSITION,-0.001532411093219783,0.0031127100331025015,0.0039028595030438603,15,3
2026-06-09 13:44:00+00:00,2026-06-09 13:59:00+00:00,BUY,1673.13,,,1666.71,TRANSITION,-0.0038371196499973536,0.003914818334498922,0.003191622886446312,15,3
2026-06-09 13:59:00+00:00,2026-06-09 17:14:00+00:00,SELL,1666.71,,,1641.52,TRANSITION,0.01511360704621683,0.0024779355736750134,0.03161317805737054,195,2
2026-06-09 17:14:00+00:00,2026-06-09 17:59:00+00:00,BUY,1641.52,,,1643.04,TRANSITION,0.0009259710512208087,0.0012244748769433152,0.005019737803986554,45,1
2026-06-09 17:59:00+00:00,2026-06-09 18:59:00+00:00,SELL,1643.04,,,1652.28,TRANSITION,-0.0056237218813905985,0.007577417470055535,0.0019293504722953019,60,2
2026-06-09 18:59:00+00:00,2026-06-09 21:29:00+00:00,BUY,1652.28,,,1651.39,TRANSITION,-0.0005386496235504107,0.0026993003607137024,0.006954027162466416,150,3
2026-06-09 21:29:00+00:00,2026-06-09 22:14:00+00:00,SELL,1651.39,,,1652.27,TRANSITION,-0.0005328844185806392,0.0010839353514311965,0.0036211918444462045,45,3
2026-06-09 22:14:00+00:00,2026-06-09 22:29:00+00:00,BUY,1652.27,,,1648.44,TRANSITION,-0.0023180230833943164,0.002868780526185193,0.0016522723283724926,15,1
2026-06-09 22:29:00+00:00,2026-06-09 23:59:00+00:00,SELL,1648.44,,,1639.52,SESSION_RESET,0.005411176627599472,0.0015226517192011785,0.010967945451457229,90,5
2026-06-10 00:44:00+00:00,2026-06-10 00:59:00+00:00,SELL,1632.33,,,1645.74,TRANSITION,-0.008215250592711084,0.008883007725153616,0.0006616309202182937,15,9
2026-06-10 00:59:00+00:00,2026-06-10 01:44:00+00:00,BUY,1645.74,,,1635.18,TRANSITION,-0.006416566407816512,0.0074070023211443205,0.0007109263917751727,45,2
2026-06-10 01:44:00+00:00,2026-06-10 03:29:00+00:00,SELL,1635.18,,,1636.32,TRANSITION,-0.0006971709536564003,0.0044765713866362945,0.008200932007485465,105,3
2026-06-10 03:29:00+00:00,2026-06-10 04:29:00+00:00,BUY,1636.32,,,1630.46,TRANSITION,-0.0035812066099539823,0.006172386819204012,6.111274078428207e-05,60,1
2026-06-10 04:29:00+00:00,2026-06-10 05:29:00+00:00,SELL,1630.46,,,1625.99,TRANSITION,0.0027415575972425128,6.133238472572713e-06,0.008666265961753192,60,2
2026-06-10 05:29:00+00:00,2026-06-10 08:29:00+00:00,BUY,1625.99,,,1633.86,TRANSITION,0.004840128168069847,0.00259534191477194,0.010818024711099035,180,2
2026-06-10 08:29:00+00:00,2026-06-10 09:59:00+00:00,SELL,1633.86,,,1623.67,TRANSITION,0.006236764471864069,0.0011200470052514626,0.017045524096311746,90,2
2026-06-10 09:59:00+00:00,2026-06-10 10:14:00+00:00,BUY,1623.67,,,1620.72,TRANSITION,-0.0018168716549545444,0.0027714991346763813,0.00020324326987622313,15,1
2026-06-10 10:14:00+00:00,2026-06-10 10:29:00+00:00,SELL,1620.72,,,1624.71,TRANSITION,-0.0024618687990522786,0.003134409398292072,0.0016165654770719916,15,123
2026-06-10 10:29:00+00:00,2026-06-10 11:29:00+00:00,BUY,1624.71,,,1616.88,TRANSITION,-0.004819321602008929,0.007822934554474359,0.003391374460672976,60,2
2026-06-10 11:29:00+00:00,2026-06-10 12:29:00+00:00,SELL,1616.88,,,1625.44,TRANSITION,-0.005294146751768805,0.00551061303250696,0.0009710058878829372,60,5
2026-06-10 12:29:00+00:00,2026-06-10 13:14:00+00:00,BUY,1625.44,,,1634.16,TRANSITION,0.00536470125012306,0.0005783049512747653,0.012316665026085232,45,2
2026-06-10 13:14:00+00:00,2026-06-10 13:29:00+00:00,SELL,1634.16,,,1637.14,TRANSITION,-0.001823566847799492,0.0027537083272139813,0.001321779997062761,15,5
2026-06-10 13:29:00+00:00,2026-06-10 14:14:00+00:00,BUY,1637.14,,,1647.04,TRANSITION,0.006047130972305278,0.0011849933420477507,0.018825512784489986,45,9
2026-06-10 14:14:00+00:00,2026-06-10 14:59:00+00:00,SELL,1647.04,,,1646.72,TRANSITION,0.0001942879347192153,0.002683602098309739,0.005931853506897211,45,1
2026-06-10 14:59:00+00:00,2026-06-10 16:14:00+00:00,BUY,1646.72,,,1651.51,TRANSITION,0.0029088126700349565,0.006601000777302831,0.011131218422075354,75,1
2026-06-10 16:14:00+00:00,2026-06-10 18:29:00+00:00,SELL,1651.51,,,1636.31,TRANSITION,0.009203698433554775,0.0017378035858094218,0.01755968780086103,135,1
2026-06-10 18:29:00+00:00,2026-06-10 18:44:00+00:00,BUY,1636.31,,,1626.63,TRANSITION,-0.005915749460676667,0.006630772897556031,6.111311426313416e-06,15,1
2026-06-10 18:44:00+00:00,2026-06-10 18:59:00+00:00,SELL,1626.63,,,1631.13,TRANSITION,-0.002766455801257815,0.003018510663150104,0.002526696298482216,15,3
2026-06-10 18:59:00+00:00,2026-06-10 19:29:00+00:00,BUY,1631.13,,,1627.41,TRANSITION,-0.002280627540416783,0.004904575355734981,0.0012445359965177346,30,3
2026-06-10 19:29:00+00:00,2026-06-10 19:44:00+00:00,SELL,1627.41,,,1632.22,TRANSITION,-0.002955616593237073,0.003858892350421819,0.00038097344860859786,15,5
2026-06-10 19:44:00+00:00,2026-06-10 20:14:00+00:00,BUY,1632.22,,,1626.87,TRANSITION,-0.0032777444217079415,0.005556848954185059,0.0005330163825954166,30,15
2026-06-10 20:14:00+00:00,2026-06-10 20:29:00+00:00,SELL,1626.87,,,1632.91,TRANSITION,-0.003712650672764383,0.005741085642983241,0.001917793062752335,15,1215
2026-06-10 20:29:00+00:00,2026-06-10 21:14:00+00:00,BUY,1632.91,,,1618.58,TRANSITION,-0.008775743917301109,0.010661947076078952,4.899228983834212e-05,45,2
2026-06-10 21:14:00+00:00,2026-06-10 22:44:00+00:00,SELL,1618.58,,,1620.54,TRANSITION,-0.0012109379826761954,0.003966439718765877,0.009353878090671992,90,5
2026-06-10 22:44:00+00:00,2026-06-10 23:14:00+00:00,BUY,1620.54,,,1612.55,TRANSITION,-0.004930455280338658,0.005411776321473078,0.0,30,3
2026-06-10 23:14:00+00:00,2026-06-10 23:29:00+00:00,SELL,1612.55,,,1622.03,TRANSITION,-0.005878887476357334,0.0061889553812285005,0.001959629158785684,15,5
2026-06-10 23:29:00+00:00,2026-06-10 23:59:00+00:00,BUY,1622.03,,,1621.59,TRANSITION,-0.0002712650197592243,0.0018433691115454147,0.0018865249101434286,30,1
2026-06-10 23:59:00+00:00,2026-06-10 23:59:00+00:00,SELL,1621.59,,,1621.59,SESSION_RESET,0.0,0.0,0.0,0,3
2026-06-11 02:14:00+00:00,2026-06-11 02:44:00+00:00,SELL,1640.62,,,1635.18,TRANSITION,0.003315819629164479,0.0011824797942241682,0.0059245894844630696,30,9
2026-06-11 02:44:00+00:00,2026-06-11 05:29:00+00:00,BUY,1635.18,,,1649.26,TRANSITION,0.008610672831125581,0.0011925292628334773,0.01597377658728696,165,5
2026-06-11 05:29:00+00:00,2026-06-11 05:44:00+00:00,SELL,1649.26,,,1651.68,TRANSITION,-0.0014673247395802194,0.0016795411275359747,0.0007094090683094677,15,3
2026-06-11 05:44:00+00:00,2026-06-11 05:59:00+00:00,BUY,1651.68,,,1647.95,TRANSITION,-0.0022583066937905756,0.002276470018405497,0.00020585101230257563,15,3
2026-06-11 05:59:00+00:00,2026-06-11 06:14:00+00:00,SELL,1647.95,,,1657.03,TRANSITION,-0.005509875906429156,0.005649443247671316,0.0010619254224946144,15,1
2026-06-11 06:14:00+00:00,2026-06-11 06:59:00+00:00,BUY,1657.03,,,1654.82,TRANSITION,-0.0013337115200087123,0.0014483745013668212,0.003687320084729985,45,3
2026-06-11 06:59:00+00:00,2026-06-11 07:29:00+00:00,SELL,1654.82,,,1656.98,TRANSITION,-0.001305277915422875,0.0021029477526256744,0.0015651249078449125,30,5
2026-06-11 07:29:00+00:00,2026-06-11 08:59:00+00:00,BUY,1656.98,,,1659.96,TRANSITION,0.0017984526065492753,0.0031865200545570693,0.0043211143164070065,90,2
2026-06-11 08:59:00+00:00,2026-06-11 09:44:00+00:00,SELL,1659.96,,,1659.9,TRANSITION,3.614544928790177e-05,0.0009699028892261861,0.0021024603002482043,45,4
2026-06-11 09:44:00+00:00,2026-06-11 10:29:00+00:00,BUY,1659.9,,,1656.67,TRANSITION,-0.0019459003554431098,0.0033857461292849675,0.0012651364540031984,45,15
2026-06-11 10:29:00+00:00,2026-06-11 10:59:00+00:00,SELL,1656.67,,,1658.85,TRANSITION,-0.0013158927245618234,0.002963776732843508,0.00012676030832938146,30,2
2026-06-11 10:59:00+00:00,2026-06-11 12:14:00+00:00,BUY,1658.85,,,1661.37,TRANSITION,0.0015191246948186889,0.0014588419688337376,0.008831419356783369,75,4
2026-06-11 12:14:00+00:00,2026-06-11 13:44:00+00:00,SELL,1661.37,,,1650.71,TRANSITION,0.006416391291524378,0.0003009564395649374,0.01158682292325009,90,15
2026-06-11 13:44:00+00:00,2026-06-11 14:14:00+00:00,BUY,1650.71,,,1644.46,TRANSITION,-0.0037862495532225526,0.004670717448855363,0.0053370973702224775,30,1
2026-06-11 14:14:00+00:00,2026-06-11 14:29:00+00:00,SELL,1644.46,,,1649.67,TRANSITION,-0.003168213273658244,0.0033019957919317366,0.0033506439803947744,15,5
2026-06-11 14:29:00+00:00,2026-06-11 14:59:00+00:00,BUY,1649.67,,,1643.04,TRANSITION,-0.004018985615304945,0.004018985615304945,0.003473421957118707,30,2
2026-06-11 14:59:00+00:00,2026-06-11 15:59:00+00:00,SELL,1643.04,,,1645.55,TRANSITION,-0.001527656052195924,0.004741211412990532,0.004169101178303577,60,1
2026-06-11 15:59:00+00:00,2026-06-11 16:29:00+00:00,BUY,1645.55,,,1641.82,TRANSITION,-0.002266719333961301,0.0036583513111117755,0.0024004132356962994,30,1
2026-06-11 16:29:00+00:00,2026-06-11 17:29:00+00:00,SELL,1641.82,,,1654.23,TRANSITION,-0.00755868487410318,0.007710954915886079,0.0055487203225687955,60,6
2026-06-11 17:29:00+00:00,2026-06-11 20:29:00+00:00,BUY,1654.23,,,1670.64,TRANSITION,0.009920023213217074,4.8360868802964065e-05,0.023793547451079897,180,1
2026-06-11 20:29:00+00:00,2026-06-11 21:14:00+00:00,SELL,1670.64,,,1681.71,TRANSITION,-0.006626203131733907,0.007571948474835909,0.002071062586793107,45,2
2026-06-11 21:14:00+00:00,2026-06-11 21:59:00+00:00,BUY,1681.71,,,1677.0,TRANSITION,-0.0028007206950068897,0.0033953535389573924,0.000541115887994871,45,3
2026-06-11 21:59:00+00:00,2026-06-11 22:14:00+00:00,SELL,1677.0,,,1681.02,TRANSITION,-0.0023971377459749443,0.0035539654144305525,0.0002444841979726189,15,5
2026-06-11 22:14:00+00:00,2026-06-11 22:44:00+00:00,BUY,1681.02,,,1676.32,TRANSITION,-0.002795921523836745,0.003039821061022415,0.00130278045472395,30,15
2026-06-11 22:44:00+00:00,2026-06-11 23:44:00+00:00,SELL,1676.32,,,1676.88,TRANSITION,-0.00033406509497003724,0.0017478763004677292,0.0036568197002958156,60,3
2026-06-11 23:44:00+00:00,2026-06-11 23:59:00+00:00,BUY,1676.88,,,1673.46,SESSION_RESET,-0.0020395019321597686,0.0028386050283861802,0.0003697342684031599,15,5
2026-06-12 00:59:00+00:00,2026-06-12 01:59:00+00:00,SELL,1672.74,,,1667.09,TRANSITION,0.003377691691476315,0.0,0.007060272367492824,60,1
2026-06-12 01:59:00+00:00,2026-06-12 03:14:00+00:00,BUY,1667.09,,,1674.02,TRANSITION,0.004156944136189446,0.00013196648051396582,0.00679627374646849,75,1
2026-06-12 03:14:00+00:00,2026-06-12 03:59:00+00:00,SELL,1674.02,,,1673.25,TRANSITION,0.00045997060967012453,0.00023297212697584262,0.0031122686706252234,45,3
2026-06-12 03:59:00+00:00,2026-06-12 04:14:00+00:00,BUY,1673.25,,,1670.46,TRANSITION,-0.0016674137158224794,0.002366651725683572,0.00010159868519352922,15,2
2026-06-12 04:14:00+00:00,2026-06-12 04:29:00+00:00,SELL,1670.46,,,1677.39,TRANSITION,-0.004148557882260014,0.005273996384229461,5.986375010470711e-06,15,3
2026-06-12 04:29:00+00:00,2026-06-12 05:14:00+00:00,BUY,1677.39,,,1667.86,TRANSITION,-0.0056814455791439076,0.006039144146561091,0.0027483173263223816,45,6
2026-06-12 05:14:00+00:00,2026-06-12 07:59:00+00:00,SELL,1667.86,,,1662.12,TRANSITION,0.0034415358603240138,0.0021464631323972966,0.009455230055280409,165,3
2026-06-12 07:59:00+00:00,2026-06-12 10:29:00+00:00,BUY,1662.12,,,1673.01,TRANSITION,0.006551873510937899,0.0,0.014156619257334128,150,4
2026-06-12 10:29:00+00:00,2026-06-12 11:14:00+00:00,SELL,1673.01,,,1676.33,TRANSITION,-0.001984447193979675,0.0030483977979808303,1.7931751752812423e-05,45,5
2026-06-12 11:14:00+00:00,2026-06-12 11:59:00+00:00,BUY,1676.33,,,1673.89,TRANSITION,-0.0014555606592972906,0.0025233695036180337,0.0013004599333067259,45,3
2026-06-12 11:59:00+00:00,2026-06-12 14:14:00+00:00,SELL,1673.89,,,1666.36,TRANSITION,0.004498503485892263,-5.974108214990772e-06,0.01203782805321741,135,2
2026-06-12 14:14:00+00:00,2026-06-12 15:29:00+00:00,BUY,1666.36,,,1682.54,TRANSITION,0.009709786600734575,0.0024244460980820254,0.014828728486041455,75,15
2026-06-12 15:29:00+00:00,2026-06-12 16:14:00+00:00,SELL,1682.54,,,1671.33,TRANSITION,0.006662545912727208,5.943395105014386e-06,0.01495358208422971,45,2
2026-06-12 16:14:00+00:00,2026-06-12 16:44:00+00:00,BUY,1671.33,,,1668.68,TRANSITION,-0.001585563593066518,0.0031053113388737276,0.0026804999611088286,30,3
2026-06-12 16:44:00+00:00,2026-06-12 16:59:00+00:00,SELL,1668.68,,,1672.9,TRANSITION,-0.002528945034398463,0.0025349377951434777,0.001132631780808843,15,3
2026-06-12 16:59:00+00:00,2026-06-12 18:14:00+00:00,BUY,1672.9,,,1667.69,TRANSITION,-0.003114352322314565,0.00549345448024392,0.003108374678701547,75,1
2026-06-12 18:14:00+00:00,2026-06-12 18:44:00+00:00,SELL,1667.69,,,1671.7,TRANSITION,-0.002404523622495782,0.0035258351372256724,0.0024524941685805787,30,1
2026-06-12 18:44:00+00:00,2026-06-12 18:59:00+00:00,BUY,1671.7,,,1666.87,TRANSITION,-0.002889274391338251,0.0030986421008554546,0.00046659089549558693,15,9
2026-06-12 18:59:00+00:00,2026-06-12 20:14:00+00:00,SELL,1666.87,,,1667.53,TRANSITION,-0.00039595169389339415,0.0033595901300042218,0.001613803116019742,75,2
2026-06-12 20:14:00+00:00,2026-06-12 20:44:00+00:00,BUY,1667.53,,,1666.11,TRANSITION,-0.0008515588924937319,0.0014272606789682235,0.00013193165940044693,30,1
2026-06-12 20:44:00+00:00,2026-06-12 21:14:00+00:00,SELL,1666.11,,,1666.96,TRANSITION,-0.0005101703969126508,0.0011403808872163849,0.002454819909849841,30,1
2026-06-12 21:14:00+00:00,2026-06-12 21:44:00+00:00,BUY,1666.96,,,1665.8,TRANSITION,-0.0006958775255555514,0.0009538321255459912,0.0005219081441665611,30,5
2026-06-12 21:44:00+00:00,2026-06-12 23:59:00+00:00,SELL,1665.8,,,1666.41,TRANSITION,-0.00036619041901796574,0.0010145275543282835,0.004070116460559475,135,3
2026-06-12 23:59:00+00:00,2026-06-12 23:59:00+00:00,BUY,1666.41,,,1666.41,SESSION_RESET,0.0,0.0,0.0,0,2
2026-06-13 02:29:00+00:00,2026-06-13 02:59:00+00:00,SELL,1670.07,,,1668.02,TRANSITION,0.0012274934583580057,0.0002454986916716556,0.0026226445598087995,30,1
2026-06-13 02:59:00+00:00,2026-06-13 03:29:00+00:00,BUY,1668.02,,,1664.7,TRANSITION,-0.0019903838083475834,0.0027937314900301448,0.0009292454526923865,30,1
2026-06-13 03:29:00+00:00,2026-06-13 04:44:00+00:00,SELL,1664.7,,,1667.63,TRANSITION,-0.0017600768907311008,0.0021505376344085583,0.0007088364269838791,75,10
2026-06-13 04:44:00+00:00,2026-06-13 04:59:00+00:00,BUY,1667.63,,,1664.51,TRANSITION,-0.0018709186090440433,0.0019009012790607465,0.0002338648261304202,15,15
2026-06-13 04:59:00+00:00,2026-06-13 05:59:00+00:00,SELL,1664.51,,,1665.22,TRANSITION,-0.0004265519582339766,0.0006608551465595936,0.0013877958077752285,60,2
2026-06-13 05:59:00+00:00,2026-06-13 08:59:00+00:00,BUY,1665.22,,,1674.57,TRANSITION,0.005614873710380556,0.0008046984782790972,0.00882766241097275,180,1
2026-06-13 08:59:00+00:00,2026-06-13 09:14:00+00:00,SELL,1674.57,,,1674.95,TRANSITION,-0.00022692392673946693,0.0010331010348925505,5.971682282610405e-06,15,3
2026-06-13 09:14:00+00:00,2026-06-13 09:29:00+00:00,BUY,1674.95,,,1673.76,TRANSITION,-0.0007104689692229944,0.0009671930505388926,0.000632854712080925,15,111
2026-06-13 09:29:00+00:00,2026-06-13 09:44:00+00:00,SELL,1673.76,,,1674.9,TRANSITION,-0.0006811012331517662,0.0008722875442118562,8.961858330948938e-05,15,2
2026-06-13 09:44:00+00:00,2026-06-13 09:59:00+00:00,BUY,1674.9,,,1673.7,TRANSITION,-0.0007164606842199805,0.0011761896232611064,9.552809122924024e-05,15,5
2026-06-13 09:59:00+00:00,2026-06-13 10:14:00+00:00,SELL,1673.7,,,1673.77,TRANSITION,-4.182350480966501e-05,0.0005198064169205298,0.0005377307761248079,15,1
2026-06-13 10:14:00+00:00,2026-06-13 12:14:00+00:00,BUY,1673.77,,,1677.17,TRANSITION,0.0020313424186119305,0.0004958865316022675,0.0031007844566458085,120,205
2026-06-13 12:14:00+00:00,2026-06-13 12:59:00+00:00,SELL,1677.17,,,1680.53,TRANSITION,-0.0020033747324361274,0.003935200367285313,0.00010732364638054798,45,3
2026-06-13 12:59:00+00:00,2026-06-13 13:59:00+00:00,BUY,1680.53,,,1678.02,TRANSITION,-0.0014935764312448995,0.0022849934246933516,0.0006248028895645746,60,1
2026-06-13 13:59:00+00:00,2026-06-13 14:14:00+00:00,SELL,1678.02,,,1680.18,TRANSITION,-0.0012872313798405752,0.00205599456502309,0.00011918809072600177,15,2
2026-06-13 14:14:00+00:00,2026-06-13 14:44:00+00:00,BUY,1680.18,,,1679.5,TRANSITION,-0.00040471854206100755,0.0012617695723077993,0.00048804294777936665,30,95
2026-06-13 14:44:00+00:00,2026-06-13 14:59:00+00:00,SELL,1679.5,,,1679.97,TRANSITION,-0.0002798451920214512,0.0007442691277165823,0.00031557011015181463,15,3
2026-06-13 14:59:00+00:00,2026-06-13 15:44:00+00:00,BUY,1679.97,,,1679.76,TRANSITION,-0.00012500223218273921,0.0008750156252790391,0.003922689095638564,45,5
2026-06-13 15:44:00+00:00,2026-06-13 15:59:00+00:00,SELL,1679.76,,,1682.15,TRANSITION,-0.0014228223079488143,0.0021014906891460524,0.00045244558746487053,15,3
2026-06-13 15:59:00+00:00,2026-06-13 16:14:00+00:00,BUY,1682.15,,,1675.44,TRANSITION,-0.0039889427221116045,0.004446690247599808,0.00019617751092347723,15,2
2026-06-13 16:14:00+00:00,2026-06-13 16:59:00+00:00,SELL,1675.44,,,1676.74,TRANSITION,-0.000775915580384827,0.002948479205462478,0.0023874325550303204,45,1
2026-06-13 16:59:00+00:00,2026-06-13 17:59:00+00:00,BUY,1676.74,,,1674.31,TRANSITION,-0.0014492407886732969,0.0020933478058613683,0.000990016341233633,60,4
2026-06-13 17:59:00+00:00,2026-06-13 18:14:00+00:00,SELL,1674.31,,,1676.77,TRANSITION,-0.0014692619646302276,0.0015946867664889254,6.569870573543726e-05,15,1
2026-06-13 18:14:00+00:00,2026-06-13 19:29:00+00:00,BUY,1676.77,,,1676.89,TRANSITION,7.156616590237077e-05,0.0005427100914258257,0.0034948144348957385,75,1095
2026-06-13 19:29:00+00:00,2026-06-13 19:44:00+00:00,SELL,1676.89,,,1679.61,TRANSITION,-0.0016220503431947234,0.0017770992730589308,0.0001192684075878832,15,3
2026-06-13 19:44:00+00:00,2026-06-13 20:29:00+00:00,BUY,1679.61,,,1676.26,TRANSITION,-0.001994510630443918,0.002060002024279332,0.00023219675996219365,45,1
2026-06-13 20:29:00+00:00,2026-06-13 20:59:00+00:00,SELL,1676.26,,,1676.53,TRANSITION,-0.00016107286459140097,0.0002624891126675185,0.000686051089926438,30,1
2026-06-13 20:59:00+00:00,2026-06-13 21:14:00+00:00,BUY,1676.53,,,1675.41,TRANSITION,-0.0006680465008081518,0.0009662815458118202,0.0004294584648052986,15,10
2026-06-13 21:14:00+00:00,2026-06-13 21:29:00+00:00,SELL,1675.41,,,1676.4,TRANSITION,-0.0005909001378767042,0.0011519568344463959,0.00019696671262565854,15,3
2026-06-13 21:29:00+00:00,2026-06-13 22:59:00+00:00,BUY,1676.4,,,1681.63,TRANSITION,0.003119780481985217,0.0,0.01245526127415884,90,1290
2026-06-13 22:59:00+00:00,2026-06-13 23:59:00+00:00,SELL,1681.63,,,1681.18,TRANSITION,0.00026759750955920473,0.0015282791101490435,0.0020991537972087793,60,2
2026-06-13 23:59:00+00:00,2026-06-13 23:59:00+00:00,BUY,1681.18,,,1681.18,SESSION_RESET,0.0,0.0,0.0,0,2
2026-06-14 01:44:00+00:00,2026-06-14 02:14:00+00:00,SELL,1684.61,,,1685.29,TRANSITION,-0.00040365425825565783,0.0011575379464683492,0.000836988976677008,30,1
2026-06-14 02:14:00+00:00,2026-06-14 02:29:00+00:00,BUY,1685.29,,,1683.07,TRANSITION,-0.0013172807053979003,0.0016911036082810135,0.0002432815717176758,15,5
2026-06-14 02:29:00+00:00,2026-06-14 06:14:00+00:00,SELL,1683.07,,,1681.68,TRANSITION,0.0008258717700391978,0.000552561687868041,0.005388961837594359,225,2
2026-06-14 06:14:00+00:00,2026-06-14 06:44:00+00:00,BUY,1681.68,,,1676.84,TRANSITION,-0.0028780743066458216,0.00307430664573526,0.0,30,5
2026-06-14 06:44:00+00:00,2026-06-14 07:59:00+00:00,SELL,1676.84,,,1675.91,TRANSITION,0.0005546146322844376,0.000423415471959183,0.0018606426373416014,75,27
2026-06-14 07:59:00+00:00,2026-06-14 08:59:00+00:00,BUY,1675.91,,,1675.58,TRANSITION,-0.00019690794851761408,0.0007040950886384493,0.0017960391667810268,60,2
2026-06-14 08:59:00+00:00,2026-06-14 09:44:00+00:00,SELL,1675.58,,,1677.53,TRANSITION,-0.0011637761252820192,0.0012592654483821288,0.003837477172083599,45,2
2026-06-14 09:44:00+00:00,2026-06-14 10:14:00+00:00,BUY,1677.53,,,1675.97,TRANSITION,-0.0009299386598152912,0.001263762794107939,0.0008762883525183021,30,3
2026-06-14 10:14:00+00:00,2026-06-14 11:29:00+00:00,SELL,1675.97,,,1674.94,TRANSITION,0.000614569473200578,0.0015394070299587267,0.0021539765031594405,75,15
2026-06-14 11:29:00+00:00,2026-06-14 11:59:00+00:00,BUY,1674.94,,,1673.73,TRANSITION,-0.0007224139372156832,0.0007761472052729975,0.0013194502489641637,30,1
2026-06-14 11:59:00+00:00,2026-06-14 16:14:00+00:00,SELL,1673.73,,,1665.38,TRANSITION,0.004988857223088497,0.0005078477412724328,0.01125032113901282,255,2
2026-06-14 16:14:00+00:00,2026-06-14 16:59:00+00:00,BUY,1665.38,,,1661.38,TRANSITION,-0.0024018542314666923,0.0036147906183574973,0.0019154787495945832,45,5
2026-06-14 16:59:00+00:00,2026-06-14 17:14:00+00:00,SELL,1661.38,,,1664.75,TRANSITION,-0.002028434193260958,0.0021789115073010934,0.00027687825783387083,15,6
2026-06-14 17:14:00+00:00,2026-06-14 17:44:00+00:00,BUY,1664.75,,,1664.37,TRANSITION,-0.00022826250187722429,0.0018741552785702903,0.001063222706112018,30,3
2026-06-14 17:44:00+00:00,2026-06-14 18:59:00+00:00,SELL,1664.37,,,1662.08,TRANSITION,0.0013758959846668492,0.000504695470358241,0.0032564874396918027,75,213
2026-06-14 18:59:00+00:00,2026-06-14 19:59:00+00:00,BUY,1662.08,,,1665.43,TRANSITION,0.0020155467847517185,0.0005715729688100562,0.0035196861763574176,60,1
2026-06-14 19:59:00+00:00,2026-06-14 20:29:00+00:00,SELL,1665.43,,,1667.17,TRANSITION,-0.0010447752232156315,0.001543145013600053,0.0016572296644109875,30,2
2026-06-14 20:29:00+00:00,2026-06-14 23:59:00+00:00,BUY,1667.17,,,1725.62,SESSION_RESET,0.035059412057558505,0.0,0.03905420562989971,210,6
2026-06-15 00:44:00+00:00,2026-06-15 01:44:00+00:00,SELL,1720.99,,,1721.8,TRANSITION,-0.0004706593298043251,0.0007553791712909166,0.006583420008251023,60,5
2026-06-15 01:44:00+00:00,2026-06-15 02:44:00+00:00,BUY,1721.8,,,1719.76,TRANSITION,-0.0011848065977465231,0.004396561737716307,0.002996863747241307,60,3
2026-06-15 02:44:00+00:00,2026-06-15 03:14:00+00:00,SELL,1719.76,,,1722.99,TRANSITION,-0.0018781690468437562,0.002174722054240132,0.002448016002232891,30,3
2026-06-15 03:14:00+00:00,2026-06-15 03:59:00+00:00,BUY,1722.99,,,1720.78,TRANSITION,-0.001282653991027247,0.0019210790544344108,0.0006848559771095965,45,5
2026-06-15 03:59:00+00:00,2026-06-15 05:14:00+00:00,SELL,1720.78,,,1717.9,TRANSITION,0.0016736596194748207,0.0,0.0028068666534943033,75,2
2026-06-15 05:14:00+00:00,2026-06-15 05:44:00+00:00,BUY,1717.9,,,1717.28,TRANSITION,-0.00036090575702899945,0.0004715059083766068,0.002753361662494917,30,5
2026-06-15 05:44:00+00:00,2026-06-15 05:59:00+00:00,SELL,1717.28,,,1720.66,TRANSITION,-0.001968228826982268,0.0020905152333922936,5.240845989001103e-05,15,15
2026-06-15 05:59:00+00:00,2026-06-15 06:44:00+00:00,BUY,1720.66,,,1719.2,TRANSITION,-0.0008485116176351146,0.0014006253414387978,0.0015284832564247915,45,3
2026-06-15 06:44:00+00:00,2026-06-15 08:14:00+00:00,SELL,1719.2,,,1719.83,TRANSITION,-0.00036644951140058266,0.002675663099115815,0.002093997208003802,90,9
2026-06-15 08:14:00+00:00,2026-06-15 09:14:00+00:00,BUY,1719.83,,,1719.99,TRANSITION,9.30324508818208e-05,0.0018722780739957015,0.0012094218614631415,60,1
2026-06-15 09:14:00+00:00,2026-06-15 09:59:00+00:00,SELL,1719.99,,,1718.65,TRANSITION,0.0007790742969435392,0.004040721166983555,0.004546538061267761,45,5
2026-06-15 09:59:00+00:00,2026-06-15 18:59:00+00:00,BUY,1718.65,,,1828.13,TRANSITION,0.06370116079480989,0.00022110377331051065,0.07615861286474841,540,3
2026-06-15 18:59:00+00:00,2026-06-15 19:14:00+00:00,SELL,1828.13,,,1832.57,TRANSITION,-0.0024287113060886406,0.0026639243379846566,0.0011268345248971203,15,1
2026-06-15 19:14:00+00:00,2026-06-15 19:29:00+00:00,BUY,1832.57,,,1819.09,TRANSITION,-0.0073557899561817654,0.011410205340041502,0.0010204248678086613,15,7
2026-06-15 19:29:00+00:00,2026-06-15 19:44:00+00:00,SELL,1819.09,,,1829.51,TRANSITION,-0.005728138794672101,0.006167919124397379,0.00023638192722725995,15,2
2026-06-15 19:44:00+00:00,2026-06-15 20:44:00+00:00,BUY,1829.51,,,1819.23,TRANSITION,-0.005618990877338726,0.006105459931894372,0.0004372755546566865,60,1
2026-06-15 20:44:00+00:00,2026-06-15 21:14:00+00:00,SELL,1819.23,,,1820.34,TRANSITION,-0.0006101482495340885,0.0016050746744502194,0.002215222923984308,30,3
2026-06-15 21:14:00+00:00,2026-06-15 21:29:00+00:00,BUY,1820.34,,,1815.18,TRANSITION,-0.002834635287913167,0.002840128767153304,2.7467396200809685e-05,15,5
2026-06-15 21:29:00+00:00,2026-06-15 23:44:00+00:00,SELL,1815.18,,,1791.05,TRANSITION,0.013293447481792498,0.0017408741832765093,0.01782743309203502,135,1
2026-06-15 23:44:00+00:00,2026-06-15 23:59:00+00:00,BUY,1791.05,,,1796.13,SESSION_RESET,0.0028363250607186595,0.0002121660478489611,0.003645906032774056,15,1
2026-06-16 00:44:00+00:00,2026-06-16 00:59:00+00:00,BUY,1798.64,,,1789.6,TRANSITION,-0.005026019659298242,0.005359605034915325,0.0,15,1
2026-06-16 00:59:00+00:00,2026-06-16 01:29:00+00:00,SELL,1789.6,,,1795.81,TRANSITION,-0.0034700491729995737,0.0038332588287886275,0.0002626285203396289,30,3
2026-06-16 01:29:00+00:00,2026-06-16 01:59:00+00:00,BUY,1795.81,,,1792.27,TRANSITION,-0.001971255310973858,0.002405599701527409,0.0008965313702452527,30,3
2026-06-16 01:59:00+00:00,2026-06-16 03:29:00+00:00,SELL,1792.27,,,1778.07,TRANSITION,0.007922913400324753,0.001021051515675611,0.015304613702176605,90,4
2026-06-16 03:29:00+00:00,2026-06-16 04:14:00+00:00,BUY,1778.07,,,1777.02,TRANSITION,-0.0005905279319711567,0.0011641836373145807,0.002952639659855911,45,5
2026-06-16 04:14:00+00:00,2026-06-16 06:14:00+00:00,SELL,1777.02,,,1765.93,TRANSITION,0.0062407851346636045,0.0,0.010703312286862264,120,3
2026-06-16 06:14:00+00:00,2026-06-16 07:14:00+00:00,BUY,1765.93,,,1769.64,TRANSITION,0.002100876025663552,0.0011948378474798702,0.004671759356259874,60,1
2026-06-16 07:14:00+00:00,2026-06-16 07:59:00+00:00,SELL,1769.64,,,1774.24,TRANSITION,-0.002599398747767856,0.003859542053751004,0.00035035374426443694,45,3
2026-06-16 07:59:00+00:00,2026-06-16 10:59:00+00:00,BUY,1774.24,,,1793.95,TRANSITION,0.01110898187392914,0.0005579853909279518,0.01901095680404005,180,2
2026-06-16 10:59:00+00:00,2026-06-16 11:14:00+00:00,SELL,1793.95,,,1794.93,TRANSITION,-0.0005462805540845722,0.0033724462777669135,0.00010033724462781217,15,2
2026-06-16 11:14:00+00:00,2026-06-16 11:29:00+00:00,BUY,1794.93,,,1793.44,TRANSITION,-0.0008301159376688835,0.002356637863315014,0.0022173566657195647,15,225
2026-06-16 11:29:00+00:00,2026-06-16 11:44:00+00:00,SELL,1793.44,,,1795.84,TRANSITION,-0.0013382103666695643,0.0013382103666695643,0.0010705682933357529,15,2
2026-06-16 11:44:00+00:00,2026-06-16 13:29:00+00:00,BUY,1795.84,,,1801.9,TRANSITION,0.003374465431218913,0.002377717391304338,0.024462090163934462,105,3
2026-06-16 13:29:00+00:00,2026-06-16 16:29:00+00:00,SELL,1801.9,,,1779.35,TRANSITION,0.012514567956046496,0.00345191187080293,0.0213885343248794,180,1
2026-06-16 16:29:00+00:00,2026-06-16 16:59:00+00:00,BUY,1779.35,,,1777.89,TRANSITION,-0.0008205243487789413,0.0031753168291791182,0.0007193638126283194,30,1
2026-06-16 16:59:00+00:00,2026-06-16 17:59:00+00:00,SELL,1777.89,,,1795.1,TRANSITION,-0.009680013949119354,0.012126734499884663,0.00028685689215867733,60,170
2026-06-16 17:59:00+00:00,2026-06-16 20:14:00+00:00,BUY,1795.1,,,1794.55,TRANSITION,-0.0003063896161773464,0.0031028912038326205,0.00743134087237488,135,15
2026-06-16 20:14:00+00:00,2026-06-16 20:44:00+00:00,SELL,1794.55,,,1798.16,TRANSITION,-0.002011646373742792,0.002184391630213743,0.002713772254882779,30,1
2026-06-16 20:44:00+00:00,2026-06-16 21:29:00+00:00,BUY,1798.16,,,1794.09,TRANSITION,-0.0022634248342751277,0.00263046669929262,0.001290207767940526,45,3
2026-06-16 21:29:00+00:00,2026-06-16 21:44:00+00:00,SELL,1794.09,,,1794.86,TRANSITION,-0.0004291869415692534,0.0004291869415692534,0.001961997447173766,15,5
2026-06-16 21:44:00+00:00,2026-06-16 22:44:00+00:00,BUY,1794.86,,,1792.31,TRANSITION,-0.0014207236218980615,0.0019388698840019784,0.0025795883801522732,60,3
2026-06-16 22:44:00+00:00,2026-06-16 22:59:00+00:00,SELL,1792.31,,,1796.21,TRANSITION,-0.002175962863567179,0.0024047179338395398,0.0007141621706066321,15,1
2026-06-16 22:59:00+00:00,2026-06-16 23:44:00+00:00,BUY,1796.21,,,1793.58,TRANSITION,-0.0014641940530339488,0.0022770166071896633,0.0014920304418748719,45,3
2026-06-16 23:44:00+00:00,2026-06-16 23:59:00+00:00,SELL,1793.58,,,1792.99,SESSION_RESET,0.00032895103647449136,0.0001616877975891589,0.001293502380713398,15,3
2026-06-17 00:44:00+00:00,2026-06-17 01:29:00+00:00,BUY,1797.35,,,1785.79,TRANSITION,-0.00643169110078724,0.010215038807132667,0.0009235819400784945,45,15
2026-06-17 01:29:00+00:00,2026-06-17 01:59:00+00:00,SELL,1785.79,,,1797.76,TRANSITION,-0.0067029157963702495,0.0074644835058993095,0.0019431176118132744,30,15
2026-06-17 01:59:00+00:00,2026-06-17 02:44:00+00:00,BUY,1797.76,,,1794.6,TRANSITION,-0.0017577429690281694,0.004995105019579932,0.00692528479886083,45,2
2026-06-17 02:44:00+00:00,2026-06-17 02:59:00+00:00,SELL,1794.6,,,1795.59,TRANSITION,-0.0005516549648946892,0.0009695753928452074,0.001560236264348576,15,3
2026-06-17 02:59:00+00:00,2026-06-17 03:14:00+00:00,BUY,1795.59,,,1791.31,TRANSITION,-0.0023836176409982083,0.0023891868410939937,0.0,15,2
2026-06-17 03:14:00+00:00,2026-06-17 03:44:00+00:00,SELL,1791.31,,,1793.33,TRANSITION,-0.001127666344742106,0.003377416527569184,0.002043197436512862,30,3
2026-06-17 03:44:00+00:00,2026-06-17 04:59:00+00:00,BUY,1793.33,,,1794.3,TRANSITION,0.0005408931986862582,0.0009925669006819564,0.004717480887510964,75,15
2026-06-17 04:59:00+00:00,2026-06-17 05:29:00+00:00,SELL,1794.3,,,1793.71,TRANSITION,0.00032881903806493797,0.002870200078024907,0.00288134648609477,30,3
2026-06-17 05:29:00+00:00,2026-06-17 06:29:00+00:00,BUY,1793.71,,,1788.84,TRANSITION,-0.0027150431229129115,0.00284326897882051,0.00210736406665513,60,1
2026-06-17 06:29:00+00:00,2026-06-17 07:14:00+00:00,SELL,1788.84,,,1791.5,TRANSITION,-0.0014869971601708827,0.0021131012276111743,0.0015373090941615797,45,2
2026-06-17 07:14:00+00:00,2026-06-17 07:29:00+00:00,BUY,1791.5,,,1785.37,TRANSITION,-0.00342171364778125,0.0044041306168016185,0.00046888082612331464,15,5
2026-06-17 07:29:00+00:00,2026-06-17 13:14:00+00:00,SELL,1785.37,,,1761.57,TRANSITION,0.013330570133921795,0.0016971272061254532,0.023765381965642887,345,10
2026-06-17 13:14:00+00:00,2026-06-17 13:29:00+00:00,BUY,1761.57,,,1758.51,TRANSITION,-0.0017370868032493432,0.0038885766674045933,0.0,15,3
2026-06-17 13:29:00+00:00,2026-06-17 13:44:00+00:00,SELL,1758.51,,,1766.98,TRANSITION,-0.004816577670869103,0.006875138611665511,0.0019675748218662597,15,2
2026-06-17 13:44:00+00:00,2026-06-17 14:14:00+00:00,BUY,1766.98,,,1761.38,TRANSITION,-0.0031692492274954494,0.007113832641003258,0.0027900711949201823,30,11
2026-06-17 14:14:00+00:00,2026-06-17 15:29:00+00:00,SELL,1761.38,,,1763.42,TRANSITION,-0.0011581827884953636,0.002350429776652325,0.01154208631868203,75,3
2026-06-17 15:29:00+00:00,2026-06-17 16:59:00+00:00,BUY,1763.42,,,1772.02,TRANSITION,0.004876886958296894,0.001168184550475878,0.016054031370858868,90,6
2026-06-17 16:59:00+00:00,2026-06-17 17:29:00+00:00,SELL,1772.02,,,1777.92,TRANSITION,-0.0033295335267096824,0.004238101150099881,0.0025281881694337637,30,1
2026-06-17 17:29:00+00:00,2026-06-17 18:14:00+00:00,BUY,1777.92,,,1764.97,TRANSITION,-0.007283792296616296,0.017717332613390927,0.010214182865370689,45,5
2026-06-17 18:14:00+00:00,2026-06-17 18:44:00+00:00,SELL,1764.97,,,1785.12,TRANSITION,-0.011416624645178028,0.013609296475294188,0.0018640543465327816,30,15
2026-06-17 18:44:00+00:00,2026-06-17 19:29:00+00:00,BUY,1785.12,,,1741.1,TRANSITION,-0.02465940665053329,0.027213856771533526,0.0005377789728421823,45,3
2026-06-17 19:29:00+00:00,2026-06-17 20:59:00+00:00,SELL,1741.1,,,1747.36,TRANSITION,-0.0035954281775888754,0.004755614266842916,0.006800298661765504,90,1
2026-06-17 20:59:00+00:00,2026-06-17 21:29:00+00:00,BUY,1747.36,,,1743.86,TRANSITION,-0.002003021701309404,0.002958749198791231,0.00037198974452894135,30,2
2026-06-17 21:29:00+00:00,2026-06-17 22:29:00+00:00,SELL,1743.86,,,1743.59,TRANSITION,0.00015482894269034316,0.0012271627309532302,0.01062011858750128,60,129
2026-06-17 22:29:00+00:00,2026-06-17 22:59:00+00:00,BUY,1743.59,,,1740.31,TRANSITION,-0.0018811761939446618,0.002024558525800201,0.0017263232755406895,30,5
2026-06-17 22:59:00+00:00,2026-06-17 23:29:00+00:00,SELL,1740.31,,,1750.14,TRANSITION,-0.005648418959840577,0.006521826571128211,0.00012066815682265595,30,1
2026-06-17 23:29:00+00:00,2026-06-17 23:59:00+00:00,BUY,1750.14,,,1750.6,SESSION_RESET,0.0002628361159677563,0.0018798496120311465,0.0003428297164797725,30,10
2026-06-18 01:44:00+00:00,2026-06-18 02:29:00+00:00,SELL,1757.49,,,1757.72,TRANSITION,-0.00013086845444356337,0.0008591798530859299,0.004068301953353982,45,3
2026-06-18 02:29:00+00:00,2026-06-18 02:59:00+00:00,BUY,1757.72,,,1755.85,TRANSITION,-0.0010638782058576554,0.0016498645973193062,0.0005006485674623271,30,6
2026-06-18 02:59:00+00:00,2026-06-18 05:59:00+00:00,SELL,1755.85,,,1730.97,TRANSITION,0.014169775322493312,0.00023350513996074943,0.019141726229461458,180,2
2026-06-18 05:59:00+00:00,2026-06-18 08:59:00+00:00,BUY,1730.97,,,1747.67,TRANSITION,0.009647769747598194,0.0031427465525110513,0.013079371681773729,180,4
2026-06-18 08:59:00+00:00,2026-06-18 09:44:00+00:00,SELL,1747.67,,,1747.08,TRANSITION,0.00033759233722621863,0.002403199688728317,0.002941058666681982,45,2
2026-06-18 09:44:00+00:00,2026-06-18 10:14:00+00:00,BUY,1747.08,,,1741.3,TRANSITION,-0.003308377406873167,0.0033427204249375634,0.001139043432470184,30,3
2026-06-18 10:14:00+00:00,2026-06-18 10:59:00+00:00,SELL,1741.3,,,1746.9,TRANSITION,-0.003215988054901589,0.00662723252742202,0.001056681789467592,45,3
2026-06-18 10:59:00+00:00,2026-06-18 11:44:00+00:00,BUY,1746.9,,,1743.34,TRANSITION,-0.002037895700956078,0.004459327952372884,0.0014253821054439344,45,2
2026-06-18 11:44:00+00:00,2026-06-18 12:14:00+00:00,SELL,1743.34,,,1745.27,TRANSITION,-0.0011070703362511408,0.0021854600938429527,0.0021911962095746878,30,705
2026-06-18 12:14:00+00:00,2026-06-18 13:44:00+00:00,BUY,1745.27,,,1731.53,TRANSITION,-0.007872707374790152,0.008021681459029262,0.0044634927547026896,90,5
2026-06-18 13:44:00+00:00,2026-06-18 14:59:00+00:00,SELL,1731.53,,,1739.79,TRANSITION,-0.0047703476116498075,0.00804490826032472,0.0014149336136249707,75,3
2026-06-18 14:59:00+00:00,2026-06-18 15:14:00+00:00,BUY,1739.79,,,1732.84,TRANSITION,-0.003994734996752508,0.004471804068307079,0.00017243460417634,15,2
2026-06-18 15:14:00+00:00,2026-06-18 19:29:00+00:00,SELL,1732.84,,,1691.68,TRANSITION,0.02375291429099043,0.0011945707624478681,0.035231181182336486,255,3
2026-06-18 19:29:00+00:00,2026-06-18 20:59:00+00:00,BUY,1691.68,,,1710.47,TRANSITION,0.011107301617327132,0.0008098458337274887,0.015103329234843442,90,3
2026-06-18 20:59:00+00:00,2026-06-18 21:59:00+00:00,SELL,1710.47,,,1708.39,TRANSITION,0.001216040035779597,0.0008711056025536894,0.005162323805737562,60,2
2026-06-18 21:59:00+00:00,2026-06-18 22:29:00+00:00,BUY,1708.39,,,1703.49,TRANSITION,-0.0028681975427157095,0.0037462171986490734,9.95088943390241e-05,30,5
2026-06-18 22:29:00+00:00,2026-06-18 22:44:00+00:00,SELL,1703.49,,,1704.79,TRANSITION,-0.0007631392024608037,0.0007631392024608037,0.0019371995139390043,15,15
2026-06-18 22:44:00+00:00,2026-06-18 23:14:00+00:00,BUY,1704.79,,,1702.96,TRANSITION,-0.0010734459962810242,0.0010734459962810242,0.0021116970418644737,30,3
2026-06-18 23:14:00+00:00,2026-06-18 23:29:00+00:00,SELL,1702.96,,,1709.09,TRANSITION,-0.0035996147883684184,0.004004791656879748,0.0,15,1
2026-06-18 23:29:00+00:00,2026-06-18 23:59:00+00:00,BUY,1709.09,,,1711.11,SESSION_RESET,0.00118191552229548,0.00036276615040746295,0.0019250010239368267,30,2
2026-06-19 01:14:00+00:00,2026-06-19 01:59:00+00:00,SELL,1711.92,,,1713.5,TRANSITION,-0.0009229403243141778,0.002844759100892501,0.0033471190242534803,45,5
2026-06-19 01:59:00+00:00,2026-06-19 02:29:00+00:00,BUY,1713.5,,,1704.09,TRANSITION,-0.005491683688357211,0.005491683688357211,0.0009979573971403773,30,2
2026-06-19 02:29:00+00:00,2026-06-19 02:59:00+00:00,SELL,1704.09,,,1707.15,TRANSITION,-0.0017956798056441695,0.0023472938635870173,0.0016431057045108853,30,1
2026-06-19 02:59:00+00:00,2026-06-19 03:14:00+00:00,BUY,1707.15,,,1695.39,TRANSITION,-0.006888674105966078,0.007240137070556265,0.000661921916644631,15,9
2026-06-19 03:14:00+00:00,2026-06-19 04:14:00+00:00,SELL,1695.39,,,1700.12,TRANSITION,-0.0027899185438157535,0.003963689770495166,0.007691445626080247,60,3
2026-06-19 04:14:00+00:00,2026-06-19 04:29:00+00:00,BUY,1700.12,,,1694.91,TRANSITION,-0.003064489565442327,0.003270357386537389,0.001676352257487787,15,5
2026-06-19 04:29:00+00:00,2026-06-19 05:14:00+00:00,SELL,1694.91,,,1697.31,TRANSITION,-0.0014160043896135272,0.0014632045359340721,0.005256916296440567,45,2
2026-06-19 05:14:00+00:00,2026-06-19 05:44:00+00:00,BUY,1697.31,,,1695.7,TRANSITION,-0.0009485597798869387,0.003428955229156687,0.0,30,7
2026-06-19 05:44:00+00:00,2026-06-19 05:59:00+00:00,SELL,1695.7,,,1697.51,TRANSITION,-0.00106740579111868,0.001208940260659288,0.0005307542607773137,15,345
2026-06-19 05:59:00+00:00,2026-06-19 07:14:00+00:00,BUY,1697.51,,,1696.13,TRANSITION,-0.0008129554465068729,0.0008188464280034286,0.0034697881013956325,75,2
2026-06-19 07:14:00+00:00,2026-06-19 07:59:00+00:00,SELL,1696.13,,,1695.82,TRANSITION,0.0001827690094510284,0.0021755407899157653,0.003561047797043971,45,1
2026-06-19 07:59:00+00:00,2026-06-19 08:44:00+00:00,BUY,1695.82,,,1695.93,TRANSITION,6.486537486297327e-05,0.0012737200882168241,0.0019400643936266608,45,2
2026-06-19 08:44:00+00:00,2026-06-19 08:59:00+00:00,SELL,1695.93,,,1697.94,TRANSITION,-0.001185190426491654,0.0014328421574002679,9.434351653669777e-05,15,5
2026-06-19 08:59:00+00:00,2026-06-19 09:14:00+00:00,BUY,1697.94,,,1692.01,TRANSITION,-0.003492467342780112,0.004440675171089652,0.0011072240479639338,15,1
2026-06-19 09:14:00+00:00,2026-06-19 10:59:00+00:00,SELL,1692.01,,,1692.61,TRANSITION,-0.0003546078332869836,0.0017848594275447437,0.0029314247551728632,105,5
2026-06-19 10:59:00+00:00,2026-06-19 11:59:00+00:00,BUY,1692.61,,,1691.74,TRANSITION,-0.0005139990901624656,0.0022273293907042863,0.0009630097896149197,60,1
2026-06-19 11:59:00+00:00,2026-06-19 12:59:00+00:00,SELL,1691.74,,,1695.36,TRANSITION,-0.002139808717651584,0.0025890503268823114,0.007465686216558165,60,6
2026-06-19 12:59:00+00:00,2026-06-19 13:29:00+00:00,BUY,1695.36,,,1691.4,TRANSITION,-0.002335787089467611,0.004488722159305339,0.0023239901849754947,30,2
2026-06-19 13:29:00+00:00,2026-06-19 13:44:00+00:00,SELL,1691.4,,,1701.16,TRANSITION,-0.005770367742698351,0.006858223956485697,0.0005380158448622926,15,15
2026-06-19 13:44:00+00:00,2026-06-19 15:29:00+00:00,BUY,1701.16,,,1699.56,TRANSITION,-0.0009405346939736041,0.0027334289543606075,0.006131110536339812,105,1
2026-06-19 15:29:00+00:00,2026-06-19 15:44:00+00:00,SELL,1699.56,,,1708.94,TRANSITION,-0.005519075525430176,0.007354844783355692,5.8838758266792026e-06,15,10
2026-06-19 15:44:00+00:00,2026-06-19 16:59:00+00:00,BUY,1708.94,,,1696.8,TRANSITION,-0.007103818741442122,0.008104439008976404,0.0016501457043547089,75,5
2026-06-19 16:59:00+00:00,2026-06-19 17:44:00+00:00,SELL,1696.8,,,1702.05,TRANSITION,-0.003094059405940594,0.0033180103724658825,0.0018269684111267735,45,5
2026-06-19 17:44:00+00:00,2026-06-19 18:29:00+00:00,BUY,1702.05,,,1703.23,TRANSITION,0.0006932816309744507,0.0010340471784025093,0.0024676125848242096,45,3
2026-06-19 18:29:00+00:00,2026-06-19 18:59:00+00:00,SELL,1703.23,,,1702.7,TRANSITION,0.0003111734762774098,0.000563634975898755,0.0028945004491466586,30,3
2026-06-19 18:59:00+00:00,2026-06-19 21:29:00+00:00,BUY,1702.7,,,1704.79,TRANSITION,0.0012274622658130722,0.002672226463851503,0.003917307805250393,150,2
2026-06-19 21:29:00+00:00,2026-06-19 22:14:00+00:00,SELL,1704.79,,,1703.01,TRANSITION,0.001044116870699601,0.0004809976595357413,0.0025457681004698047,45,2
2026-06-19 22:14:00+00:00,2026-06-19 22:59:00+00:00,BUY,1703.01,,,1707.61,TRANSITION,0.002701099817382111,0.0001233110786196419,0.004327631663936277,45,1
2026-06-19 22:59:00+00:00,2026-06-19 23:29:00+00:00,SELL,1707.61,,,1707.94,TRANSITION,-0.0001932525576684106,0.00039236125344784396,0.0015987257043468888,30,3
2026-06-19 23:29:00+00:00,2026-06-19 23:59:00+00:00,BUY,1707.94,,,1711.19,SESSION_RESET,0.0019028771502511796,0.0008021359064136434,0.004133634671007146,30,5
2026-06-20 00:59:00+00:00,2026-06-20 01:29:00+00:00,SELL,1708.8,,,1709.21,TRANSITION,-0.00023993445692888687,0.0010007022471910326,0.0012757490636704492,30,2
2026-06-20 01:29:00+00:00,2026-06-20 02:14:00+00:00,BUY,1709.21,,,1707.31,TRANSITION,-0.0011116246687066487,0.0013573522270522267,0.002428022302701168,45,1
2026-06-20 02:14:00+00:00,2026-06-20 03:14:00+00:00,SELL,1707.31,,,1706.7,TRANSITION,0.00035728719447546137,0.000527145041029509,0.0019035793148285901,60,9
2026-06-20 03:14:00+00:00,2026-06-20 07:59:00+00:00,BUY,1706.7,,,1725.82,TRANSITION,0.01120290619323835,0.00021093338020749242,0.015931329466221396,285,3
2026-06-20 07:59:00+00:00,2026-06-20 09:14:00+00:00,SELL,1725.82,,,1725.75,TRANSITION,4.0560429245191466e-05,0.0007127046853090231,0.0026480165950098717,75,1
2026-06-20 09:14:00+00:00,2026-06-20 11:29:00+00:00,BUY,1725.75,,,1726.61,TRANSITION,0.0004983340576560336,0.0012979863827321508,0.002462697377951615,135,15
2026-06-20 11:29:00+00:00,2026-06-20 11:44:00+00:00,SELL,1726.61,,,1727.92,TRANSITION,-0.0007587121585072325,0.0009787966014328973,0.00028958479332333304,15,2
2026-06-20 11:44:00+00:00,2026-06-20 12:44:00+00:00,BUY,1727.92,,,1725.49,TRANSITION,-0.0014063151071809247,0.0021470901430621996,0.002222325107643825,60,3
2026-06-20 12:44:00+00:00,2026-06-20 12:59:00+00:00,SELL,1725.49,,,1726.86,TRANSITION,-0.0007939773629519098,0.000892500101420445,0.0010895455783575152,15,3
2026-06-20 12:59:00+00:00,2026-06-20 13:14:00+00:00,BUY,1726.86,,,1724.2,TRANSITION,-0.0015403680668959004,0.0015403680668959004,0.00020268000880218224,15,3
2026-06-20 13:14:00+00:00,2026-06-20 14:44:00+00:00,SELL,1724.2,,,1719.92,TRANSITION,0.002482310636817059,0.0009917642964853476,0.009331864052894179,90,1
2026-06-20 14:44:00+00:00,2026-06-20 16:29:00+00:00,BUY,1719.92,,,1733.45,TRANSITION,0.007866644960230693,0.0005639797199869919,0.017227545467230966,105,3
2026-06-20 16:29:00+00:00,2026-06-20 16:59:00+00:00,SELL,1733.45,,,1733.92,TRANSITION,-0.0002711355966425494,0.0007211053102195045,0.0014710548328477628,30,6
2026-06-20 16:59:00+00:00,2026-06-20 17:14:00+00:00,BUY,1733.92,,,1730.79,TRANSITION,-0.0018051582541294344,0.0026760173479745894,5.767278767181245e-06,15,2
2026-06-20 17:14:00+00:00,2026-06-20 18:29:00+00:00,SELL,1730.79,,,1729.7,TRANSITION,0.0006297702205350841,0.0006991027218784696,0.0056390434425897945,75,9
2026-06-20 18:29:00+00:00,2026-06-20 18:59:00+00:00,BUY,1729.7,,,1726.63,TRANSITION,-0.0017748742556512322,0.0021390992657686564,0.00046250794935535325,30,5
2026-06-20 18:59:00+00:00,2026-06-20 19:14:00+00:00,SELL,1726.63,,,1727.87,TRANSITION,-0.0007181619686903284,0.0011293676120534325,0.0008050364003869387,15,6
2026-06-20 19:14:00+00:00,2026-06-20 20:29:00+00:00,BUY,1727.87,,,1728.99,TRANSITION,0.0006481969129622705,0.0015105303060993593,0.0018288412901434031,75,1
2026-06-20 20:29:00+00:00,2026-06-20 20:59:00+00:00,SELL,1728.99,,,1730.98,TRANSITION,-0.0011509609656504716,0.0013591750096876843,0.0014227959675880348,30,1
2026-06-20 20:59:00+00:00,2026-06-20 23:29:00+00:00,BUY,1730.98,,,1740.99,TRANSITION,0.005782851332771026,0.00034662445551069857,0.008775375798680547,150,7
2026-06-20 23:29:00+00:00,2026-06-20 23:44:00+00:00,SELL,1740.99,,,1742.23,TRANSITION,-0.000712238439049052,0.001166003251023827,0.0002699613438331221,15,3
2026-06-20 23:44:00+00:00,2026-06-20 23:59:00+00:00,BUY,1742.23,,,1741.08,SESSION_RESET,-0.0006600735838552263,0.0008781848550420856,0.0,15,95
2026-06-21 01:14:00+00:00,2026-06-21 03:14:00+00:00,SELL,1735.4,,,1736.54,TRANSITION,-0.0006569090699549802,0.0026506857208712163,0.0010890860896623834,120,1
2026-06-21 03:14:00+00:00,2026-06-21 04:14:00+00:00,BUY,1736.54,,,1736.26,TRANSITION,-0.00016124016722907203,0.0008695451875568608,0.0028274615039101214,60,1
2026-06-21 04:14:00+00:00,2026-06-21 04:29:00+00:00,SELL,1736.26,,,1739.16,TRANSITION,-0.0016702567587804193,0.002407473535069669,5.759506064754648e-06,15,5
2026-06-21 04:29:00+00:00,2026-06-21 04:59:00+00:00,BUY,1739.16,,,1732.85,TRANSITION,-0.0036281883207986455,0.00432967639550126,0.0012937280066238873,30,3
2026-06-21 04:59:00+00:00,2026-06-21 05:29:00+00:00,SELL,1732.85,,,1735.08,TRANSITION,-0.0012868973079031758,0.0014715641861674017,0.0017601061834549758,30,2
2026-06-21 05:29:00+00:00,2026-06-21 05:59:00+00:00,BUY,1735.08,,,1733.47,TRANSITION,-0.0009279111049634022,0.0017751342877561423,0.0006858473384512844,30,2
2026-06-21 05:59:00+00:00,2026-06-21 06:14:00+00:00,SELL,1733.47,,,1734.7,TRANSITION,-0.0007095594385827376,0.00122298049576854,0.0005480337127265228,15,1
2026-06-21 06:14:00+00:00,2026-06-21 06:59:00+00:00,BUY,1734.7,,,1736.14,TRANSITION,0.0008301147172422059,0.0002651755346746045,0.0022828154724160005,45,1
2026-06-21 06:59:00+00:00,2026-06-21 09:44:00+00:00,SELL,1736.14,,,1731.38,TRANSITION,0.0027417143778727467,0.00017279712465581953,0.0069925236444066145,165,2
2026-06-21 09:44:00+00:00,2026-06-21 10:44:00+00:00,BUY,1731.38,,,1732.54,TRANSITION,0.0006699857916805406,5.775739583579733e-06,0.0032575171250677913,60,3
2026-06-21 10:44:00+00:00,2026-06-21 12:59:00+00:00,SELL,1732.54,,,1726.0,TRANSITION,0.003774804622115486,0.0013102150599697449,0.00888868366675509,135,3
2026-06-21 12:59:00+00:00,2026-06-21 13:44:00+00:00,BUY,1726.0,,,1722.77,TRANSITION,-0.001871378910776372,0.0022479721900348255,0.0012398609501738703,45,10
2026-06-21 13:44:00+00:00,2026-06-21 13:59:00+00:00,SELL,1722.77,,,1725.15,TRANSITION,-0.0013814960789891332,0.0015266112133367246,4.063223761728863e-05,15,15
2026-06-21 13:59:00+00:00,2026-06-21 14:29:00+00:00,BUY,1725.15,,,1722.39,TRANSITION,-0.0015998608816624588,0.0019534533228995265,0.00048691418137548507,30,1
2026-06-21 14:29:00+00:00,2026-06-21 14:44:00+00:00,SELL,1722.39,,,1725.36,TRANSITION,-0.0017243481441484216,0.0022642955428212328,0.00013934126417362448,15,1
2026-06-21 14:44:00+00:00,2026-06-21 16:14:00+00:00,BUY,1725.36,,,1727.6,TRANSITION,0.001298279779292443,0.0008519961051605462,0.004178838039597554,90,5
2026-06-21 16:14:00+00:00,2026-06-21 17:14:00+00:00,SELL,1727.6,,,1730.24,TRANSITION,-0.0015281315119241145,0.002280620514007904,0.0031199351701782087,60,3
2026-06-21 17:14:00+00:00,2026-06-21 17:29:00+00:00,BUY,1730.24,,,1726.78,TRANSITION,-0.001999722581838379,0.002045958942112056,0.00019650453116325952,15,15
2026-06-21 17:29:00+00:00,2026-06-21 17:44:00+00:00,SELL,1726.78,,,1727.07,TRANSITION,-0.00016794264469125402,0.0004053787975306903,0.0004690811799997368,15,2
2026-06-21 17:44:00+00:00,2026-06-21 18:14:00+00:00,BUY,1727.07,,,1723.56,TRANSITION,-0.0020323437961402785,0.0031266827632926656,0.001221722338990387,30,3
2026-06-21 18:14:00+00:00,2026-06-21 18:29:00+00:00,SELL,1723.56,,,1725.85,TRANSITION,-0.0013286453619252962,0.0014620900925990288,0.0,15,15
2026-06-21 18:29:00+00:00,2026-06-21 19:59:00+00:00,BUY,1725.85,,,1734.14,TRANSITION,0.00480343019381765,0.00016223889677548613,0.007804849784164341,90,3
2026-06-21 19:59:00+00:00,2026-06-21 23:59:00+00:00,SELL,1734.14,,,1706.94,SESSION_RESET,0.015685008130831447,0.000691985652830693,0.018533682401651597,240,2
2026-06-22 02:59:00+00:00,2026-06-22 04:29:00+00:00,SELL,1737.28,,,1734.51,TRANSITION,0.0015944464910664844,0.0021297660710996764,0.0061820777307054755,90,1
2026-06-22 04:29:00+00:00,2026-06-22 06:44:00+00:00,BUY,1734.51,,,1734.67,TRANSITION,9.224507209533636e-05,0.0019544424650189966,0.0032862306933947026,135,9
2026-06-22 06:44:00+00:00,2026-06-22 06:59:00+00:00,SELL,1734.67,,,1735.06,TRANSITION,-0.00022482662408404634,0.0006860094427181119,0.0008416586440072385,15,1
2026-06-22 06:59:00+00:00,2026-06-22 09:29:00+00:00,BUY,1735.06,,,1746.21,TRANSITION,0.00642629073346172,0.00017290468341149846,0.009895911380586304,150,3
2026-06-22 09:29:00+00:00,2026-06-22 09:44:00+00:00,SELL,1746.21,,,1746.98,TRANSITION,-0.00044095498250495746,0.0015691125351475533,0.001408765268782126,15,5
2026-06-22 09:44:00+00:00,2026-06-22 09:59:00+00:00,BUY,1746.98,,,1746.2,TRANSITION,-0.00044648479089627396,0.0007155204982312333,0.00033772567516509526,15,1
2026-06-22 09:59:00+00:00,2026-06-22 10:14:00+00:00,SELL,1746.2,,,1749.56,TRANSITION,-0.0019241782155537165,0.00308097583323782,0.0005554919253235753,15,2
2026-06-22 10:14:00+00:00,2026-06-22 10:44:00+00:00,BUY,1749.56,,,1747.09,TRANSITION,-0.0014117835341457437,0.0014632250394384563,0.0010459772742861947,30,1
2026-06-22 10:44:00+00:00,2026-06-22 11:14:00+00:00,SELL,1747.09,,,1751.91,TRANSITION,-0.0027588733265030215,0.005929860510906781,5.723803581951076e-06,30,1
2026-06-22 11:14:00+00:00,2026-06-22 14:29:00+00:00,BUY,1751.91,,,1755.39,TRANSITION,0.001986403411134144,0.0016781683990616267,0.01597684812575989,195,15
2026-06-22 14:29:00+00:00,2026-06-22 15:14:00+00:00,SELL,1755.39,,,1755.59,TRANSITION,-0.00011393479511665105,0.0022046382855091407,0.0031559938247342134,45,2
2026-06-22 15:14:00+00:00,2026-06-22 15:59:00+00:00,BUY,1755.59,,,1744.74,TRANSITION,-0.006180258488599223,0.007507447638685477,0.0005468247141986663,45,61
2026-06-22 15:59:00+00:00,2026-06-22 17:59:00+00:00,SELL,1744.74,,,1740.93,TRANSITION,0.0021837064548299147,0.0008883845157444402,0.007691690452445678,120,12
2026-06-22 17:59:00+00:00,2026-06-22 18:44:00+00:00,BUY,1740.93,,,1739.91,TRANSITION,-0.0005858937464458547,0.0007122629858753707,0.0038887261406259765,45,6
2026-06-22 18:44:00+00:00,2026-06-22 20:14:00+00:00,SELL,1739.91,,,1736.67,TRANSITION,0.0018621652844112678,0.00020115983010610263,0.006184227919834928,90,9
2026-06-22 20:14:00+00:00,2026-06-22 20:29:00+00:00,BUY,1736.67,,,1733.79,TRANSITION,-0.0016583461452089972,0.002666021754276926,0.0008406893652795501,15,1
2026-06-22 20:29:00+00:00,2026-06-22 21:14:00+00:00,SELL,1733.79,,,1735.68,TRANSITION,-0.0010900974166422116,0.0021571239884876536,0.0015284434677786027,45,1
2026-06-22 21:14:00+00:00,2026-06-22 21:44:00+00:00,BUY,1735.68,,,1729.2,TRANSITION,-0.003733407079646028,0.0050988661504425565,-5.761430678460837e-06,30,1
2026-06-22 21:44:00+00:00,2026-06-22 21:59:00+00:00,SELL,1729.2,,,1732.74,TRANSITION,-0.002047189451769583,0.002058755493869966,0.0002602359472588743,15,9
2026-06-22 21:59:00+00:00,2026-06-22 22:29:00+00:00,BUY,1732.74,,,1722.28,TRANSITION,-0.006036681787227187,0.008506758082574424,0.001841014808915391,30,1
2026-06-22 22:29:00+00:00,2026-06-22 23:29:00+00:00,SELL,1722.28,,,1726.76,TRANSITION,-0.002601203056413602,0.003065703602201717,0.003054091088557024,60,2
2026-06-22 23:29:00+00:00,2026-06-22 23:59:00+00:00,BUY,1726.76,,,1728.19,SESSION_RESET,0.0008281405638305634,0.0011119090087794903,0.002223818017558849,30,3
2026-06-23 00:44:00+00:00,2026-06-23 01:44:00+00:00,BUY,1729.41,,,1728.15,TRANSITION,-0.0007285721720124151,0.0013530626051660077,0.003955106076638806,60,1
2026-06-23 01:44:00+00:00,2026-06-23 01:59:00+00:00,SELL,1728.15,,,1730.61,TRANSITION,-0.0014234875444838753,0.0020079275525850186,0.0040100685704366305,15,15
2026-06-23 01:59:00+00:00,2026-06-23 04:44:00+00:00,BUY,1730.61,,,1723.34,TRANSITION,-0.004200830920889156,0.004593755958881445,0.0025597910563327753,165,3
2026-06-23 04:44:00+00:00,2026-06-23 11:14:00+00:00,SELL,1723.34,,,1655.86,TRANSITION,0.039156521638214176,0.0005744658628013097,0.05088374899903666,390,15
2026-06-23 11:14:00+00:00,2026-06-23 12:14:00+00:00,BUY,1655.86,,,1658.35,TRANSITION,0.0015037503170557953,0.00028987957919135123,0.004855482951457365,60,1
2026-06-23 12:14:00+00:00,2026-06-23 13:44:00+00:00,SELL,1658.35,,,1659.32,TRANSITION,-0.0005849187445352473,0.002110531552446709,0.007736605662254608,90,5
2026-06-23 13:44:00+00:00,2026-06-23 14:59:00+00:00,BUY,1659.32,,,1662.1,TRANSITION,0.001675385097509807,0.0018742617457753177,0.007641684545476499,75,3
2026-06-23 14:59:00+00:00,2026-06-23 15:59:00+00:00,SELL,1662.1,,,1659.78,TRANSITION,0.001395824559292423,0.0007761265868480784,0.006443655616388791,60,75
2026-06-23 15:59:00+00:00,2026-06-23 16:44:00+00:00,BUY,1659.78,,,1662.53,TRANSITION,0.0016568460880357638,0.0016809456674980803,0.008501126655339942,45,2
2026-06-23 16:44:00+00:00,2026-06-23 17:29:00+00:00,SELL,1662.53,,,1662.8,TRANSITION,-0.0001624030844556079,0.0005593884020138366,0.004324733989762623,45,1005
2026-06-23 17:29:00+00:00,2026-06-23 17:59:00+00:00,BUY,1662.8,,,1656.85,TRANSITION,-0.0035783016598508813,0.00488934327640118,0.0012448881404858892,30,5
2026-06-23 17:59:00+00:00,2026-06-23 19:14:00+00:00,SELL,1656.85,,,1659.93,TRANSITION,-0.0018589492108520111,0.003060023538642704,0.004134351329329698,75,8
2026-06-23 19:14:00+00:00,2026-06-23 19:44:00+00:00,BUY,1659.93,,,1658.21,TRANSITION,-0.0010361882729994802,0.0020302060930280906,0.001741037272655999,30,11
2026-06-23 19:44:00+00:00,2026-06-23 19:59:00+00:00,SELL,1658.21,,,1662.58,TRANSITION,-0.002635371876903342,0.003473625174133548,0.0005005397386337842,15,3
2026-06-23 19:59:00+00:00,2026-06-23 22:29:00+00:00,BUY,1662.58,,,1665.34,TRANSITION,0.0016600704928484591,0.0006977107868492671,0.006219249600019335,150,6
2026-06-23 22:29:00+00:00,2026-06-23 22:59:00+00:00,SELL,1665.34,,,1664.67,TRANSITION,0.00040232024691645274,0.0006485162189103454,0.0014051184743054982,30,2
2026-06-23 22:59:00+00:00,2026-06-23 23:14:00+00:00,BUY,1664.67,,,1661.43,TRANSITION,-0.0019463317053830542,0.0026431665134832075,6.007196621547156e-06,15,3
2026-06-23 23:14:00+00:00,2026-06-23 23:59:00+00:00,SELL,1661.43,,,1667.13,TRANSITION,-0.00343077950921799,0.004887356072780611,-6.0189114196751625e-06,45,1
2026-06-23 23:59:00+00:00,2026-06-23 23:59:00+00:00,BUY,1667.13,,,1667.13,SESSION_RESET,0.0,0.0,0.0,0,15
2026-06-24 02:29:00+00:00,2026-06-24 03:29:00+00:00,SELL,1667.79,,,1664.17,TRANSITION,0.002170537058022827,0.0010253089417732667,0.0057621163335910995,60,1
2026-06-24 03:29:00+00:00,2026-06-24 04:14:00+00:00,BUY,1664.17,,,1664.81,TRANSITION,0.00038457609499021895,6.009001484217901e-06,0.00355732887866014,45,1
2026-06-24 04:14:00+00:00,2026-06-24 04:59:00+00:00,SELL,1664.81,,,1669.0,TRANSITION,-0.0025168037193433815,0.0037241487016536697,0.003958409668370516,45,15
2026-06-24 04:59:00+00:00,2026-06-24 07:29:00+00:00,BUY,1669.0,,,1673.41,TRANSITION,0.0026423007789095755,0.0007189934092271094,0.0063331336129418435,150,2
2026-06-24 07:29:00+00:00,2026-06-24 07:59:00+00:00,SELL,1673.41,,,1673.12,TRANSITION,0.00017329883292211171,0.0014162697725003978,0.001476027990749444,30,1
2026-06-24 07:59:00+00:00,2026-06-24 08:14:00+00:00,BUY,1673.12,,,1671.09,TRANSITION,-0.0012133020942908894,0.002324997609256881,0.0008128526345989094,15,1
2026-06-24 08:14:00+00:00,2026-06-24 08:44:00+00:00,SELL,1671.09,,,1674.23,TRANSITION,-0.0018790130992346913,0.0024594725598262976,0.0009634430222189708,30,5
2026-06-24 08:44:00+00:00,2026-06-24 09:29:00+00:00,BUY,1674.23,,,1667.65,TRANSITION,-0.003930164911630975,0.004013785441665738,0.000268780275111571,45,1
2026-06-24 09:29:00+00:00,2026-06-24 11:44:00+00:00,SELL,1667.65,,,1669.84,TRANSITION,-0.0013132251971335873,0.0014031721284441688,0.0071297934218811495,135,2
2026-06-24 11:44:00+00:00,2026-06-24 12:59:00+00:00,BUY,1669.84,,,1671.53,TRANSITION,0.0010120730129833126,0.0007665405068748939,0.014270828342835336,75,3
2026-06-24 12:59:00+00:00,2026-06-24 19:59:00+00:00,SELL,1671.53,,,1584.58,TRANSITION,0.05201821086070848,0.0003828827481409846,0.07094099417898568,420,10
2026-06-24 19:59:00+00:00,2026-06-24 21:14:00+00:00,BUY,1584.58,,,1609.64,TRANSITION,0.015814916255411638,0.0028903558040615984,0.023690820280452843,75,2
2026-06-24 21:14:00+00:00,2026-06-24 21:29:00+00:00,SELL,1609.64,,,1611.77,TRANSITION,-0.0013232772545413145,0.0015345046097262741,0.0008573345592804037,15,15
2026-06-24 21:29:00+00:00,2026-06-24 22:29:00+00:00,BUY,1611.77,,,1615.68,TRANSITION,0.002425904440459918,0.0009740843916935645,0.011198868324885036,60,2
2026-06-24 22:29:00+00:00,2026-06-24 23:59:00+00:00,SELL,1615.68,,,1622.17,TRANSITION,-0.004016884531590419,0.004815309962368769,0.001256436918201607,90,5
2026-06-24 23:59:00+00:00,2026-06-24 23:59:00+00:00,BUY,1622.17,,,1622.17,SESSION_RESET,0.0,0.0,0.0,0,1
2026-06-25 00:29:00+00:00,2026-06-25 01:29:00+00:00,SELL,1620.54,,,1618.99,TRANSITION,0.0009564712996901986,0.0014377923408246185,0.003609907808508219,60,5
2026-06-25 01:29:00+00:00,2026-06-25 02:14:00+00:00,BUY,1618.99,,,1616.32,TRANSITION,-0.0016491763383344386,0.0024397927102700113,0.0032427624630170663,45,9
2026-06-25 02:14:00+00:00,2026-06-25 02:29:00+00:00,SELL,1616.32,,,1620.35,TRANSITION,-0.0024933181548208107,0.002518065729558605,0.0007609879231835393,15,3
2026-06-25 02:29:00+00:00,2026-06-25 02:44:00+00:00,BUY,1620.35,,,1616.28,TRANSITION,-0.002511803005523459,0.0031042675965069107,0.0,15,1
2026-06-25 02:44:00+00:00,2026-06-25 02:59:00+00:00,SELL,1616.28,,,1621.0,TRANSITION,-0.0029202860890439946,0.0031306456802038915,0.00027841710594701753,15,5
2026-06-25 02:59:00+00:00,2026-06-25 03:29:00+00:00,BUY,1621.0,,,1619.21,TRANSITION,-0.0011042566317087993,0.0029426280074028267,0.001924737816162795,30,1
2026-06-25 03:29:00+00:00,2026-06-25 03:59:00+00:00,SELL,1619.21,,,1619.6,TRANSITION,-0.00024085819628082378,0.0008831467196966815,0.0016736556715929597,30,1
2026-06-25 03:59:00+00:00,2026-06-25 04:29:00+00:00,BUY,1619.6,,,1619.25,TRANSITION,-0.00021610274141757783,0.0013830575450728632,0.0008458878735490975,30,6
2026-06-25 04:29:00+00:00,2026-06-25 04:44:00+00:00,SELL,1619.25,,,1622.9,TRANSITION,-0.0022541299984561317,0.0022541299984561317,0.0013154238073182702,15,3
2026-06-25 04:44:00+00:00,2026-06-25 08:14:00+00:00,BUY,1622.9,,,1654.44,TRANSITION,0.019434345923963252,0.0002772814098219517,0.02319304947932705,210,1
2026-06-25 08:14:00+00:00,2026-06-25 08:44:00+00:00,SELL,1654.44,,,1653.44,TRANSITION,0.0006044341287686467,7.857643673985262e-05,0.002061120379101135,30,3
2026-06-25 08:44:00+00:00,2026-06-25 09:29:00+00:00,BUY,1653.44,,,1648.27,TRANSITION,-0.0031268143990710717,0.0036348461389587713,0.0011914553899748568,45,1
2026-06-25 09:29:00+00:00,2026-06-25 12:44:00+00:00,SELL,1648.27,,,1637.21,TRANSITION,0.006710065705254567,0.0013286658132466492,0.014293774684972695,195,10
2026-06-25 12:44:00+00:00,2026-06-25 13:29:00+00:00,BUY,1637.21,,,1634.5,TRANSITION,-0.0016552549764538675,0.0023088058343156788,0.0023026978823730503,45,15
2026-06-25 13:29:00+00:00,2026-06-25 15:59:00+00:00,SELL,1634.5,,,1570.01,TRANSITION,0.0394554909758336,0.0018660140715814955,0.062159681859895934,150,9
2026-06-25 15:59:00+00:00,2026-06-25 16:44:00+00:00,BUY,1570.01,,,1563.39,TRANSITION,-0.004216533652651825,0.005171941579989867,0.011267444156406682,45,4
2026-06-25 16:44:00+00:00,2026-06-25 17:14:00+00:00,SELL,1563.39,,,1568.09,TRANSITION,-0.0030062876185723447,0.004010515610308357,0.0037290759183570025,30,15
2026-06-25 17:14:00+00:00,2026-06-25 18:14:00+00:00,BUY,1568.09,,,1565.19,TRANSITION,-0.0018493836450713056,0.0021299797843235516,0.005994553884024572,60,5
2026-06-25 18:14:00+00:00,2026-06-25 21:14:00+00:00,SELL,1565.19,,,1564.49,TRANSITION,0.00044723004874810436,0.007545409822449636,0.006765951737488832,180,1
2026-06-25 21:14:00+00:00,2026-06-25 22:14:00+00:00,BUY,1564.49,,,1570.08,TRANSITION,0.0035730493643295375,0.0006519696514518992,0.01224680247237124,60,5
2026-06-25 22:14:00+00:00,2026-06-25 22:44:00+00:00,SELL,1570.08,,,1571.02,TRANSITION,-0.0005986956078671498,0.0023565678182003755,0.0022037093651279148,30,1
2026-06-25 22:44:00+00:00,2026-06-25 23:44:00+00:00,BUY,1571.02,,,1572.31,TRANSITION,0.0008211225827805907,0.002043258519942481,0.005601456378658423,60,3
2026-06-25 23:44:00+00:00,2026-06-25 23:59:00+00:00,SELL,1572.31,,,1567.84,SESSION_RESET,0.00284295081758688,-6.3600689431415595e-06,0.00492269336199605,15,1
2026-06-26 00:59:00+00:00,2026-06-26 03:44:00+00:00,SELL,1564.72,,,1540.22,TRANSITION,0.015657753463878522,0.002511631474001779,0.03369292908635412,165,6
2026-06-26 03:44:00+00:00,2026-06-26 04:29:00+00:00,BUY,1540.22,,,1552.75,TRANSITION,0.008135201464725801,0.00024022542234233957,0.015212112555349277,45,3
2026-06-26 04:29:00+00:00,2026-06-26 05:14:00+00:00,SELL,1552.75,,,1552.93,TRANSITION,-0.00011592336177753255,0.0010497504427629104,0.0034390597327321965,45,2
2026-06-26 05:14:00+00:00,2026-06-26 06:14:00+00:00,BUY,1552.93,,,1546.25,TRANSITION,-0.004301546109612193,0.006117468269658001,0.004050407938541958,60,3
2026-06-26 06:14:00+00:00,2026-06-26 06:29:00+00:00,SELL,1546.25,,,1560.36,TRANSITION,-0.00912530315278894,0.009655618431689612,0.00030396119644302493,15,3
2026-06-26 06:29:00+00:00,2026-06-26 08:14:00+00:00,BUY,1560.36,,,1573.47,TRANSITION,0.008401907252172658,0.001602194365402856,0.016752544284652324,105,2
2026-06-26 08:14:00+00:00,2026-06-26 12:29:00+00:00,SELL,1573.47,,,1551.8,TRANSITION,0.013772108778686643,0.0012647206492656417,0.020629563957368133,255,9
2026-06-26 12:29:00+00:00,2026-06-26 12:44:00+00:00,BUY,1551.8,,,1530.83,TRANSITION,-0.013513339347854123,0.015459466426085842,0.0056772779997422,15,2
2026-06-26 12:44:00+00:00,2026-06-26 13:44:00+00:00,SELL,1530.83,,,1547.0,TRANSITION,-0.01056289725181769,0.011575419870266475,0.006068603306702876,60,5
2026-06-26 13:44:00+00:00,2026-06-26 14:59:00+00:00,BUY,1547.0,,,1559.98,TRANSITION,0.008390433096315462,0.0030187459599224776,0.01833225597931474,75,3
2026-06-26 14:59:00+00:00,2026-06-26 15:29:00+00:00,SELL,1559.98,,,1580.02,TRANSITION,-0.012846318542545393,0.017455351991692212,0.0002692342209515973,30,6
2026-06-26 15:29:00+00:00,2026-06-26 18:29:00+00:00,BUY,1580.02,,,1575.55,TRANSITION,-0.0028290781129352966,0.004797407627751502,0.009291021632637602,180,2
2026-06-26 18:29:00+00:00,2026-06-26 19:14:00+00:00,SELL,1575.55,,,1581.04,TRANSITION,-0.0034844974770715047,0.0054901462981181755,0.003319475738630966,45,2
2026-06-26 19:14:00+00:00,2026-06-26 19:59:00+00:00,BUY,1581.04,,,1574.51,TRANSITION,-0.0041301927844962635,0.004813287456357777,0.0014926883570308958,45,7
2026-06-26 19:59:00+00:00,2026-06-26 20:29:00+00:00,SELL,1574.51,,,1578.79,TRANSITION,-0.00271830601266424,0.00564620104032372,2.5404729090297056e-05,30,2
2026-06-26 20:29:00+00:00,2026-06-26 20:44:00+00:00,BUY,1578.79,,,1568.64,TRANSITION,-0.00642897408775066,0.006523983557027822,8.234154004022646e-05,15,2
2026-06-26 20:44:00+00:00,2026-06-26 21:14:00+00:00,SELL,1568.64,,,1573.56,TRANSITION,-0.0031364749082006356,0.0033595981232150025,0.00040799673602617554,30,3
2026-06-26 21:14:00+00:00,2026-06-26 22:29:00+00:00,BUY,1573.56,,,1573.37,TRANSITION,-0.00012074531635276352,0.0026182668598591034,0.003711329723683969,75,1
2026-06-26 22:29:00+00:00,2026-06-26 22:44:00+00:00,SELL,1573.37,,,1576.42,TRANSITION,-0.0019385141447975888,0.0022944380533505325,0.0011249737823906532,15,3
2026-06-26 22:44:00+00:00,2026-06-26 23:29:00+00:00,BUY,1576.42,,,1575.69,TRANSITION,-0.0004630745613478757,0.0009007751741287682,0.0024866469595665147,45,3
2026-06-26 23:29:00+00:00,2026-06-26 23:44:00+00:00,SELL,1575.69,,,1579.83,TRANSITION,-0.002627420368219556,0.003217637987167486,0.000793303251274045,15,1
2026-06-26 23:44:00+00:00,2026-06-26 23:59:00+00:00,BUY,1579.83,,,1578.68,SESSION_RESET,-0.0007279264224630901,0.0013355867403454169,0.0005506921630809127,15,3
2026-06-27 01:29:00+00:00,2026-06-27 03:14:00+00:00,BUY,1577.13,,,1578.76,TRANSITION,0.0010335229182121205,0.0015788172186186357,0.006365993925675095,105,2
2026-06-27 03:14:00+00:00,2026-06-27 04:14:00+00:00,SELL,1578.76,,,1583.76,TRANSITION,-0.003167042489042033,0.00409181889584233,6.334084978078305e-06,60,13
2026-06-27 04:14:00+00:00,2026-06-27 04:44:00+00:00,BUY,1583.76,,,1581.84,TRANSITION,-0.0012123048946810582,0.001477496590392432,0.0009218568469970427,30,15
2026-06-27 04:44:00+00:00,2026-06-27 05:14:00+00:00,SELL,1581.84,,,1581.11,TRANSITION,0.000461487887523402,0.0002718353310069689,0.0022947959338491136,30,15
2026-06-27 05:14:00+00:00,2026-06-27 05:29:00+00:00,BUY,1581.11,,,1577.42,TRANSITION,-0.0023338034671843374,0.0025172189158248265,0.0,15,3
2026-06-27 05:29:00+00:00,2026-06-27 05:44:00+00:00,SELL,1577.42,,,1579.12,TRANSITION,-0.0010777091706709804,0.0013756640590330065,0.00026625755981290507,15,1
2026-06-27 05:44:00+00:00,2026-06-27 06:14:00+00:00,BUY,1579.12,,,1576.1,TRANSITION,-0.001912457571305526,0.002482395258118348,0.0010638836820508028,30,1
2026-06-27 06:14:00+00:00,2026-06-27 06:29:00+00:00,SELL,1576.1,,,1578.94,TRANSITION,-0.001801916122073565,0.0022397056024365206,0.00047585813082926215,15,5
2026-06-27 06:29:00+00:00,2026-06-27 08:29:00+00:00,BUY,1578.94,,,1583.73,TRANSITION,0.0030336808238438213,6.333362889021055e-06,0.004712021989435985,120,5
2026-06-27 08:29:00+00:00,2026-06-27 08:59:00+00:00,SELL,1583.73,,,1584.18,TRANSITION,-0.0002841393419333128,0.001086043706945014,0.0010607868765509674,30,2
2026-06-27 08:59:00+00:00,2026-06-27 09:14:00+00:00,BUY,1584.18,,,1580.79,TRANSITION,-0.0021399083437488794,0.002493403527376968,0.00046080622151524334,15,9
2026-06-27 09:14:00+00:00,2026-06-27 09:59:00+00:00,SELL,1580.79,,,1582.93,TRANSITION,-0.001353753502995401,0.0014106870615325363,0.0008856331328006019,45,3
2026-06-27 09:59:00+00:00,2026-06-27 11:29:00+00:00,BUY,1582.93,,,1580.57,TRANSITION,-0.0014909061045024904,0.002135280776787419,0.0013835103257881442,90,1
2026-06-27 11:29:00+00:00,2026-06-27 11:44:00+00:00,SELL,1580.57,,,1581.19,TRANSITION,-0.0003922635504913533,0.0006516636403322679,0.0009933125391472293,15,3
2026-06-27 11:44:00+00:00,2026-06-27 17:29:00+00:00,BUY,1581.19,,,1594.84,TRANSITION,0.008632738633560712,0.0,0.018865537980887765,345,3
2026-06-27 17:29:00+00:00,2026-06-27 18:29:00+00:00,SELL,1594.84,,,1592.7,TRANSITION,0.0013418273933434532,0.0011411803064885278,0.003536404905821194,60,5
2026-06-27 18:29:00+00:00,2026-06-27 19:29:00+00:00,BUY,1592.7,,,1581.67,TRANSITION,-0.006925346895209375,0.009888867960067809,0.0016010548125823785,60,1
2026-06-27 19:29:00+00:00,2026-06-27 21:14:00+00:00,SELL,1581.67,,,1584.43,TRANSITION,-0.001744991053759628,0.002080079915532294,0.0052539404553416155,105,1
2026-06-27 21:14:00+00:00,2026-06-27 21:44:00+00:00,BUY,1584.43,,,1578.78,TRANSITION,-0.0035659511622476796,0.004096110273095062,0.0007952386662711453,30,1
2026-06-27 21:44:00+00:00,2026-06-27 23:59:00+00:00,SELL,1578.78,,,1573.99,SESSION_RESET,0.0030339882694232025,0.0017735213265939235,0.010083735542634233,135,5
2026-06-28 01:14:00+00:00,2026-06-28 01:29:00+00:00,SELL,1572.33,,,1575.56,TRANSITION,-0.002054276137960872,0.002474035348813608,0.0004070392347661577,15,1
2026-06-28 01:29:00+00:00,2026-06-28 01:59:00+00:00,BUY,1575.56,,,1575.11,TRANSITION,-0.00028561273451981864,0.0006410419152555225,0.0008822260021834142,30,5
2026-06-28 01:59:00+00:00,2026-06-28 02:14:00+00:00,SELL,1575.11,,,1578.7,TRANSITION,-0.0022792058967311146,0.0026918754880611573,6.348762943534678e-06,15,2
2026-06-28 02:14:00+00:00,2026-06-28 02:29:00+00:00,BUY,1578.7,,,1571.77,TRANSITION,-0.004389687717742487,0.006099955659720092,0.0008551339709887306,15,3
2026-06-28 02:29:00+00:00,2026-06-28 03:14:00+00:00,SELL,1571.77,,,1575.63,TRANSITION,-0.002455830051470716,0.0027612182443995737,0.0006107763858580049,45,3
2026-06-28 03:14:00+00:00,2026-06-28 03:44:00+00:00,BUY,1575.63,,,1573.63,TRANSITION,-0.0012693335364266992,0.0015105069083478412,6.346667682127723e-06,30,3
2026-06-28 03:44:00+00:00,2026-06-28 03:59:00+00:00,SELL,1573.63,,,1575.08,TRANSITION,-0.0009214364240639909,0.001213754186180903,0.00040034823942102594,15,15
2026-06-28 03:59:00+00:00,2026-06-28 04:29:00+00:00,BUY,1575.08,,,1574.37,TRANSITION,-0.0004507707545013818,0.0016443609213499747,0.00038728191583927633,30,2
2026-06-28 04:29:00+00:00,2026-06-28 04:44:00+00:00,SELL,1574.37,,,1575.46,TRANSITION,-0.0006923404282348785,0.0008193753691954185,0.002369201648913401,15,2
2026-06-28 04:44:00+00:00,2026-06-28 04:59:00+00:00,BUY,1575.46,,,1574.32,TRANSITION,-0.000723598187196184,0.0009013240577355647,0.0011933022736215974,15,1
2026-06-28 04:59:00+00:00,2026-06-28 07:14:00+00:00,SELL,1574.32,,,1572.7,TRANSITION,0.0010290157020173096,6.351948777879278e-06,0.007565170994461009,135,5
2026-06-28 07:14:00+00:00,2026-06-28 09:59:00+00:00,BUY,1572.7,,,1579.09,TRANSITION,0.00406307623831619,0.001087302091943814,0.00867934126025298,165,5
2026-06-28 09:59:00+00:00,2026-06-28 10:14:00+00:00,SELL,1579.09,,,1580.73,TRANSITION,-0.0010385728489193777,0.001475533376818392,0.001348878151340254,15,2
2026-06-28 10:14:00+00:00,2026-06-28 10:29:00+00:00,BUY,1580.73,,,1573.79,TRANSITION,-0.004390376598154052,0.005377262404079128,6.958810169978425e-05,15,3
2026-06-28 10:29:00+00:00,2026-06-28 10:59:00+00:00,SELL,1573.79,,,1577.16,TRANSITION,-0.0021413276231264135,0.0023192420843950535,0.0,30,5
2026-06-28 10:59:00+00:00,2026-06-28 13:59:00+00:00,BUY,1577.16,,,1579.68,TRANSITION,0.001597808719470429,0.0013441882878085407,0.00739303558294647,180,10
2026-06-28 13:59:00+00:00,2026-06-28 14:14:00+00:00,SELL,1579.68,,,1582.07,TRANSITION,-0.0015129646510684902,0.0018294844525472706,0.0011141497012053015,15,3
2026-06-28 14:14:00+00:00,2026-06-28 14:59:00+00:00,BUY,1582.07,,,1581.56,TRANSITION,-0.0003223624744796317,0.0013084123964173119,0.002711637285328692,45,5
2026-06-28 14:59:00+00:00,2026-06-28 15:14:00+00:00,SELL,1581.56,,,1583.6,TRANSITION,-0.0012898657022180403,0.002061255975113174,0.0027567717949365817,15,2
2026-06-28 15:14:00+00:00,2026-06-28 16:14:00+00:00,BUY,1583.6,,,1578.79,TRANSITION,-0.003037383177570059,0.0039214448092951566,0.0011113917655973674,60,1
2026-06-28 16:14:00+00:00,2026-06-28 17:59:00+00:00,SELL,1578.79,,,1572.35,TRANSITION,0.004079073214297059,0.0008170814357830767,0.009665630007790771,105,1
2026-06-28 17:59:00+00:00,2026-06-28 18:29:00+00:00,BUY,1572.35,,,1569.99,TRANSITION,-0.0015009380863038764,0.0018952523293160038,0.0017807740006997056,30,2
2026-06-28 18:29:00+00:00,2026-06-28 19:29:00+00:00,SELL,1569.99,,,1570.31,TRANSITION,-0.00020382295428629247,0.0018089287192911536,0.001605105765004861,60,2
2026-06-28 19:29:00+00:00,2026-06-28 19:44:00+00:00,BUY,1570.31,,,1568.09,TRANSITION,-0.001413733594003749,0.001662092198355675,0.0027001038011602863,15,2
2026-06-28 19:44:00+00:00,2026-06-28 20:14:00+00:00,SELL,1568.09,,,1572.92,TRANSITION,-0.003080180346791418,0.003335267746111523,0.0071934646608294,30,237
2026-06-28 20:14:00+00:00,2026-06-28 20:44:00+00:00,BUY,1572.92,,,1572.67,TRANSITION,-0.00015894006052437503,0.0004513897718892482,0.0022251608473412504,30,1
2026-06-28 20:44:00+00:00,2026-06-28 23:29:00+00:00,SELL,1572.67,,,1570.05,TRANSITION,0.0016659566215417845,0.006116985763065291,0.015451429734146503,165,3
2026-06-28 23:29:00+00:00,2026-06-28 23:59:00+00:00,BUY,1570.05,,,1571.96,SESSION_RESET,0.001216521766822765,0.0002420305085824539,0.006401070029616863,30,1
2026-06-29 00:44:00+00:00,2026-06-29 01:29:00+00:00,BUY,1563.86,,,1562.93,TRANSITION,-0.0005946823884489893,0.004098832376299576,0.006925172330004064,45,3
2026-06-29 01:29:00+00:00,2026-06-29 01:44:00+00:00,SELL,1562.93,,,1572.22,TRANSITION,-0.005943964221046345,0.007050859603437122,0.0017531175420524329,15,2
2026-06-29 01:44:00+00:00,2026-06-29 02:14:00+00:00,BUY,1572.22,,,1555.43,TRANSITION,-0.010679167037691903,0.013859383546831845,0.0006805663329559072,30,5
2026-06-29 02:14:00+00:00,2026-06-29 02:29:00+00:00,SELL,1555.43,,,1573.06,TRANSITION,-0.011334486283535667,0.012826035244273316,5.7861813132153495e-05,15,3
2026-06-29 02:29:00+00:00,2026-06-29 03:44:00+00:00,BUY,1573.06,,,1578.48,TRANSITION,0.003445513839268733,0.0021296072622785586,0.010609894091770215,75,3
2026-06-29 03:44:00+00:00,2026-06-29 03:59:00+00:00,SELL,1578.48,,,1584.78,TRANSITION,-0.00399118138969132,0.004326947443109781,0.0004181237646343836,15,9
2026-06-29 03:59:00+00:00,2026-06-29 04:44:00+00:00,BUY,1584.78,,,1577.23,TRANSITION,-0.004764068198740491,0.0060260730195989065,0.00017037065081587465,45,1
2026-06-29 04:44:00+00:00,2026-06-29 05:44:00+00:00,SELL,1577.23,,,1578.03,TRANSITION,-0.0005072183511599162,0.001356809089352772,0.009491323396080487,60,5
2026-06-29 05:44:00+00:00,2026-06-29 06:44:00+00:00,BUY,1578.03,,,1581.48,TRANSITION,0.0021862702229995916,0.00036120986293032223,0.007002401728737701,60,1
2026-06-29 06:44:00+00:00,2026-06-29 06:59:00+00:00,SELL,1581.48,,,1582.82,TRANSITION,-0.0008473075852997939,0.0013025773326251014,0.0004552697473253075,15,9
2026-06-29 06:59:00+00:00,2026-06-29 07:59:00+00:00,BUY,1582.82,,,1580.16,TRANSITION,-0.001680544850330331,0.0030957405137664825,0.0013141102589050901,60,2
2026-06-29 07:59:00+00:00,2026-06-29 09:14:00+00:00,SELL,1580.16,,,1574.8,TRANSITION,0.0033920615633860666,0.0013732786553259451,0.0065246557310653175,75,1
2026-06-29 09:14:00+00:00,2026-06-29 09:44:00+00:00,BUY,1574.8,,,1574.55,TRANSITION,-0.000158750317500635,0.002736855473710913,0.003581407162814389,30,1
2026-06-29 09:44:00+00:00,2026-06-29 10:14:00+00:00,SELL,1574.55,,,1583.84,TRANSITION,-0.005900098440824339,0.007907021053634401,0.0006541551554412199,30,117
2026-06-29 10:14:00+00:00,2026-06-29 10:44:00+00:00,BUY,1583.84,,,1579.16,TRANSITION,-0.002954843923628546,0.0033652389130214714,0.00024623699363578394,30,15
2026-06-29 10:44:00+00:00,2026-06-29 11:59:00+00:00,SELL,1579.16,,,1574.93,TRANSITION,0.0026786392765774324,0.002140378429038148,0.005597912814407751,75,3
2026-06-29 11:59:00+00:00,2026-06-29 12:44:00+00:00,BUY,1574.93,,,1575.85,TRANSITION,0.0005841529464800628,0.005289123961065035,0.014191106906338636,45,1
2026-06-29 12:44:00+00:00,2026-06-29 13:14:00+00:00,SELL,1575.85,,,1585.17,TRANSITION,-0.005914268490021362,0.008230478789224881,0.003363264270076438,30,1
2026-06-29 13:14:00+00:00,2026-06-29 13:29:00+00:00,BUY,1585.17,,,1575.25,TRANSITION,-0.0062580038734016364,0.0062580038734016364,0.0009084199171065736,15,3
2026-06-29 13:29:00+00:00,2026-06-29 13:59:00+00:00,SELL,1575.25,,,1572.74,TRANSITION,0.0015933978733534302,0.006106967148071666,0.0066021266465640955,30,2
2026-06-29 13:59:00+00:00,2026-06-29 14:14:00+00:00,BUY,1572.74,,,1560.4,TRANSITION,-0.007846179279473987,0.00810051248140189,0.00045779976347013954,15,2
2026-06-29 14:14:00+00:00,2026-06-29 14:29:00+00:00,SELL,1560.4,,,1571.63,TRANSITION,-0.00719687259677007,0.008523455524224528,0.001954627018713267,15,1
2026-06-29 14:29:00+00:00,2026-06-29 16:14:00+00:00,BUY,1571.63,,,1577.81,TRANSITION,0.00393222323320364,0.006318281020341978,0.008767967015137133,105,2
2026-06-29 16:14:00+00:00,2026-06-29 16:44:00+00:00,SELL,1577.81,,,1585.49,TRANSITION,-0.0048675062269855456,0.006147761771062451,0.0023767120248952664,30,3
2026-06-29 16:44:00+00:00,2026-06-29 18:29:00+00:00,BUY,1585.49,,,1619.05,TRANSITION,0.021166957848993022,0.001904773918473142,0.03285419649445907,105,1
2026-06-29 18:29:00+00:00,2026-06-29 18:44:00+00:00,SELL,1619.05,,,1623.59,TRANSITION,-0.0028041135233624432,0.003205583521200738,0.0003211759982705796,15,1
2026-06-29 18:44:00+00:00,2026-06-29 19:14:00+00:00,BUY,1623.59,,,1618.31,TRANSITION,-0.0032520525502127834,0.00453316416090263,0.00017245733220823774,30,25
2026-06-29 19:14:00+00:00,2026-06-29 19:29:00+00:00,SELL,1618.31,,,1625.92,TRANSITION,-0.004702436492390288,0.005357440786993885,0.00047580500645734246,15,15
2026-06-29 19:29:00+00:00,2026-06-29 20:59:00+00:00,BUY,1625.92,,,1617.66,TRANSITION,-0.005080200747884269,0.005258561306829476,0.0008856524306237866,90,2
2026-06-29 20:59:00+00:00,2026-06-29 21:14:00+00:00,SELL,1617.66,,,1619.62,TRANSITION,-0.0012116266706228805,0.0022501638168712043,0.0038079695362437604,15,2
2026-06-29 21:14:00+00:00,2026-06-29 22:29:00+00:00,BUY,1619.62,,,1617.89,TRANSITION,-0.0010681517886910455,0.0028278238105234116,0.0020869092750151947,75,3
2026-06-29 22:29:00+00:00,2026-06-29 23:59:00+00:00,SELL,1617.89,,,1613.07,TRANSITION,0.002979188943624204,0.0001854266977359119,0.006477572640908849,90,1
2026-06-29 23:59:00+00:00,2026-06-29 23:59:00+00:00,BUY,1613.07,,,1613.07,SESSION_RESET,0.0,0.0,0.0,0,3
2026-06-30 01:29:00+00:00,2026-06-30 01:44:00+00:00,BUY,1599.35,,,1591.1,TRANSITION,-0.005158345577891019,0.006471378997717767,3.7515240566588184e-05,15,5
2026-06-30 01:44:00+00:00,2026-06-30 02:29:00+00:00,SELL,1591.1,,,1591.69,TRANSITION,-0.0003708126453397936,0.0019923323486896317,0.002897366601722016,45,5
2026-06-30 02:29:00+00:00,2026-06-30 02:59:00+00:00,BUY,1591.69,,,1590.57,TRANSITION,-0.0007036546061105606,0.0011685692565764232,0.0013319176472804948,30,5
2026-06-30 02:59:00+00:00,2026-06-30 05:59:00+00:00,SELL,1590.57,,,1591.6,TRANSITION,-0.0006475665956229357,0.00352703747713092,0.00677744456389846,180,1
2026-06-30 05:59:00+00:00,2026-06-30 07:29:00+00:00,BUY,1591.6,,,1591.37,TRANSITION,-0.00014450867052024266,0.001633576275446035,0.002921588338778645,90,2
2026-06-30 07:29:00+00:00,2026-06-30 07:59:00+00:00,SELL,1591.37,,,1592.51,TRANSITION,-0.0007163638877194494,0.0018034775068023895,0.000138245662542212,30,3
2026-06-30 07:59:00+00:00,2026-06-30 08:14:00+00:00,BUY,1592.51,,,1589.38,TRANSITION,-0.0019654507664001366,0.0021035974656359513,0.0011114529893061782,15,96
2026-06-30 08:14:00+00:00,2026-06-30 10:44:00+00:00,SELL,1589.38,,,1584.38,TRANSITION,0.0031458807837018207,0.0007235525802513329,0.006191093382325275,150,1
2026-06-30 10:44:00+00:00,2026-06-30 11:29:00+00:00,BUY,1584.38,,,1578.81,TRANSITION,-0.0035155707595401126,0.004178290561607769,0.001382244158598207,45,3
2026-06-30 11:29:00+00:00,2026-06-30 13:59:00+00:00,SELL,1578.81,,,1567.29,TRANSITION,0.007296634807228217,0.003052932271774415,0.018121243214826294,150,5
2026-06-30 13:59:00+00:00,2026-06-30 14:59:00+00:00,BUY,1567.29,,,1563.52,TRANSITION,-0.0024054259262803832,0.0038027423131647854,0.006833451371475628,60,1
2026-06-30 14:59:00+00:00,2026-06-30 16:59:00+00:00,SELL,1563.52,,,1572.38,TRANSITION,-0.005666700777732378,0.008583196889070862,0.00394622390503484,120,2
2026-06-30 16:59:00+00:00,2026-06-30 17:29:00+00:00,BUY,1572.38,,,1571.06,TRANSITION,-0.0008394917259187751,0.0013800735191239221,0.003001818898739363,30,2
2026-06-30 17:29:00+00:00,2026-06-30 18:29:00+00:00,SELL,1571.06,,,1576.93,TRANSITION,-0.0037363308848803473,0.0068552442300103,0.0015403612847375947,60,6
2026-06-30 18:29:00+00:00,2026-06-30 20:29:00+00:00,BUY,1576.93,,,1577.29,TRANSITION,0.00022829168067060678,0.0024034040826161995,0.003836568522382068,120,2
2026-06-30 20:29:00+00:00,2026-06-30 23:59:00+00:00,SELL,1577.29,,,1572.01,TRANSITION,0.0033475137736243637,0.0008115184905755902,0.00715784668640514,210,2
2026-06-30 23:59:00+00:00,2026-06-30 23:59:00+00:00,BUY,1572.01,,,1572.01,SESSION_RESET,0.0,0.0,0.0,0,3
2026-07-01 00:29:00+00:00,2026-07-01 00:44:00+00:00,SELL,1568.69,,,1571.96,TRANSITION,-0.0020845418788925673,0.0035762323977330764,2.549898322802059e-05,15,2
2026-07-01 00:44:00+00:00,2026-07-01 01:14:00+00:00,BUY,1571.96,,,1563.72,TRANSITION,-0.005241863660652948,0.01211226748772231,0.0030153439018804607,30,1
2026-07-01 01:14:00+00:00,2026-07-01 01:29:00+00:00,SELL,1563.72,,,1569.81,TRANSITION,-0.0038945591282326234,0.005602025938147489,0.002634742792827436,15,5
2026-07-01 01:29:00+00:00,2026-07-01 05:14:00+00:00,BUY,1569.81,,,1595.77,TRANSITION,0.016537033144138485,0.0004841350227097489,0.02179244621960622,225,9
2026-07-01 05:14:00+00:00,2026-07-01 08:44:00+00:00,SELL,1595.77,,,1575.72,TRANSITION,0.01256446731045198,0.001516509271386273,0.01708266228842502,210,5
2026-07-01 08:44:00+00:00,2026-07-01 09:29:00+00:00,BUY,1575.72,,,1580.13,TRANSITION,0.0027987205848755375,0.001091564491153268,0.006098799279059668,45,1
2026-07-01 09:29:00+00:00,2026-07-01 09:44:00+00:00,SELL,1580.13,,,1581.44,TRANSITION,-0.000829045711428772,0.0010125749147221487,0.0004556587116250101,15,10
2026-07-01 09:44:00+00:00,2026-07-01 10:14:00+00:00,BUY,1581.44,,,1574.96,TRANSITION,-0.004097531363820327,0.004394728854714719,0.0010496762444353591,30,5
2026-07-01 10:14:00+00:00,2026-07-01 11:14:00+00:00,SELL,1574.96,,,1574.59,TRANSITION,0.00023492660131058454,0.0012889216234062914,0.0027429268044902324,60,1
2026-07-01 11:14:00+00:00,2026-07-01 11:29:00+00:00,BUY,1574.59,,,1572.79,TRANSITION,-0.0011431547259921342,0.00120666332188053,0.0008700677636718881,15,675
2026-07-01 11:29:00+00:00,2026-07-01 11:44:00+00:00,SELL,1572.79,,,1573.17,TRANSITION,-0.0002416088606871287,0.000947361059009791,0.0012843418383890932,15,2
2026-07-01 11:44:00+00:00,2026-07-01 11:59:00+00:00,BUY,1573.17,,,1569.89,TRANSITION,-0.0020849622100599253,0.003839381630720115,0.0005657366972417938,15,705
2026-07-01 11:59:00+00:00,2026-07-01 12:59:00+00:00,SELL,1569.89,,,1570.24,TRANSITION,-0.00022294555669499712,0.0016561669925917795,0.0029492512214232265,60,2
2026-07-01 12:59:00+00:00,2026-07-01 18:29:00+00:00,BUY,1570.24,,,1617.88,TRANSITION,0.030339311188098697,0.00015284287752191327,0.038694721825962904,330,2
2026-07-01 18:29:00+00:00,2026-07-01 18:44:00+00:00,SELL,1617.88,,,1619.7,TRANSITION,-0.0011249289193264865,0.0014710608945038455,0.0023858382574728208,15,2
2026-07-01 18:44:00+00:00,2026-07-01 22:29:00+00:00,BUY,1619.7,,,1627.73,TRANSITION,0.004957708217571138,0.005754152003457391,0.016398098413286377,225,225
2026-07-01 22:29:00+00:00,2026-07-01 23:59:00+00:00,SELL,1627.73,,,1609.58,SESSION_RESET,0.011150497932703883,0.001861488084633184,0.0119061515116144,90,1
2026-07-02 01:14:00+00:00,2026-07-02 05:29:00+00:00,BUY,1609.3,,,1632.42,TRANSITION,0.014366494749269943,0.0007643074628720675,0.020518237743118114,255,3
2026-07-02 05:29:00+00:00,2026-07-02 08:14:00+00:00,SELL,1632.42,,,1618.36,TRANSITION,0.008612979502824133,0.0,0.01108783278813059,165,2
2026-07-02 08:14:00+00:00,2026-07-02 10:44:00+00:00,BUY,1618.36,,,1644.64,TRANSITION,0.016238661360883984,0.0,0.020755579722682313,150,11
2026-07-02 10:44:00+00:00,2026-07-02 10:59:00+00:00,SELL,1644.64,,,1646.12,TRANSITION,-0.0008998929856988707,0.0019213931316275016,0.0009363751337679924,15,1
2026-07-02 10:59:00+00:00,2026-07-02 16:29:00+00:00,BUY,1646.12,,,1689.68,TRANSITION,0.02646222632614887,0.0009659077102519368,0.047918742254513716,330,110
2026-07-02 16:29:00+00:00,2026-07-02 16:44:00+00:00,SELL,1689.68,,,1697.29,TRANSITION,-0.004503811372567527,0.004793807111405656,0.00034917854268272423,15,3
2026-07-02 16:44:00+00:00,2026-07-02 17:59:00+00:00,BUY,1697.29,,,1695.89,TRANSITION,-0.000824844310636287,0.0016379051311207705,0.00509635949071761,75,5
2026-07-02 17:59:00+00:00,2026-07-02 18:14:00+00:00,SELL,1695.89,,,1702.39,TRANSITION,-0.0038327957591589076,0.004163005855332566,0.000259450789850789,15,2
2026-07-02 18:14:00+00:00,2026-07-02 20:29:00+00:00,BUY,1702.39,,,1696.75,TRANSITION,-0.003312989385511017,0.004487808316543271,0.0027901949612016046,135,3
2026-07-02 20:29:00+00:00,2026-07-02 20:44:00+00:00,SELL,1696.75,,,1697.95,TRANSITION,-0.0007072344187417389,0.001119787829674431,0.00039487255046416546,15,1
2026-07-02 20:44:00+00:00,2026-07-02 21:44:00+00:00,BUY,1697.95,,,1698.72,TRANSITION,0.0004534880296828421,5.889454930940784e-06,0.005141494154715992,60,1245
2026-07-02 21:44:00+00:00,2026-07-02 21:59:00+00:00,SELL,1698.72,,,1700.23,TRANSITION,-0.0008889045869831349,0.000924225299048658,0.000800602806819327,15,3
2026-07-02 21:59:00+00:00,2026-07-02 22:29:00+00:00,BUY,1700.23,,,1696.58,TRANSITION,-0.0021467683783959178,0.002217347064808868,0.0002646700740488319,30,1
2026-07-02 22:29:00+00:00,2026-07-02 23:29:00+00:00,SELL,1696.58,,,1698.37,TRANSITION,-0.001055063716417713,0.0025934527107475576,0.0026229237642786184,60,2
2026-07-02 23:29:00+00:00,2026-07-02 23:59:00+00:00,BUY,1698.37,,,1700.57,SESSION_RESET,0.0012953596683879518,0.0013954556427632912,0.002019583482986666,30,10
