entry_time,exit_time,direction,entry_price,sl_price,tp_price,exit_price,exit_reason,pnl_pct,mae_pct,mfe_pct,duration_minutes,smallest_tf
2026-05-02 02:29:00+00:00,2026-05-02 02:59:00+00:00,SELL,2295.87,,,2303.31,TRANSITION,-0.003240601602007106,0.005431492201213595,0.0001916484818391523,30,5
2026-05-02 02:59:00+00:00,2026-05-02 04:59:00+00:00,BUY,2303.31,,,2301.26,TRANSITION,-0.0008900234879368072,0.0016150670122561878,0.002183813728938007,120,2
2026-05-02 04:59:00+00:00,2026-05-02 06:59:00+00:00,SELL,2301.26,,,2305.58,TRANSITION,-0.0018772324726452937,0.0022118317791121776,0.0020162867298785564,120,20
2026-05-02 06:59:00+00:00,2026-05-02 07:59:00+00:00,BUY,2305.58,,,2301.02,TRANSITION,-0.0019778103557456022,0.0019821476591572224,0.0002515635978798945,60,1
2026-05-02 07:59:00+00:00,2026-05-02 08:29:00+00:00,SELL,2301.02,,,2302.83,TRANSITION,-0.0007866076783339326,0.0010212862122015059,0.0008561420587390809,30,1
2026-05-02 08:29:00+00:00,2026-05-02 10:59:00+00:00,BUY,2302.83,,,2303.54,TRANSITION,0.00030831628908779043,0.00018238428368575743,0.0021495290577247445,150,3
2026-05-02 10:59:00+00:00,2026-05-02 11:29:00+00:00,SELL,2303.54,,,2304.7,TRANSITION,-0.0005035727619228902,0.0006294659524036127,0.0009116403448604796,30,1
2026-05-02 11:29:00+00:00,2026-05-02 17:29:00+00:00,BUY,2304.7,,,2307.28,TRANSITION,0.001119451555517153,0.0019308369852908485,0.004026554432247234,360,10
2026-05-02 17:29:00+00:00,2026-05-02 18:29:00+00:00,SELL,2307.28,,,2309.28,TRANSITION,-0.0008668215387815956,0.0013089005235602015,0.001386914462050671,60,10
2026-05-02 18:29:00+00:00,2026-05-02 23:59:00+00:00,BUY,2309.28,,,2316.97,TRANSITION,0.003330042264255352,0.000155892745790951,0.014861775098731945,330,2
2026-05-02 23:59:00+00:00,2026-05-02 23:59:00+00:00,SELL,2316.97,,,2316.97,SESSION_RESET,0.0,0.0,0.0,0,1
2026-05-03 01:29:00+00:00,2026-05-03 04:29:00+00:00,SELL,2307.48,,,2303.69,TRANSITION,0.0016424844419019725,4.333732036578229e-06,0.004286060984277165,180,5
2026-05-03 04:29:00+00:00,2026-05-03 04:59:00+00:00,BUY,2303.69,,,2301.53,TRANSITION,-0.000937626156297008,0.0012328047610573234,0.000295178604760118,30,2
2026-05-03 04:59:00+00:00,2026-05-03 05:59:00+00:00,SELL,2301.53,,,2304.11,TRANSITION,-0.0011209934261121632,0.0017510091113301781,0.00011731326552336132,60,12
2026-05-03 05:59:00+00:00,2026-05-03 06:29:00+00:00,BUY,2304.11,,,2301.0,TRANSITION,-0.0013497619471293156,0.001918311191740009,0.0,30,2
2026-05-03 06:29:00+00:00,2026-05-03 06:59:00+00:00,SELL,2301.0,,,2304.49,TRANSITION,-0.0015167318557148116,0.0023381138635376396,4.345936549421243e-06,30,2
2026-05-03 06:59:00+00:00,2026-05-03 08:29:00+00:00,BUY,2304.49,,,2308.8,TRANSITION,0.001870261966856181,3.037548438036571e-05,0.004131065875747101,90,2
2026-05-03 08:29:00+00:00,2026-05-03 09:29:00+00:00,SELL,2308.8,,,2312.36,TRANSITION,-0.001541926541926518,0.002018364518364455,0.0005673943173944907,60,2
2026-05-03 09:29:00+00:00,2026-05-03 10:29:00+00:00,BUY,2312.36,,,2311.41,TRANSITION,-0.0004108356830252525,0.0005794945423723579,0.0042856648618726555,60,5
2026-05-03 10:29:00+00:00,2026-05-03 11:59:00+00:00,SELL,2311.41,,,2319.63,TRANSITION,-0.003556270847664523,0.006961118970671645,0.0003850463569855079,90,2
2026-05-03 11:59:00+00:00,2026-05-03 13:59:00+00:00,BUY,2319.63,,,2322.21,TRANSITION,0.0011122463496333152,0.0,0.005595720007070101,120,2
2026-05-03 13:59:00+00:00,2026-05-03 14:29:00+00:00,SELL,2322.21,,,2324.64,TRANSITION,-0.001046416990711364,0.001890440571696734,0.00043923676153318685,30,2
2026-05-03 14:29:00+00:00,2026-05-03 16:59:00+00:00,BUY,2324.64,,,2328.41,TRANSITION,0.0016217564870259404,0.0009721935439464879,0.00445660403331274,150,3
2026-05-03 16:59:00+00:00,2026-05-03 17:29:00+00:00,SELL,2328.41,,,2332.41,TRANSITION,-0.0017179105054522185,0.002701414269823598,0.0018467537933610177,30,1
2026-05-03 17:29:00+00:00,2026-05-03 19:29:00+00:00,BUY,2332.41,,,2328.94,TRANSITION,-0.0014877315737798244,0.0017664132806838812,0.0012604987973812729,120,3
2026-05-03 19:29:00+00:00,2026-05-03 19:59:00+00:00,SELL,2328.94,,,2335.59,TRANSITION,-0.0028553762655972635,0.003834362413801917,0.0,30,2
2026-05-03 19:59:00+00:00,2026-05-03 20:59:00+00:00,BUY,2335.59,,,2329.58,TRANSITION,-0.0025732256089468692,0.0031298301499834923,0.003750658291909009,60,6
2026-05-03 20:59:00+00:00,2026-05-03 22:29:00+00:00,SELL,2329.58,,,2338.66,TRANSITION,-0.0038976982975471664,0.011736021085345919,0.006258638896281702,90,12
2026-05-03 22:29:00+00:00,2026-05-03 23:29:00+00:00,BUY,2338.66,,,2326.65,TRANSITION,-0.005135419428219478,0.007281947782063125,0.005567290670725964,60,3
2026-05-03 23:29:00+00:00,2026-05-03 23:59:00+00:00,SELL,2326.65,,,2322.65,SESSION_RESET,0.001719210022994434,0.001010035888509191,0.0028753787634582142,30,10
2026-05-04 05:29:00+00:00,2026-05-04 09:29:00+00:00,SELL,2377.7,,,2362.85,TRANSITION,0.006245531395886744,0.0016570635488076945,0.009883500862177735,240,5
2026-05-04 09:29:00+00:00,2026-05-04 10:29:00+00:00,BUY,2362.85,,,2324.18,TRANSITION,-0.016365829400935342,0.020568381403813153,0.0034873140487124603,60,1
2026-05-04 10:29:00+00:00,2026-05-04 12:29:00+00:00,SELL,2324.18,,,2340.84,TRANSITION,-0.007168119508816146,0.009340928843721242,0.0010799507783389255,120,2
2026-05-04 12:29:00+00:00,2026-05-04 12:59:00+00:00,BUY,2340.84,,,2335.53,TRANSITION,-0.002268416465884018,0.002268416465884018,0.0006108918166127698,30,15
2026-05-04 12:59:00+00:00,2026-05-04 14:29:00+00:00,SELL,2335.53,,,2345.76,TRANSITION,-0.004380162104533025,0.007360213741634489,0.004204613085680836,90,2
2026-05-04 14:29:00+00:00,2026-05-04 18:29:00+00:00,BUY,2345.76,,,2363.76,TRANSITION,0.00767341927562922,0.004156435440965827,0.015363890594093155,240,2
2026-05-04 18:29:00+00:00,2026-05-04 21:29:00+00:00,SELL,2363.76,,,2359.16,TRANSITION,0.0019460520526620145,0.0010703286289639156,0.00676464615697035,180,1
2026-05-04 21:29:00+00:00,2026-05-04 22:59:00+00:00,BUY,2359.16,,,2354.58,TRANSITION,-0.0019413689618338423,0.002208413164007544,0.0028611878804320184,90,1
2026-05-04 22:59:00+00:00,2026-05-04 23:59:00+00:00,SELL,2354.58,,,2347.16,SESSION_RESET,0.0031513051159867463,0.0,0.0041408658869097675,60,5
2026-05-05 00:59:00+00:00,2026-05-05 06:29:00+00:00,BUY,2358.83,,,2371.2,TRANSITION,0.0052441252654917446,0.0015812924203948645,0.013527893065629933,330,2
2026-05-05 06:29:00+00:00,2026-05-05 06:59:00+00:00,SELL,2371.2,,,2378.85,TRANSITION,-0.003226214574898824,0.0032557354925777057,0.00016447368421047262,30,10
2026-05-05 06:59:00+00:00,2026-05-05 08:29:00+00:00,BUY,2378.85,,,2378.34,TRANSITION,-0.00021438930575688403,0.0012779284107867093,0.004081804233137876,90,1
2026-05-05 08:29:00+00:00,2026-05-05 10:29:00+00:00,SELL,2378.34,,,2374.42,TRANSITION,0.00164820841427217,0.0006979658080845692,0.004868942203385524,120,2
2026-05-05 10:29:00+00:00,2026-05-05 14:59:00+00:00,BUY,2374.42,,,2378.78,TRANSITION,0.001836237902308828,0.0022110662814497856,0.01056257949309723,270,5
2026-05-05 14:59:00+00:00,2026-05-05 15:29:00+00:00,SELL,2378.78,,,2385.04,TRANSITION,-0.00263160107281874,0.0038465095553181193,0.001378858070103246,30,3
2026-05-05 15:29:00+00:00,2026-05-05 16:29:00+00:00,BUY,2385.04,,,2376.45,TRANSITION,-0.003601616744373321,0.00451984033810743,0.0010272364404789094,60,2
2026-05-05 16:29:00+00:00,2026-05-05 18:29:00+00:00,SELL,2376.45,,,2372.1,TRANSITION,0.0018304614025121124,-4.207957247054865e-06,0.007044120431736322,120,2
2026-05-05 18:29:00+00:00,2026-05-05 19:29:00+00:00,BUY,2372.1,,,2371.31,TRANSITION,-0.0003330382361620352,0.0011677416635049037,0.001129800598625813,60,2
2026-05-05 19:29:00+00:00,2026-05-05 19:59:00+00:00,SELL,2371.31,,,2371.94,TRANSITION,-0.00026567593439917565,0.0022856564514973044,0.0007379887066642489,30,1
2026-05-05 19:59:00+00:00,2026-05-05 21:29:00+00:00,BUY,2371.94,,,2375.9,TRANSITION,0.001669519465079233,0.0003077649518959241,0.0069984906869481976,90,1200
2026-05-05 21:29:00+00:00,2026-05-05 22:29:00+00:00,SELL,2375.9,,,2376.77,TRANSITION,-0.00036617702765263303,0.0024327623216464267,0.0029462519466307503,60,2
2026-05-05 22:29:00+00:00,2026-05-05 22:59:00+00:00,BUY,2376.77,,,2367.51,TRANSITION,-0.003896043790522332,0.009437177345725432,0.0,30,5
2026-05-05 22:59:00+00:00,2026-05-05 23:59:00+00:00,SELL,2367.51,,,2360.77,SESSION_RESET,0.00284687287487708,0.0009461417269619902,0.005284032591203508,60,2
2026-05-06 00:59:00+00:00,2026-05-06 02:29:00+00:00,BUY,2364.63,,,2363.37,TRANSITION,-0.0005328529199072236,0.0007950503884329087,0.00522703340480315,90,2
2026-05-06 02:29:00+00:00,2026-05-06 02:59:00+00:00,SELL,2363.37,,,2369.75,TRANSITION,-0.0026995349860580906,0.0030972721156654116,0.0014259299221027139,30,2
2026-05-06 02:59:00+00:00,2026-05-06 04:29:00+00:00,BUY,2369.75,,,2372.92,TRANSITION,0.0013376938495622207,0.0007047156873088185,0.004692478109505176,90,3
2026-05-06 04:29:00+00:00,2026-05-06 06:29:00+00:00,SELL,2372.92,,,2365.51,TRANSITION,0.0031227348583179604,0.0003202804982889282,0.007551877012288688,120,1
2026-05-06 06:29:00+00:00,2026-05-06 12:59:00+00:00,BUY,2365.51,,,2405.11,TRANSITION,0.016740576028002378,0.0004185144007001604,0.02461625611390337,390,2
2026-05-06 12:59:00+00:00,2026-05-06 19:59:00+00:00,SELL,2405.11,,,2348.5,TRANSITION,0.023537384984470618,0.0,0.027903089671574323,420,6
2026-05-06 19:59:00+00:00,2026-05-06 22:29:00+00:00,BUY,2348.5,,,2345.56,TRANSITION,-0.0012518628912071767,0.001494571002767817,0.0038109431552053727,150,2
2026-05-06 22:29:00+00:00,2026-05-06 23:29:00+00:00,SELL,2345.56,,,2349.4,TRANSITION,-0.001637135694674255,0.0016968229335425308,0.003103736421153049,60,3
2026-05-06 23:29:00+00:00,2026-05-06 23:59:00+00:00,BUY,2349.4,,,2350.84,SESSION_RESET,0.0006129224482846916,0.0010811270962798856,0.0008257427428279792,30,1
2026-05-07 01:29:00+00:00,2026-05-07 01:59:00+00:00,BUY,2332.03,,,2327.41,TRANSITION,-0.0019811065895380185,0.002547137043691571,0.0012735685218456879,30,1
2026-05-07 01:59:00+00:00,2026-05-07 02:59:00+00:00,SELL,2327.41,,,2321.88,TRANSITION,0.0023760317262535376,0.00023201756458894807,0.005809032357857009,60,2
2026-05-07 02:59:00+00:00,2026-05-07 08:29:00+00:00,BUY,2321.88,,,2337.62,TRANSITION,0.00677898943959196,0.002644408841111654,0.010771443829999726,330,1
2026-05-07 08:29:00+00:00,2026-05-07 12:29:00+00:00,SELL,2337.62,,,2333.06,TRANSITION,0.0019507019960472384,0.0014288036549995916,0.00867121260085043,240,1
2026-05-07 12:29:00+00:00,2026-05-07 13:29:00+00:00,BUY,2333.06,,,2324.94,TRANSITION,-0.0034804077049025274,0.004500527204615398,0.0013072959975312173,60,2
2026-05-07 13:29:00+00:00,2026-05-07 16:29:00+00:00,SELL,2324.94,,,2297.35,TRANSITION,0.011866972911128952,0.0,0.017019794059201596,180,3
2026-05-07 16:29:00+00:00,2026-05-07 16:59:00+00:00,BUY,2297.35,,,2291.81,TRANSITION,-0.0024114740897120436,0.003369099179489317,0.00024811195507874886,30,5
2026-05-07 16:59:00+00:00,2026-05-07 17:59:00+00:00,SELL,2291.81,,,2299.6,TRANSITION,-0.0033990601315117587,0.004119015101600942,0.005109498605905392,60,4
2026-05-07 17:59:00+00:00,2026-05-07 18:59:00+00:00,BUY,2299.6,,,2296.19,TRANSITION,-0.001482866585493066,0.0036223691076708677,0.001913376239346013,60,3
2026-05-07 18:59:00+00:00,2026-05-07 21:29:00+00:00,SELL,2296.19,,,2293.82,TRANSITION,0.0010321445524977858,0.0027785157151629914,0.006489010055788106,150,1
2026-05-07 21:29:00+00:00,2026-05-07 21:59:00+00:00,BUY,2293.82,,,2287.68,TRANSITION,-0.0026767575485436203,0.0026811170885248582,0.0002048983791229477,30,1
2026-05-07 21:59:00+00:00,2026-05-07 23:59:00+00:00,SELL,2287.68,,,2291.06,SESSION_RESET,-0.0014774793677437882,0.0024304098475310997,0.0029025038466917895,120,2
2026-05-08 04:29:00+00:00,2026-05-08 05:29:00+00:00,BUY,2282.58,,,2280.27,TRANSITION,-0.0010120127224456296,0.0026636525335365802,0.000122668208781379,60,5
2026-05-08 05:29:00+00:00,2026-05-08 07:59:00+00:00,SELL,2280.27,,,2281.35,TRANSITION,-0.000473628122985404,0.0016357712025330414,0.005753704605156359,150,330
2026-05-08 07:59:00+00:00,2026-05-08 12:59:00+00:00,BUY,2281.35,,,2284.53,TRANSITION,0.0013939114997700006,0.0005260043395357214,0.009051658009511953,300,1
2026-05-08 12:59:00+00:00,2026-05-08 15:59:00+00:00,SELL,2284.53,,,2293.2,TRANSITION,-0.0037950913316960678,0.0043378725602202,0.006377679435157412,180,1
2026-05-08 15:59:00+00:00,2026-05-08 20:59:00+00:00,BUY,2293.2,,,2306.65,TRANSITION,0.005865166579452413,0.0029565672422814174,0.01221873364730507,300,5
2026-05-08 20:59:00+00:00,2026-05-08 21:29:00+00:00,SELL,2306.65,,,2308.76,TRANSITION,-0.0009147464938331031,0.001508681421108542,0.0010578111113519844,30,1
2026-05-08 21:29:00+00:00,2026-05-08 22:59:00+00:00,BUY,2308.76,,,2310.98,TRANSITION,0.0009615551204974963,0.0,0.004500251217103498,90,10
2026-05-08 22:59:00+00:00,2026-05-08 23:59:00+00:00,SELL,2310.98,,,2307.06,SESSION_RESET,0.0016962500757254813,0.0,0.0033708643086482635,60,10
2026-05-09 04:29:00+00:00,2026-05-09 05:29:00+00:00,SELL,2316.76,,,2315.56,TRANSITION,0.0005179647438665519,0.00023308413473987965,0.002529394499214475,60,3
2026-05-09 05:29:00+00:00,2026-05-09 06:59:00+00:00,BUY,2315.56,,,2314.35,TRANSITION,-0.0005225517801309559,0.0011271571455717525,0.0017403997305188378,90,3
2026-05-09 06:59:00+00:00,2026-05-09 07:29:00+00:00,SELL,2314.35,,,2316.2,TRANSITION,-0.0007993605115906882,0.0018190852723226983,0.0013005811566961624,30,2
2026-05-09 07:29:00+00:00,2026-05-09 09:29:00+00:00,BUY,2316.2,,,2313.19,TRANSITION,-0.001299542353855351,0.0020853121492098816,0.0018694413263105009,120,1
2026-05-09 09:29:00+00:00,2026-05-09 11:29:00+00:00,SELL,2313.19,,,2315.2,TRANSITION,-0.0008689299192888451,0.000977005779896923,0.0012752951551754385,120,3
2026-05-09 11:29:00+00:00,2026-05-09 13:29:00+00:00,BUY,2315.2,,,2314.05,TRANSITION,-0.0004967173462334297,0.000941603317207946,0.0013260193503801675,120,2
2026-05-09 13:29:00+00:00,2026-05-09 13:59:00+00:00,SELL,2314.05,,,2314.34,TRANSITION,-0.0001253214061925903,0.0003111428015815561,0.0010198569607398835,30,9
2026-05-09 13:59:00+00:00,2026-05-09 14:29:00+00:00,BUY,2314.34,,,2308.03,TRANSITION,-0.002726479255424849,0.0037029995592696677,0.0004234468574194017,30,2
2026-05-09 14:29:00+00:00,2026-05-09 15:29:00+00:00,SELL,2308.03,,,2310.9,TRANSITION,-0.001243484703405021,0.001460119669155033,0.0034791575499452778,60,10
2026-05-09 15:29:00+00:00,2026-05-09 19:29:00+00:00,BUY,2310.9,,,2328.54,TRANSITION,0.007633389588471968,0.0002509844649270532,0.011887143537149942,240,2
2026-05-09 19:29:00+00:00,2026-05-09 19:59:00+00:00,SELL,2328.54,,,2332.01,TRANSITION,-0.0014902041622648762,0.0019583086397484887,0.0005153443788811093,30,2
2026-05-09 19:59:00+00:00,2026-05-09 22:59:00+00:00,BUY,2332.01,,,2329.89,TRANSITION,-0.0009090870107762597,0.002054022066800922,0.0006260693564777087,180,6
2026-05-09 22:59:00+00:00,2026-05-09 23:59:00+00:00,SELL,2329.89,,,2326.44,SESSION_RESET,0.0014807566022429464,0.0008884539613458849,0.0022275729755482252,60,2
2026-05-10 01:59:00+00:00,2026-05-10 03:29:00+00:00,BUY,2323.67,,,2325.67,TRANSITION,0.0008607074154247375,0.0015449698106874666,0.002599336394582692,90,8
2026-05-10 03:29:00+00:00,2026-05-10 03:59:00+00:00,SELL,2325.67,,,2327.76,TRANSITION,-0.0008986657608345748,0.0031130813915988863,0.0008470677267197215,30,10
2026-05-10 03:59:00+00:00,2026-05-10 05:29:00+00:00,BUY,2327.76,,,2328.93,TRANSITION,0.0005026291370242714,0.0007131319380006139,0.0013833041206996425,90,80
2026-05-10 05:29:00+00:00,2026-05-10 06:59:00+00:00,SELL,2328.93,,,2329.3,TRANSITION,-0.00015887124129980104,0.0007814747545010644,0.0010391037944462128,90,2
2026-05-10 06:59:00+00:00,2026-05-10 07:59:00+00:00,BUY,2329.3,,,2327.36,TRANSITION,-0.0008328682436783817,0.0008328682436783817,0.001197784742197211,60,2
2026-05-10 07:59:00+00:00,2026-05-10 08:29:00+00:00,SELL,2327.36,,,2330.53,TRANSITION,-0.0013620582978138632,0.001920631101333614,0.0005156056647876877,30,2
2026-05-10 08:29:00+00:00,2026-05-10 09:29:00+00:00,BUY,2330.53,,,2329.18,TRANSITION,-0.0005792673769487471,0.0006994117217972345,0.001313006054416783,60,2
2026-05-10 09:29:00+00:00,2026-05-10 12:29:00+00:00,SELL,2329.18,,,2324.21,TRANSITION,0.002133798160726007,0.00024472131823223786,0.004370636876497238,180,1
2026-05-10 12:29:00+00:00,2026-05-10 14:29:00+00:00,BUY,2324.21,,,2327.58,TRANSITION,0.0014499550384861482,0.0006841034157843506,0.003347373946416092,120,2
2026-05-10 14:29:00+00:00,2026-05-10 14:59:00+00:00,SELL,2327.58,,,2330.9,TRANSITION,-0.0014263741740349048,0.003187860352812824,0.00018903754113717018,30,2
2026-05-10 14:59:00+00:00,2026-05-10 20:59:00+00:00,BUY,2330.9,,,2328.76,TRANSITION,-0.0009181003046033174,0.008181389162984325,0.016714573769788507,360,20
2026-05-10 20:59:00+00:00,2026-05-10 21:29:00+00:00,SELL,2328.76,,,2335.0,TRANSITION,-0.0026795376079972954,0.0026795376079972954,0.002035417990690426,30,14
2026-05-10 21:29:00+00:00,2026-05-10 23:59:00+00:00,BUY,2335.0,,,2371.27,SESSION_RESET,0.01553319057815845,0.003032119914346864,0.020355460385439058,150,1
2026-05-11 01:29:00+00:00,2026-05-11 02:29:00+00:00,BUY,2362.06,,,2350.19,TRANSITION,-0.005025274548487291,0.006308053140055753,0.0013335817041057769,60,3
2026-05-11 02:29:00+00:00,2026-05-11 04:29:00+00:00,SELL,2350.19,,,2331.85,TRANSITION,0.007803624387815515,0.00022125870674285134,0.012841514941345097,120,15
2026-05-11 04:29:00+00:00,2026-05-11 06:59:00+00:00,BUY,2331.85,,,2333.48,TRANSITION,0.0006990158029033211,0.0007933614940926342,0.004541458498617041,150,9
2026-05-11 06:59:00+00:00,2026-05-11 07:59:00+00:00,SELL,2333.48,,,2330.54,TRANSITION,0.0012599208049779962,4.285444914789727e-06,0.002241287690488034,60,7
2026-05-11 07:59:00+00:00,2026-05-11 08:29:00+00:00,BUY,2330.54,,,2327.81,TRANSITION,-0.001171402335939318,0.0016648502063899822,0.0014159808456410026,30,1
2026-05-11 08:29:00+00:00,2026-05-11 09:29:00+00:00,SELL,2327.81,,,2336.0,TRANSITION,-0.003518328385907808,0.004081089092322827,0.00040810890923220457,60,1
2026-05-11 09:29:00+00:00,2026-05-11 10:59:00+00:00,BUY,2336.0,,,2329.94,TRANSITION,-0.0025941780821917577,0.002598458904109659,0.0016695205479452444,90,1
2026-05-11 10:59:00+00:00,2026-05-11 11:59:00+00:00,SELL,2329.94,,,2335.8,TRANSITION,-0.0025150862253964165,0.0025150862253964165,0.0010772809600248154,60,1
2026-05-11 11:59:00+00:00,2026-05-11 12:59:00+00:00,BUY,2335.8,,,2329.5,TRANSITION,-0.0026971487284871056,0.0030011131089991514,0.001322887233495886,60,1
2026-05-11 12:59:00+00:00,2026-05-11 15:29:00+00:00,SELL,2329.5,,,2332.73,TRANSITION,-0.0013865636402661593,0.0022107748443872467,0.010946555054732776,150,1
2026-05-11 15:29:00+00:00,2026-05-11 16:59:00+00:00,BUY,2332.73,,,2329.78,TRANSITION,-0.001264612706999875,0.0025935277550338796,0.0036352256797829233,90,3
2026-05-11 16:59:00+00:00,2026-05-11 17:59:00+00:00,SELL,2329.78,,,2336.71,TRANSITION,-0.002974529783928026,0.006030612332494796,0.002618272969980154,60,2
2026-05-11 17:59:00+00:00,2026-05-11 18:59:00+00:00,BUY,2336.71,,,2335.35,TRANSITION,-0.000582014884174813,0.0009243765807480836,0.0032695542022757947,60,1
2026-05-11 18:59:00+00:00,2026-05-11 19:59:00+00:00,SELL,2335.35,,,2340.43,TRANSITION,-0.00217526280857256,0.0037039415933372262,0.001468730597126699,60,1
2026-05-11 19:59:00+00:00,2026-05-11 20:59:00+00:00,BUY,2340.43,,,2338.15,TRANSITION,-0.0009741799583836071,0.0017774511521386476,0.0021406322769748375,60,240
2026-05-11 20:59:00+00:00,2026-05-11 21:59:00+00:00,SELL,2338.15,,,2340.71,TRANSITION,-0.0010948827064131666,0.0018561683382159787,0.000765562517374832,60,3
2026-05-11 21:59:00+00:00,2026-05-11 23:29:00+00:00,BUY,2340.71,,,2336.36,TRANSITION,-0.0018584104822895228,0.0021660094586685935,0.0021232873786158047,90,8
2026-05-11 23:29:00+00:00,2026-05-11 23:59:00+00:00,SELL,2336.36,,,2339.87,SESSION_RESET,-0.0015023369686177487,0.002512455272303879,0.0005478607748806691,30,1
2026-05-12 02:29:00+00:00,2026-05-12 03:29:00+00:00,BUY,2314.84,,,2311.57,TRANSITION,-0.0014126246306440107,0.002954847851255441,0.0010670283907310224,60,2
2026-05-12 03:29:00+00:00,2026-05-12 04:29:00+00:00,SELL,2311.57,,,2312.08,TRANSITION,-0.00022062926928440995,0.0009603862310030844,0.0025610299493418207,60,7
2026-05-12 04:29:00+00:00,2026-05-12 05:59:00+00:00,BUY,2312.08,,,2310.12,TRANSITION,-0.0008477215321269318,0.0010120757067230137,0.0010423514757274205,90,9
2026-05-12 05:59:00+00:00,2026-05-12 09:59:00+00:00,SELL,2310.12,,,2292.84,TRANSITION,0.00748013090229068,0.0016103059581321555,0.013038283725520705,240,1
2026-05-12 09:59:00+00:00,2026-05-12 10:59:00+00:00,BUY,2292.84,,,2286.2,TRANSITION,-0.002895971807889049,0.00498072259730294,0.0004535859458139092,60,1
2026-05-12 10:59:00+00:00,2026-05-12 11:59:00+00:00,SELL,2286.2,,,2287.01,TRANSITION,-0.00035429971131152143,0.00038929227539162255,0.0033374157991425315,60,30
2026-05-12 11:59:00+00:00,2026-05-12 13:29:00+00:00,BUY,2287.01,,,2285.02,TRANSITION,-0.000870131744067685,0.002566670018933168,0.00306076492888094,90,1
2026-05-12 13:29:00+00:00,2026-05-12 17:29:00+00:00,SELL,2285.02,,,2275.0,TRANSITION,0.004385081968647969,0.0002844614051518547,0.012581946766330274,240,2
2026-05-12 17:29:00+00:00,2026-05-12 22:29:00+00:00,BUY,2275.0,,,2285.81,TRANSITION,0.0047516483516483275,0.00033406593406603,0.007195604395604347,300,2
2026-05-12 22:29:00+00:00,2026-05-12 23:29:00+00:00,SELL,2285.81,,,2282.88,TRANSITION,0.0012818213237319972,0.0004987291157182236,0.002900503541414251,60,2
2026-05-12 23:29:00+00:00,2026-05-12 23:59:00+00:00,BUY,2282.88,,,2274.96,TRANSITION,-0.003469301934398686,0.003942388561816653,0.00011827165685449161,30,2
2026-05-12 23:59:00+00:00,2026-05-12 23:59:00+00:00,SELL,2274.96,,,2274.96,SESSION_RESET,0.0,0.0,0.0,0,15
2026-05-13 01:29:00+00:00,2026-05-13 05:59:00+00:00,BUY,2291.76,,,2297.76,TRANSITION,0.002618075191119489,0.0020944601528956703,0.007522602715816569,270,30
2026-05-13 05:59:00+00:00,2026-05-13 06:29:00+00:00,SELL,2297.76,,,2303.59,TRANSITION,-0.0025372536731425067,0.003150894784485665,0.00021760323097277346,30,3
2026-05-13 06:29:00+00:00,2026-05-13 07:29:00+00:00,BUY,2303.59,,,2298.7,TRANSITION,-0.0021227735838410164,0.0028824573817390797,0.00066852174215028,60,15
2026-05-13 07:29:00+00:00,2026-05-13 07:59:00+00:00,SELL,2298.7,,,2301.07,TRANSITION,-0.0010310175316484735,0.0012920346282682623,0.00045242963414102047,30,2
2026-05-13 07:59:00+00:00,2026-05-13 10:29:00+00:00,BUY,2301.07,,,2309.84,TRANSITION,0.0038112704089836385,0.00014775734766875648,0.009686797880985787,150,2
2026-05-13 10:29:00+00:00,2026-05-13 17:29:00+00:00,SELL,2309.84,,,2257.51,TRANSITION,0.02265524884840505,0.0006017732829979014,0.032777162054514614,420,2
2026-05-13 17:29:00+00:00,2026-05-13 19:29:00+00:00,BUY,2257.51,,,2254.18,TRANSITION,-0.0014750765223633037,0.0030786131622895455,0.0048637658304944665,120,2
2026-05-13 19:29:00+00:00,2026-05-13 19:59:00+00:00,SELL,2254.18,,,2256.53,TRANSITION,-0.001042507696812306,0.002218101482579031,3.1053420755977323e-05,30,3
2026-05-13 19:59:00+00:00,2026-05-13 21:29:00+00:00,BUY,2256.53,,,2255.48,TRANSITION,-0.00046531621560545695,0.0012541379906318027,0.0035142453235719605,90,2
2026-05-13 21:29:00+00:00,2026-05-13 22:59:00+00:00,SELL,2255.48,,,2259.6,TRANSITION,-0.0018266621739052844,0.002247858548956392,0.001986273431819399,90,1
2026-05-13 22:59:00+00:00,2026-05-13 23:59:00+00:00,BUY,2259.6,,,2258.65,SESSION_RESET,-0.0004204283944060091,0.0021109930961231995,0.0009691980881572201,60,2
2026-05-14 01:29:00+00:00,2026-05-14 04:59:00+00:00,SELL,2262.72,,,2256.7,TRANSITION,0.002660514778673447,0.001966659595531163,0.010642059114693788,210,1
2026-05-14 04:59:00+00:00,2026-05-14 06:59:00+00:00,BUY,2256.7,,,2267.71,TRANSITION,0.004878805335224097,0.0005184561527893021,0.008197810962910446,120,3
2026-05-14 06:59:00+00:00,2026-05-14 10:29:00+00:00,SELL,2267.71,,,2263.86,TRANSITION,0.0016977479483707833,0.0014463930573132126,0.006592553721595715,210,2
2026-05-14 10:29:00+00:00,2026-05-14 11:29:00+00:00,BUY,2263.86,,,2257.0,TRANSITION,-0.0030302227169525177,0.0037767353104874776,6.18412799377491e-05,60,18
2026-05-14 11:29:00+00:00,2026-05-14 12:29:00+00:00,SELL,2257.0,,,2254.08,TRANSITION,0.0012937527691626375,0.001533008418254336,0.003987594151528578,60,6
2026-05-14 12:29:00+00:00,2026-05-14 13:59:00+00:00,BUY,2254.08,,,2249.42,TRANSITION,-0.0020673622941509862,0.002506565871663868,0.004986513344690622,90,2
2026-05-14 13:59:00+00:00,2026-05-14 14:29:00+00:00,SELL,2249.42,,,2264.89,TRANSITION,-0.00687732837798179,0.008704466040134758,0.0014625992478060849,30,2
2026-05-14 14:29:00+00:00,2026-05-14 19:29:00+00:00,BUY,2264.89,,,2297.69,TRANSITION,0.014481939520241682,0.000684359946840565,0.024036487423230293,300,15
2026-05-14 19:29:00+00:00,2026-05-14 20:59:00+00:00,SELL,2297.69,,,2298.08,TRANSITION,-0.00016973569106357807,0.002332777702823326,0.0039126252888771924,90,2
2026-05-14 20:59:00+00:00,2026-05-14 21:59:00+00:00,BUY,2298.08,,,2297.19,TRANSITION,-0.00038727981619433296,0.003515978556011944,0.0009529694353547547,60,1
2026-05-14 21:59:00+00:00,2026-05-14 23:59:00+00:00,SELL,2297.19,,,2283.25,SESSION_RESET,0.006068283424531734,0.0019502087332784917,0.007404698784166838,120,3
2026-05-15 01:29:00+00:00,2026-05-15 02:59:00+00:00,SELL,2286.3,,,2276.37,TRANSITION,0.004343262039102607,0.0016183353015788906,0.011306477715085668,90,2
2026-05-15 02:59:00+00:00,2026-05-15 04:29:00+00:00,BUY,2276.37,,,2268.44,TRANSITION,-0.0034836164595385796,0.004212847647789986,0.0014364975816760816,90,2
2026-05-15 04:29:00+00:00,2026-05-15 06:29:00+00:00,SELL,2268.44,,,2253.22,TRANSITION,0.006709456719155126,0.001088854014212322,0.0134409550175452,120,2
2026-05-15 06:29:00+00:00,2026-05-15 08:29:00+00:00,BUY,2253.22,,,2253.98,TRANSITION,0.00033729507105396646,0.0003328569780136871,0.008174967380016187,120,1
2026-05-15 08:29:00+00:00,2026-05-15 09:29:00+00:00,SELL,2253.98,,,2257.88,TRANSITION,-0.0017302726732269546,0.0026708311520066644,0.001765765446011064,60,2
2026-05-15 09:29:00+00:00,2026-05-15 09:59:00+00:00,BUY,2257.88,,,2254.5,TRANSITION,-0.001496979467465104,0.00312682693500095,0.000686484667032671,30,1
2026-05-15 09:59:00+00:00,2026-05-15 10:59:00+00:00,SELL,2254.5,,,2262.44,TRANSITION,-0.0035218451984919295,0.004431137724550801,0.0009536482590375209,60,300
2026-05-15 10:59:00+00:00,2026-05-15 11:59:00+00:00,BUY,2262.44,,,2257.57,TRANSITION,-0.002152543271865725,0.0022895634801364173,0.0006674210144798374,60,2
2026-05-15 11:59:00+00:00,2026-05-15 12:29:00+00:00,SELL,2257.57,,,2258.93,TRANSITION,-0.0006024176437495504,0.0013953055719200893,0.002848195183316704,30,1
2026-05-15 12:29:00+00:00,2026-05-15 13:29:00+00:00,BUY,2258.93,,,2247.47,TRANSITION,-0.005073198372680887,0.00615778266701485,-4.426874670646515e-06,60,10
2026-05-15 13:29:00+00:00,2026-05-15 15:59:00+00:00,SELL,2247.47,,,2222.85,TRANSITION,0.010954539993859714,0.00010678674242603305,0.018847860038176116,150,3
2026-05-15 15:59:00+00:00,2026-05-15 18:59:00+00:00,BUY,2222.85,,,2228.36,TRANSITION,0.00247879973907381,0.0017769979980654647,0.00451222529635387,180,6
2026-05-15 18:59:00+00:00,2026-05-15 20:29:00+00:00,SELL,2228.36,,,2225.2,TRANSITION,0.0014180832540524463,2.6925631406031982e-05,0.004029869500439793,90,380
2026-05-15 20:29:00+00:00,2026-05-15 20:59:00+00:00,BUY,2225.2,,,2220.14,TRANSITION,-0.0022739529031098084,0.003689555994966761,0.0002741326622326655,30,2
2026-05-15 20:59:00+00:00,2026-05-15 22:59:00+00:00,SELL,2220.14,,,2224.18,TRANSITION,-0.0018197050636446187,0.002225084904555593,0.00231516931364683,120,2
2026-05-15 22:59:00+00:00,2026-05-15 23:59:00+00:00,BUY,2224.18,,,2224.66,SESSION_RESET,0.00021580987150321388,0.0005844850686543928,0.0009486642268162322,60,4
2026-05-16 01:29:00+00:00,2026-05-16 01:59:00+00:00,SELL,2224.3,,,2229.62,TRANSITION,-0.0023917637009394904,0.0029447466618710274,0.00034617632513598965,30,1
2026-05-16 01:59:00+00:00,2026-05-16 03:59:00+00:00,BUY,2229.62,,,2228.01,TRANSITION,-0.0007220961419433234,0.001175088131609822,0.0008431930104682005,120,3
2026-05-16 03:59:00+00:00,2026-05-16 04:59:00+00:00,SELL,2228.01,,,2225.98,TRANSITION,0.000911126969807227,0.0004263894686288742,0.004335707649427206,60,2
2026-05-16 04:59:00+00:00,2026-05-16 05:59:00+00:00,BUY,2225.98,,,2225.37,TRANSITION,-0.0002740366041025199,0.0014780007008149056,0.0005166263847833722,60,2
2026-05-16 05:59:00+00:00,2026-05-16 10:59:00+00:00,SELL,2225.37,,,2173.85,TRANSITION,0.02315120631625302,0.0006830324844857178,0.02822901360223231,300,2
2026-05-16 10:59:00+00:00,2026-05-16 12:29:00+00:00,BUY,2173.85,,,2175.77,TRANSITION,0.0008832256135428262,0.0003082089380592372,0.0032890953837661713,90,3
2026-05-16 12:29:00+00:00,2026-05-16 13:29:00+00:00,SELL,2175.77,,,2177.07,TRANSITION,-0.0005974896243629528,0.0016040298377127346,0.0015948376896454128,60,3
2026-05-16 13:29:00+00:00,2026-05-16 14:29:00+00:00,BUY,2177.07,,,2176.71,TRANSITION,-0.00016535986440496965,0.0016352253257818743,0.0013458455630732296,60,1
2026-05-16 14:29:00+00:00,2026-05-16 14:59:00+00:00,SELL,2176.71,,,2179.93,TRANSITION,-0.0014792967368183175,0.005260232185270348,0.0,30,2
2026-05-16 14:59:00+00:00,2026-05-16 16:29:00+00:00,BUY,2179.93,,,2177.45,TRANSITION,-0.0011376512089837831,0.002353286573421924,0.0017706990591441595,90,30
2026-05-16 16:29:00+00:00,2026-05-16 17:29:00+00:00,SELL,2177.45,,,2178.7,TRANSITION,-0.0005740659946267423,0.0006705090817240518,0.003191806930124604,60,2
2026-05-16 17:29:00+00:00,2026-05-16 19:59:00+00:00,BUY,2178.7,,,2179.57,TRANSITION,0.00039932069582794587,0.001074034974984941,0.00299261027218065,150,2
2026-05-16 19:59:00+00:00,2026-05-16 23:29:00+00:00,SELL,2179.57,,,2182.08,TRANSITION,-0.0011516032978981007,0.0018214601962771553,0.0001009373408517527,210,8
2026-05-16 23:29:00+00:00,2026-05-16 23:59:00+00:00,BUY,2182.08,,,2180.77,SESSION_RESET,-0.0006003446253116043,0.000902808329667015,0.0004353644229360394,30,2
2026-05-17 00:59:00+00:00,2026-05-17 02:29:00+00:00,SELL,2177.59,,,2175.05,TRANSITION,0.0011664271051942576,0.0027599318512666585,0.004413135622408317,90,2
2026-05-17 02:29:00+00:00,2026-05-17 05:59:00+00:00,BUY,2175.05,,,2185.91,TRANSITION,0.004992988666927046,0.0012965219190364191,0.009172202937863413,210,1
2026-05-17 05:59:00+00:00,2026-05-17 06:59:00+00:00,SELL,2185.91,,,2185.02,TRANSITION,0.00040715308498514245,0.0009561235366507064,0.0019259713345929322,60,5
2026-05-17 06:59:00+00:00,2026-05-17 11:29:00+00:00,BUY,2185.02,,,2188.61,TRANSITION,0.001643005556013284,0.0011395776697695132,0.0060045216977418474,270,2
2026-05-17 11:29:00+00:00,2026-05-17 11:59:00+00:00,SELL,2188.61,,,2192.0,TRANSITION,-0.001548928315231984,0.0025404252013835013,0.0002787157145403371,30,3
2026-05-17 11:59:00+00:00,2026-05-17 13:59:00+00:00,BUY,2192.0,,,2192.12,TRANSITION,5.474452554739547e-05,0.002148722627737243,0.002755474452554728,120,1
2026-05-17 13:59:00+00:00,2026-05-17 16:29:00+00:00,SELL,2192.12,,,2186.65,TRANSITION,0.0024953013521156688,0.00012316843968395062,0.006263343247632437,150,2
2026-05-17 16:29:00+00:00,2026-05-17 16:59:00+00:00,BUY,2186.65,,,2182.51,TRANSITION,-0.0018933071136212345,0.002057942514805753,0.0005945167264993149,30,5
2026-05-17 16:59:00+00:00,2026-05-17 17:59:00+00:00,SELL,2182.51,,,2183.67,TRANSITION,-0.0005314981374655119,0.001117978840875689,0.002694145731291086,60,5
2026-05-17 17:59:00+00:00,2026-05-17 22:29:00+00:00,BUY,2183.67,,,2181.38,TRANSITION,-0.001048693254933192,0.0029537430106198613,0.005106082878823307,270,10
2026-05-17 22:29:00+00:00,2026-05-17 23:59:00+00:00,SELL,2181.38,,,2131.0,SESSION_RESET,0.023095471673894558,0.0014898825514124087,0.04121244349906943,90,2
2026-05-18 00:59:00+00:00,2026-05-18 01:29:00+00:00,BUY,2115.46,,,2111.16,TRANSITION,-0.002032654836300465,0.004235485426337551,0.0022973726754465353,30,2
2026-05-18 01:29:00+00:00,2026-05-18 01:59:00+00:00,SELL,2111.16,,,2117.54,TRANSITION,-0.00302203527918306,0.0048172568635253005,0.0017999583167546407,30,15
2026-05-18 01:59:00+00:00,2026-05-18 04:29:00+00:00,BUY,2117.54,,,2115.78,TRANSITION,-0.0008311531305192646,0.0022478914211772924,0.003050709785883637,150,1
2026-05-18 04:29:00+00:00,2026-05-18 04:59:00+00:00,SELL,2115.78,,,2124.85,TRANSITION,-0.00428683511518197,0.004594050421121193,0.0004868181001806426,30,9
2026-05-18 04:59:00+00:00,2026-05-18 05:59:00+00:00,BUY,2124.85,,,2118.25,TRANSITION,-0.0031061016071722283,0.0036943784267124313,0.0004612090265195276,60,1
2026-05-18 05:59:00+00:00,2026-05-18 06:59:00+00:00,SELL,2118.25,,,2119.03,TRANSITION,-0.0003682284904993273,0.001298241472913962,0.003894724418741886,60,1
2026-05-18 06:59:00+00:00,2026-05-18 09:29:00+00:00,BUY,2119.03,,,2117.95,TRANSITION,-0.0005096671590304912,0.003284521691528688,0.002369008461418659,150,12
2026-05-18 09:29:00+00:00,2026-05-18 11:59:00+00:00,SELL,2117.95,,,2133.9,TRANSITION,-0.007530867112066042,0.010292971977619955,0.0035175523501498234,150,5
2026-05-18 11:59:00+00:00,2026-05-18 13:29:00+00:00,BUY,2133.9,,,2142.74,TRANSITION,0.004142649608697545,0.0,0.010937719668212985,90,20
2026-05-18 13:29:00+00:00,2026-05-18 17:29:00+00:00,SELL,2142.74,,,2107.28,TRANSITION,0.016548904673455288,5.600306150085667e-05,0.024351997909218964,240,1
2026-05-18 17:29:00+00:00,2026-05-18 18:29:00+00:00,BUY,2107.28,,,2088.36,TRANSITION,-0.008978398694051133,0.014260088834896255,0.001380927071865084,60,2
2026-05-18 18:29:00+00:00,2026-05-18 19:29:00+00:00,SELL,2088.36,,,2105.7,TRANSITION,-0.008303166120783625,0.012062096573387755,0.004175525292574199,60,1
2026-05-18 19:29:00+00:00,2026-05-18 20:59:00+00:00,BUY,2105.7,,,2117.61,TRANSITION,0.005656076364154585,0.00032768200598356833,0.012029253929809747,90,30
2026-05-18 20:59:00+00:00,2026-05-18 21:29:00+00:00,SELL,2117.61,,,2130.87,TRANSITION,-0.00626177624775089,0.0073195725369638405,0.001426136068492301,30,14
2026-05-18 21:29:00+00:00,2026-05-18 23:29:00+00:00,BUY,2130.87,,,2132.84,TRANSITION,0.0009245050143839159,0.00017363799762533185,0.005537644248593383,120,1
2026-05-18 23:29:00+00:00,2026-05-18 23:59:00+00:00,SELL,2132.84,,,2130.08,SESSION_RESET,0.0012940492488889078,0.0008158136569080577,0.0023864893756681913,30,2
2026-05-19 01:29:00+00:00,2026-05-19 02:29:00+00:00,SELL,2125.82,,,2131.42,TRANSITION,-0.002634277596409813,0.0046335061293994355,0.0033963364725142554,60,5
2026-05-19 02:29:00+00:00,2026-05-19 02:59:00+00:00,BUY,2131.42,,,2123.31,TRANSITION,-0.0038049750870312407,0.004231920503701749,3.284195512836933e-05,30,1
2026-05-19 02:59:00+00:00,2026-05-19 05:59:00+00:00,SELL,2123.31,,,2135.21,TRANSITION,-0.005604457191837316,0.006795993048589154,0.0005887034865375287,180,9
2026-05-19 05:59:00+00:00,2026-05-19 08:29:00+00:00,BUY,2135.21,,,2134.14,TRANSITION,-0.0005011216695314108,0.0019670196374126283,0.004585029107207236,150,5
2026-05-19 08:29:00+00:00,2026-05-19 10:29:00+00:00,SELL,2134.14,,,2116.5,TRANSITION,0.008265624560712921,0.003350295669450032,0.011789292173896678,120,1
2026-05-19 10:29:00+00:00,2026-05-19 11:29:00+00:00,BUY,2116.5,,,2114.82,TRANSITION,-0.000793763288447832,0.004597212378927483,0.0025797306874557223,60,2
2026-05-19 11:29:00+00:00,2026-05-19 12:29:00+00:00,SELL,2114.82,,,2117.01,TRANSITION,-0.0010355491247482313,0.0010355491247482313,0.0029222345164128818,60,1
2026-05-19 12:29:00+00:00,2026-05-19 13:29:00+00:00,BUY,2117.01,,,2108.05,TRANSITION,-0.00423238435340411,0.004421330083466836,0.001284830964426148,60,2
2026-05-19 13:29:00+00:00,2026-05-19 16:29:00+00:00,SELL,2108.05,,,2112.16,TRANSITION,-0.0019496691254949703,0.009240767533976907,0.0064419724389840755,180,2
2026-05-19 16:29:00+00:00,2026-05-19 17:59:00+00:00,BUY,2112.16,,,2115.75,TRANSITION,0.0016996818422847443,4.2610408302254935e-05,0.006112226346489049,90,5
2026-05-19 17:59:00+00:00,2026-05-19 20:29:00+00:00,SELL,2115.75,,,2115.61,TRANSITION,6.617038875097373e-05,0.003502304147465369,0.0026515420063807763,150,1
2026-05-19 20:29:00+00:00,2026-05-19 21:59:00+00:00,BUY,2115.61,,,2116.97,TRANSITION,0.0006428405991650977,0.00011344245867633281,0.002353931017531595,90,1
2026-05-19 21:59:00+00:00,2026-05-19 23:29:00+00:00,SELL,2116.97,,,2115.85,TRANSITION,0.000529058040501231,0.0,0.0070289139666597335,90,2
2026-05-19 23:29:00+00:00,2026-05-19 23:59:00+00:00,BUY,2115.85,,,2111.93,SESSION_RESET,-0.0018526833187608163,0.0020511851029135766,0.0013375239265543055,30,2
2026-05-20 01:29:00+00:00,2026-05-20 01:59:00+00:00,SELL,2103.83,,,2115.28,TRANSITION,-0.0054424549512081645,0.007324736314245854,0.0001948826663750657,30,1
2026-05-20 01:59:00+00:00,2026-05-20 04:29:00+00:00,BUY,2115.28,,,2113.0,TRANSITION,-0.0010778714874627472,0.004382398547709987,0.0008793162134562197,150,4
2026-05-20 04:29:00+00:00,2026-05-20 04:59:00+00:00,SELL,2113.0,,,2113.2,TRANSITION,-9.465215333640232e-05,0.00013724562233789097,0.0026975863700898334,30,2
2026-05-20 04:59:00+00:00,2026-05-20 07:59:00+00:00,BUY,2113.2,,,2129.74,TRANSITION,0.007826992239257981,0.0,0.011025932235472357,180,3
2026-05-20 07:59:00+00:00,2026-05-20 08:29:00+00:00,SELL,2129.74,,,2131.49,TRANSITION,-0.0008216965451181836,0.001295932836872209,0.00040850056814441715,30,10
2026-05-20 08:29:00+00:00,2026-05-20 09:59:00+00:00,BUY,2131.49,,,2129.36,TRANSITION,-0.0009993009584842783,0.0017780988885708888,0.003054201521001843,90,170
2026-05-20 09:59:00+00:00,2026-05-20 10:29:00+00:00,SELL,2129.36,,,2133.34,TRANSITION,-0.0018691062103167234,0.002263590938122116,0.0,30,1
2026-05-20 10:29:00+00:00,2026-05-20 11:29:00+00:00,BUY,2133.34,,,2128.11,TRANSITION,-0.002451554838891137,0.002460929809594345,0.0017249946093917687,60,7
2026-05-20 11:29:00+00:00,2026-05-20 11:59:00+00:00,SELL,2128.11,,,2128.3,TRANSITION,-8.928109919132684e-05,0.0011136642372809164,0.001799718999487774,30,1
2026-05-20 11:59:00+00:00,2026-05-20 13:29:00+00:00,BUY,2128.3,,,2126.74,TRANSITION,-0.0007329793732088522,0.0016867922755251352,0.005497345299064895,90,2
2026-05-20 13:29:00+00:00,2026-05-20 14:29:00+00:00,SELL,2126.74,,,2131.31,TRANSITION,-0.0021488287237744924,0.00606091952942077,0.0060515154649839155,60,3
2026-05-20 14:29:00+00:00,2026-05-20 16:29:00+00:00,BUY,2131.31,,,2127.0,TRANSITION,-0.002022230459201123,0.0033828959653921936,0.008300059587765297,120,15
2026-05-20 16:29:00+00:00,2026-05-20 16:59:00+00:00,SELL,2127.0,,,2135.46,TRANSITION,-0.003977433004231329,0.00506817113305134,0.0008415608838739839,30,2
2026-05-20 16:59:00+00:00,2026-05-20 18:29:00+00:00,BUY,2135.46,,,2135.74,TRANSITION,0.0001311192904572061,0.0015547001582797916,0.006232849128524976,90,17
2026-05-20 18:29:00+00:00,2026-05-20 19:29:00+00:00,SELL,2135.74,,,2137.62,TRANSITION,-0.0008802569601169194,0.0008849391779899836,0.0031043104497736874,60,2
2026-05-20 19:29:00+00:00,2026-05-20 21:29:00+00:00,BUY,2137.62,,,2133.05,TRANSITION,-0.0021378916739175856,0.0037939390537137904,0.0017917122781410764,120,1
2026-05-20 21:29:00+00:00,2026-05-20 22:59:00+00:00,SELL,2133.05,,,2128.32,TRANSITION,0.0022174820093293726,0.0004594360188462615,0.0068446590562810826,90,2
2026-05-20 22:59:00+00:00,2026-05-20 23:59:00+00:00,BUY,2128.32,,,2129.44,SESSION_RESET,0.0005262366561418823,0.002692264321154722,0.0009632010224025179,60,2
2026-05-21 01:59:00+00:00,2026-05-21 03:29:00+00:00,SELL,2141.07,,,2145.55,TRANSITION,-0.002092411738056214,0.0032553816549668155,0.0007332782207028092,90,8
2026-05-21 03:29:00+00:00,2026-05-21 04:29:00+00:00,BUY,2145.55,,,2145.28,TRANSITION,-0.00012584185873085307,0.0007224254853068825,0.0014914590664397557,60,7
2026-05-21 04:29:00+00:00,2026-05-21 07:59:00+00:00,SELL,2145.28,,,2135.06,TRANSITION,0.00476394689737482,0.0013564662887827483,0.009802916169451167,210,1
2026-05-21 07:59:00+00:00,2026-05-21 09:59:00+00:00,BUY,2135.06,,,2127.98,TRANSITION,-0.0033160660590334356,0.0033254334772792847,0.006215282006126283,120,1
2026-05-21 09:59:00+00:00,2026-05-21 13:29:00+00:00,SELL,2127.98,,,2119.35,TRANSITION,0.004055489243320007,0.000991550672468786,0.008449327531273799,210,2
2026-05-21 13:29:00+00:00,2026-05-21 18:29:00+00:00,BUY,2119.35,,,2139.57,TRANSITION,0.009540661051737682,0.006700167504187519,0.016231391700285508,300,1
2026-05-21 18:29:00+00:00,2026-05-21 19:59:00+00:00,SELL,2139.57,,,2142.83,TRANSITION,-0.0015236706441012742,0.002902452361923207,0.00831008099758372,90,2
2026-05-21 19:59:00+00:00,2026-05-21 21:59:00+00:00,BUY,2142.83,,,2135.42,TRANSITION,-0.0034580438018880894,0.004022717621089816,0.0002940037240472222,120,1
2026-05-21 21:59:00+00:00,2026-05-21 23:29:00+00:00,SELL,2135.42,,,2132.86,TRANSITION,0.0011988273969523303,0.0006790233303049602,0.003816579408266332,90,4
2026-05-21 23:29:00+00:00,2026-05-21 23:59:00+00:00,BUY,2132.86,,,2133.76,SESSION_RESET,0.0004219686242885566,8.908226512760077e-05,0.0018332192455200315,30,5
2026-05-22 01:59:00+00:00,2026-05-22 04:29:00+00:00,BUY,2135.88,,,2137.62,TRANSITION,0.0008146525085677949,0.0006601494465982682,0.00257973294379823,150,2
2026-05-22 04:29:00+00:00,2026-05-22 07:29:00+00:00,SELL,2137.62,,,2131.37,TRANSITION,0.002923812464329488,0.00012163059851620882,0.007204273912107901,180,3
2026-05-22 07:29:00+00:00,2026-05-22 08:59:00+00:00,BUY,2131.37,,,2122.3,TRANSITION,-0.0042554788703977765,0.005362747903930259,0.0009242881339233708,90,3
2026-05-22 08:59:00+00:00,2026-05-22 10:29:00+00:00,SELL,2122.3,,,2124.27,TRANSITION,-0.0009282382321065824,0.0013852895443620598,0.0014701031899356102,90,1
2026-05-22 10:29:00+00:00,2026-05-22 10:59:00+00:00,BUY,2124.27,,,2123.0,TRANSITION,-0.0005978524387201165,0.00098386739915366,0.0005319474454754382,30,2
2026-05-22 10:59:00+00:00,2026-05-22 11:29:00+00:00,SELL,2123.0,,,2124.61,TRANSITION,-0.0007583608101743417,0.0010315591144606946,0.0013659915214319788,30,2
2026-05-22 11:29:00+00:00,2026-05-22 13:29:00+00:00,BUY,2124.61,,,2129.66,TRANSITION,0.00237690682054576,4.236071561375759e-05,0.006302333134081018,120,3
2026-05-22 13:29:00+00:00,2026-05-22 13:59:00+00:00,SELL,2129.66,,,2130.23,TRANSITION,-0.00026764835701481164,0.0014321534892894556,0.0026530056440932526,30,1
2026-05-22 13:59:00+00:00,2026-05-22 14:29:00+00:00,BUY,2130.23,,,2118.24,TRANSITION,-0.005628500208897742,0.008285490299169616,0.0,30,2
2026-05-22 14:29:00+00:00,2026-05-22 15:29:00+00:00,SELL,2118.24,,,2121.0,TRANSITION,-0.0013029685021528337,0.002284915779137466,0.0027239595135584178,60,3
2026-05-22 15:29:00+00:00,2026-05-22 17:59:00+00:00,BUY,2121.0,,,2119.6,TRANSITION,-0.0006600660066007029,0.0022489391796322402,0.004243281471004243,150,1
2026-05-22 17:59:00+00:00,2026-05-22 23:59:00+00:00,SELL,2119.6,,,2065.85,SESSION_RESET,0.0253585582185318,0.0009294206454049136,0.029161162483487425,360,2
2026-05-23 04:29:00+00:00,2026-05-23 08:59:00+00:00,SELL,2067.31,,,2030.32,TRANSITION,0.01789281723592495,0.0011319057132216,0.028060619839308083,270,3
2026-05-23 08:59:00+00:00,2026-05-23 09:59:00+00:00,BUY,2030.32,,,2027.29,TRANSITION,-0.0014923755861144907,0.001585956893494635,0.0003349225737815042,60,2
2026-05-23 09:59:00+00:00,2026-05-23 10:29:00+00:00,SELL,2027.29,,,2029.9,TRANSITION,-0.0012874329770285098,0.001711644609306033,8.878848117440705e-05,30,2
2026-05-23 10:29:00+00:00,2026-05-23 11:59:00+00:00,BUY,2029.9,,,2031.48,TRANSITION,0.0007783634661805641,0.0003497709246761103,0.0030100004926350557,90,1
2026-05-23 11:59:00+00:00,2026-05-23 13:29:00+00:00,SELL,2031.48,,,2042.8,TRANSITION,-0.005572292121999693,0.007196723570992523,0.0020330005710123204,90,2
2026-05-23 13:29:00+00:00,2026-05-23 20:29:00+00:00,BUY,2042.8,,,2077.21,TRANSITION,0.01684452711963975,0.0022028588212257686,0.019992167613080047,420,15
2026-05-23 20:29:00+00:00,2026-05-23 20:59:00+00:00,SELL,2077.21,,,2146.3,TRANSITION,-0.033260960615440975,0.033597951097866834,0.0003755036804175794,30,1
2026-05-23 20:59:00+00:00,2026-05-23 23:59:00+00:00,BUY,2146.3,,,2117.68,SESSION_RESET,-0.013334575781577759,0.020337324698318077,0.0017006010343379938,180,3
2026-05-24 02:29:00+00:00,2026-05-24 05:59:00+00:00,SELL,2120.21,,,2119.98,TRANSITION,0.00010847982039515811,0.0033345753486683696,0.003094033138226848,210,2
2026-05-24 05:59:00+00:00,2026-05-24 08:29:00+00:00,BUY,2119.98,,,2121.46,TRANSITION,0.0006981197935829669,0.0011226521004915656,0.004693440504155614,150,9
2026-05-24 08:29:00+00:00,2026-05-24 09:59:00+00:00,SELL,2121.46,,,2123.41,TRANSITION,-0.0009191783017355115,0.0013716968502822842,0.0011360101062475156,90,2
2026-05-24 09:59:00+00:00,2026-05-24 12:29:00+00:00,BUY,2123.41,,,2118.69,TRANSITION,-0.0022228396776881524,0.0022228396776881524,0.004111311522503906,150,1
2026-05-24 12:29:00+00:00,2026-05-24 16:59:00+00:00,SELL,2118.69,,,2103.62,TRANSITION,0.007112885792636092,0.0014490085854939438,0.01848783918364653,270,1
2026-05-24 16:59:00+00:00,2026-05-24 17:59:00+00:00,BUY,2103.62,,,2102.88,TRANSITION,-0.0003517745600440107,0.0010553236801322482,0.0014546353428850959,60,2
2026-05-24 17:59:00+00:00,2026-05-24 19:59:00+00:00,SELL,2102.88,,,2100.87,TRANSITION,0.0009558320018261708,0.0009035227877958281,0.0031100205432549473,120,1
2026-05-24 19:59:00+00:00,2026-05-24 20:29:00+00:00,BUY,2100.87,,,2094.8,TRANSITION,-0.00288927920337751,0.0044552970912049164,0.0005902316659289897,30,2
2026-05-24 20:29:00+00:00,2026-05-24 23:59:00+00:00,SELL,2094.8,,,2099.85,TRANSITION,-0.002410731334733496,0.0058239450066831285,0.015180446820698959,210,1
2026-05-24 23:59:00+00:00,2026-05-24 23:59:00+00:00,BUY,2099.85,,,2099.85,SESSION_RESET,0.0,0.0,0.0,0,2
2026-05-25 01:59:00+00:00,2026-05-25 04:29:00+00:00,SELL,2094.13,,,2098.56,TRANSITION,-0.0021154369595010034,0.009130283220239378,0.0008929722605568378,150,1
2026-05-25 04:29:00+00:00,2026-05-25 06:29:00+00:00,BUY,2098.56,,,2101.27,TRANSITION,0.0012913616956389316,0.0004050396462335645,0.0062614364135406535,120,2
2026-05-25 06:29:00+00:00,2026-05-25 06:59:00+00:00,SELL,2101.27,,,2108.99,TRANSITION,-0.0036739685999418446,0.003997582414444641,3.8072213470866307e-05,30,1
2026-05-25 06:59:00+00:00,2026-05-25 11:59:00+00:00,BUY,2108.99,,,2114.95,TRANSITION,0.002825997278318075,0.0011806599367468703,0.007164566925400372,300,14
2026-05-25 11:59:00+00:00,2026-05-25 12:29:00+00:00,SELL,2114.95,,,2117.9,TRANSITION,-0.0013948320291261131,0.0016170595049528702,0.0012766259249626791,30,2
2026-05-25 12:29:00+00:00,2026-05-25 13:29:00+00:00,BUY,2117.9,,,2115.11,TRANSITION,-0.0013173426507389224,0.0017139619434345856,0.0009915482317389437,60,5
2026-05-25 13:29:00+00:00,2026-05-25 13:59:00+00:00,SELL,2115.11,,,2116.28,TRANSITION,-0.0005531627196694606,0.0009266657526086285,-4.727886492789279e-06,30,2
2026-05-25 13:59:00+00:00,2026-05-25 17:59:00+00:00,BUY,2116.28,,,2128.55,TRANSITION,0.005797909539380413,0.00024098890505992507,0.012143950705955647,240,420
2026-05-25 17:59:00+00:00,2026-05-25 18:29:00+00:00,SELL,2128.55,,,2131.89,TRANSITION,-0.001569143313523145,0.00247116581710543,0.0001456390500577389,30,4
2026-05-25 18:29:00+00:00,2026-05-25 18:59:00+00:00,BUY,2131.89,,,2126.85,TRANSITION,-0.002364099461041594,0.002462603605251678,0.0,30,1
2026-05-25 18:59:00+00:00,2026-05-25 21:29:00+00:00,SELL,2126.85,,,2111.91,TRANSITION,0.007024472811904956,4.7017890308288216e-06,0.009154383242823801,150,3
2026-05-25 21:29:00+00:00,2026-05-25 22:29:00+00:00,BUY,2111.91,,,2110.85,TRANSITION,-0.0005019153278311791,0.0018987551552858614,0.00178511394898456,60,2
2026-05-25 22:29:00+00:00,2026-05-25 23:59:00+00:00,SELL,2110.85,,,2113.01,TRANSITION,-0.0010232844588674275,0.0014212284150934458,0.004026813842764763,90,2
2026-05-25 23:59:00+00:00,2026-05-25 23:59:00+00:00,BUY,2113.01,,,2113.01,SESSION_RESET,0.0,0.0,0.0,0,4
2026-05-26 03:59:00+00:00,2026-05-26 06:29:00+00:00,BUY,2093.12,,,2096.98,TRANSITION,0.0018441369821128877,0.0020543494878457647,0.005030767466748299,150,2
2026-05-26 06:29:00+00:00,2026-05-26 06:59:00+00:00,SELL,2096.98,,,2101.73,TRANSITION,-0.002265162280994573,0.0036576409884691665,-4.768762696717914e-06,30,2
2026-05-26 06:59:00+00:00,2026-05-26 07:59:00+00:00,BUY,2101.73,,,2095.61,TRANSITION,-0.0029118868741464846,0.005271847478029969,0.00042821865796276924,60,1
2026-05-26 07:59:00+00:00,2026-05-26 09:29:00+00:00,SELL,2095.61,,,2097.84,TRANSITION,-0.0010641292988676414,0.002161661759583007,0.000720553919861147,90,4
2026-05-26 09:29:00+00:00,2026-05-26 11:59:00+00:00,BUY,2097.84,,,2121.01,TRANSITION,0.011044693589596952,0.0017208176028677721,0.018805056629676152,150,1
2026-05-26 11:59:00+00:00,2026-05-26 12:59:00+00:00,SELL,2121.01,,,2126.2,TRANSITION,-0.002446947444849199,0.002791123097014921,0.004714734961174157,60,4
2026-05-26 12:59:00+00:00,2026-05-26 13:29:00+00:00,BUY,2126.2,,,2115.84,TRANSITION,-0.004872542564198887,0.0050512651679050806,0.00011287743391978012,30,5
2026-05-26 13:29:00+00:00,2026-05-26 13:59:00+00:00,SELL,2115.84,,,2125.3,TRANSITION,-0.004471037507562025,0.007401315789473615,0.0029397307924986077,30,2
2026-05-26 13:59:00+00:00,2026-05-26 14:59:00+00:00,BUY,2125.3,,,2109.29,TRANSITION,-0.007533054157060281,0.009151649178939571,0.007147226273937608,60,1
2026-05-26 14:59:00+00:00,2026-05-26 19:29:00+00:00,SELL,2109.29,,,2071.1,TRANSITION,0.01810561847825574,0.0013796111487751114,0.02571007305775878,270,2
2026-05-26 19:29:00+00:00,2026-05-26 21:59:00+00:00,BUY,2071.1,,,2072.85,TRANSITION,0.0008449616146009367,0.0007966780937666414,0.0037081744000773942,150,3
2026-05-26 21:59:00+00:00,2026-05-26 23:59:00+00:00,SELL,2072.85,,,2073.77,SESSION_RESET,-0.0004438333695154366,0.0019297103022408763,0.003314277444098652,120,4
2026-05-27 01:29:00+00:00,2026-05-27 02:59:00+00:00,SELL,2074.65,,,2076.26,TRANSITION,-0.0007760345118454329,0.001224302894464109,0.00267032993516977,90,2
2026-05-27 02:59:00+00:00,2026-05-27 03:59:00+00:00,BUY,2076.26,,,2070.0,TRANSITION,-0.0030150366524424772,0.0035448354252358215,0.0018013158274974143,60,2
2026-05-27 03:59:00+00:00,2026-05-27 04:59:00+00:00,SELL,2070.0,,,2072.21,TRANSITION,-0.0010676328502415636,0.0014879227053139746,0.006613526570048336,60,1
2026-05-27 04:59:00+00:00,2026-05-27 09:29:00+00:00,BUY,2072.21,,,2081.36,TRANSITION,0.004415575641464953,0.0002847201779743103,0.011823126034523528,270,2
2026-05-27 09:29:00+00:00,2026-05-27 10:29:00+00:00,SELL,2081.36,,,2085.52,TRANSITION,-0.0019986931621631308,0.0031421762693623224,0.0002834685013645623,60,2
2026-05-27 10:29:00+00:00,2026-05-27 10:59:00+00:00,BUY,2085.52,,,2079.5,TRANSITION,-0.002886570255859441,0.00290095515746681,0.0004938816218498025,30,2
2026-05-27 10:59:00+00:00,2026-05-27 12:29:00+00:00,SELL,2079.5,,,2084.96,TRANSITION,-0.0026256311613368772,0.008607838422697807,0.0027218081269535246,90,1
2026-05-27 12:29:00+00:00,2026-05-27 12:59:00+00:00,BUY,2084.96,,,2078.76,TRANSITION,-0.0029736781520987537,0.0030935845291995136,0.0015539866472257414,30,15
2026-05-27 12:59:00+00:00,2026-05-27 15:29:00+00:00,SELL,2078.76,,,2073.08,TRANSITION,0.0027323981604419414,0.0009043853066249371,0.012892301179549433,150,2
2026-05-27 15:29:00+00:00,2026-05-27 16:29:00+00:00,BUY,2073.08,,,2065.4,TRANSITION,-0.0037046327203966254,0.005219287244100425,0.003207787446697711,60,10
2026-05-27 16:29:00+00:00,2026-05-27 16:59:00+00:00,SELL,2065.4,,,2070.15,TRANSITION,-0.0022997966495594073,0.0027597559794712008,0.0026145056647623177,30,5
2026-05-27 16:59:00+00:00,2026-05-27 17:29:00+00:00,BUY,2070.15,,,2058.83,TRANSITION,-0.005468202787237719,0.007617805473033346,7.24585174987759e-05,30,10
2026-05-27 17:29:00+00:00,2026-05-27 18:59:00+00:00,SELL,2058.83,,,2056.71,TRANSITION,0.0010297110494795058,0.0003934273349426351,0.007538262022605063,90,1
2026-05-27 18:59:00+00:00,2026-05-27 21:29:00+00:00,BUY,2056.71,,,2056.35,TRANSITION,-0.00017503683066651463,0.001113428728406029,0.004584992536623946,150,4
2026-05-27 21:29:00+00:00,2026-05-27 23:59:00+00:00,SELL,2056.35,,,2024.84,SESSION_RESET,0.015323266953582802,0.0,0.01962214603545112,150,1
2026-05-28 01:29:00+00:00,2026-05-28 06:59:00+00:00,SELL,2017.13,,,1984.07,TRANSITION,0.016389622880032605,0.003202569988052237,0.024852141408833395,330,2
2026-05-28 06:59:00+00:00,2026-05-28 08:29:00+00:00,BUY,1984.07,,,1986.91,TRANSITION,0.001431401109839948,0.0008366640289908393,0.006406023981008753,90,1
2026-05-28 08:29:00+00:00,2026-05-28 09:59:00+00:00,SELL,1986.91,,,1994.04,TRANSITION,-0.0035884866450920684,0.004328328912733797,0.0010367857628177284,90,2
2026-05-28 09:59:00+00:00,2026-05-28 10:59:00+00:00,BUY,1994.04,,,1990.32,TRANSITION,-0.0018655593669134156,0.00267296543700223,0.0021865158171351265,60,2
2026-05-28 10:59:00+00:00,2026-05-28 12:59:00+00:00,SELL,1990.32,,,1991.89,TRANSITION,-0.0007888178785321776,0.002140359339201732,0.004396277985449576,120,2
2026-05-28 12:59:00+00:00,2026-05-28 13:59:00+00:00,BUY,1991.89,,,1981.55,TRANSITION,-0.005191049706560174,0.008303671387476312,0.0015613311980078718,60,26
2026-05-28 13:59:00+00:00,2026-05-28 14:29:00+00:00,SELL,1981.55,,,1989.71,TRANSITION,-0.004117988443390317,0.01057253160404736,0.0071509676768185745,30,2
2026-05-28 14:29:00+00:00,2026-05-28 15:59:00+00:00,BUY,1989.71,,,1990.65,TRANSITION,0.00047243065572372583,0.004201617321117211,0.004870056440385812,90,29
2026-05-28 15:59:00+00:00,2026-05-28 16:29:00+00:00,SELL,1990.65,,,1998.8,TRANSITION,-0.004094140104990763,0.007113254464622035,0.00272775224173012,30,960
2026-05-28 16:29:00+00:00,2026-05-28 19:59:00+00:00,BUY,1998.8,,,2014.55,TRANSITION,0.007879727836702021,0.0,0.015609365619371646,210,9
2026-05-28 19:59:00+00:00,2026-05-28 20:29:00+00:00,SELL,2014.55,,,2019.74,TRANSITION,-0.0025762577250502865,0.002720210468839204,0.004025712938373284,30,2
2026-05-28 20:29:00+00:00,2026-05-28 20:59:00+00:00,BUY,2019.74,,,2014.11,TRANSITION,-0.002787487498390936,0.0031291156287442624,0.0001435828373948942,30,3
2026-05-28 20:59:00+00:00,2026-05-28 21:29:00+00:00,SELL,2014.11,,,2021.22,TRANSITION,-0.003530095178515636,0.004701828599232429,0.0003425830763959403,30,3
2026-05-28 21:29:00+00:00,2026-05-28 22:29:00+00:00,BUY,2021.22,,,2011.8,TRANSITION,-0.004660551548074961,0.004660551548074961,0.0016870998703753584,60,1
2026-05-28 22:29:00+00:00,2026-05-28 23:29:00+00:00,SELL,2011.8,,,2010.71,TRANSITION,0.000541803360174927,8.947211452433824e-05,0.0031663187195545735,60,2
2026-05-28 23:29:00+00:00,2026-05-28 23:59:00+00:00,BUY,2010.71,,,2009.9,SESSION_RESET,-0.0004028427769295152,0.0021186546045924032,0.0006216709520517628,30,1
2026-05-29 04:29:00+00:00,2026-05-29 08:29:00+00:00,BUY,2004.72,,,2010.0,TRANSITION,0.002633784269124852,0.000628516700586611,0.008375234446705756,240,1
2026-05-29 08:29:00+00:00,2026-05-29 09:29:00+00:00,SELL,2010.0,,,2015.77,TRANSITION,-0.002870646766169145,0.0029353233830846223,0.0022636815920397783,60,1
2026-05-29 09:29:00+00:00,2026-05-29 10:29:00+00:00,BUY,2015.77,,,2011.81,TRANSITION,-0.0019645098399123095,0.0022274366619207593,0.00016867003676010564,60,1
2026-05-29 10:29:00+00:00,2026-05-29 14:59:00+00:00,SELL,2011.81,,,2001.84,TRANSITION,0.004955736376695626,0.0012327207837718364,0.017561300520426842,270,1
2026-05-29 14:59:00+00:00,2026-05-29 17:59:00+00:00,BUY,2001.84,,,2028.27,TRANSITION,0.01320285337489513,0.0011939016105182597,0.022354433920792872,180,3
2026-05-29 17:59:00+00:00,2026-05-29 22:29:00+00:00,SELL,2028.27,,,2014.94,TRANSITION,0.0065721033195777325,0.0016615144926465009,0.011472831526374684,270,10
2026-05-29 22:29:00+00:00,2026-05-29 23:59:00+00:00,BUY,2014.94,,,2014.54,SESSION_RESET,-0.00019851707743163117,0.00394056398701701,0.0005707365976157422,90,2
2026-05-30 01:29:00+00:00,2026-05-30 03:59:00+00:00,BUY,2020.35,,,2016.83,TRANSITION,-0.0017422723785482624,0.0027767466033112582,0.001583883980498451,150,3
2026-05-30 03:59:00+00:00,2026-05-30 04:59:00+00:00,SELL,2016.83,,,2010.8,TRANSITION,0.0029898404922576384,0.0007982824531567496,0.007353123466033294,60,5
2026-05-30 04:59:00+00:00,2026-05-30 08:59:00+00:00,BUY,2010.8,,,2014.16,TRANSITION,0.0016709767256813841,0.0013825343147006032,0.00485378953650288,240,2
2026-05-30 08:59:00+00:00,2026-05-30 09:29:00+00:00,SELL,2014.16,,,2016.25,TRANSITION,-0.0010376534138300424,0.0014348413234300515,0.00011915637288001404,30,3
2026-05-30 09:29:00+00:00,2026-05-30 18:29:00+00:00,BUY,2016.25,,,2024.87,TRANSITION,0.0042752634841908945,0.0005852448853069131,0.007811531308121513,540,3
2026-05-30 18:29:00+00:00,2026-05-30 18:59:00+00:00,SELL,2024.87,,,2027.59,TRANSITION,-0.001343296112836887,0.0025384345661697296,4.938588650131073e-06,30,2
2026-05-30 18:59:00+00:00,2026-05-30 22:29:00+00:00,BUY,2027.59,,,2024.52,TRANSITION,-0.0015141128137345008,0.0029591781375919194,0.001884010080933603,210,10
2026-05-30 22:29:00+00:00,2026-05-30 23:59:00+00:00,SELL,2024.52,,,2022.44,TRANSITION,0.0010274040266334376,0.000780431904846545,0.002059747495702721,90,27
2026-05-30 23:59:00+00:00,2026-05-30 23:59:00+00:00,BUY,2022.44,,,2022.44,SESSION_RESET,0.0,0.0,0.0,0,2
2026-05-31 02:29:00+00:00,2026-05-31 02:59:00+00:00,SELL,2027.95,,,2034.36,TRANSITION,-0.003160827436573808,0.0035651766562292057,0.0,30,1
2026-05-31 02:59:00+00:00,2026-05-31 03:59:00+00:00,BUY,2034.36,,,2033.41,TRANSITION,-0.00046697732947945206,0.001101083387404397,0.0012387188108300446,60,4
2026-05-31 03:59:00+00:00,2026-05-31 04:59:00+00:00,SELL,2033.41,,,2033.91,TRANSITION,-0.0002458923679926822,0.00077701988285684,0.001052419335008729,60,1
2026-05-31 04:59:00+00:00,2026-05-31 05:59:00+00:00,BUY,2033.91,,,2030.18,TRANSITION,-0.0018339061217064758,0.002271486938950159,-4.9166383959914175e-06,60,1
2026-05-31 05:59:00+00:00,2026-05-31 08:59:00+00:00,SELL,2030.18,,,2027.63,TRANSITION,0.0012560462619077887,0.0003694253711493562,0.0036449969953403594,180,3
2026-05-31 08:59:00+00:00,2026-05-31 09:59:00+00:00,BUY,2027.63,,,2021.13,TRANSITION,-0.0032057130738842882,0.00457677189625336,0.00047839102794878743,60,1
2026-05-31 09:59:00+00:00,2026-05-31 10:59:00+00:00,SELL,2021.13,,,2021.05,TRANSITION,3.9581818091936004e-05,0.00025728181759707776,0.002864734084398426,60,2
2026-05-31 10:59:00+00:00,2026-05-31 12:59:00+00:00,BUY,2021.05,,,2022.35,TRANSITION,0.0006432300042057121,0.0006729175428613344,0.0020335963979120396,120,1
2026-05-31 12:59:00+00:00,2026-05-31 17:59:00+00:00,SELL,2022.35,,,2006.0,TRANSITION,0.008084653991643341,0.00205206813855173,0.012925556901624285,300,10
2026-05-31 17:59:00+00:00,2026-05-31 18:59:00+00:00,BUY,2006.0,,,2000.68,TRANSITION,-0.002652043868394784,0.003489531405782652,3.489531405779478e-05,60,1
2026-05-31 18:59:00+00:00,2026-05-31 20:59:00+00:00,SELL,2000.68,,,2007.09,TRANSITION,-0.0032039106703720005,0.003783713537397253,0.0034638223004178894,120,2
2026-05-31 20:59:00+00:00,2026-05-31 23:29:00+00:00,BUY,2007.09,,,2008.86,TRANSITION,0.0008818737575295487,0.0013053724546482175,0.007926899142539738,150,3
2026-05-31 23:29:00+00:00,2026-05-31 23:59:00+00:00,SELL,2008.86,,,2007.01,SESSION_RESET,0.0009209203229692011,0.0001493384307518602,0.0043557042302599484,30,10
2026-06-01 01:29:00+00:00,2026-06-01 02:59:00+00:00,SELL,2004.29,,,2011.47,TRANSITION,-0.0035823159323251945,0.006785445220003162,0.006476108746738256,90,2
2026-06-01 02:59:00+00:00,2026-06-01 03:59:00+00:00,BUY,2011.47,,,2009.09,TRANSITION,-0.0011832142661834923,0.00139698827225857,0.0032911253958547186,60,18
2026-06-01 03:59:00+00:00,2026-06-01 08:59:00+00:00,SELL,2009.09,,,1983.96,TRANSITION,0.012508150456176618,0.0014334848115316434,0.019506343668028725,300,6
2026-06-01 08:59:00+00:00,2026-06-01 10:29:00+00:00,BUY,1983.96,,,1983.67,TRANSITION,-0.00014617230186090628,0.0010484082340369398,0.0030998608842919533,90,3
2026-06-01 10:29:00+00:00,2026-06-01 12:29:00+00:00,SELL,1983.67,,,1987.18,TRANSITION,-0.001769447539157214,0.0025508275065912905,0.008146516305635555,120,2
2026-06-01 12:29:00+00:00,2026-06-01 13:29:00+00:00,BUY,1987.18,,,1976.97,TRANSITION,-0.005137934157952493,0.007830191527692596,0.003628257128191727,60,5
2026-06-01 13:29:00+00:00,2026-06-01 16:29:00+00:00,SELL,1976.97,,,1971.18,TRANSITION,0.0029287242598521794,0.0032828014587980643,0.010586908248481294,180,2
2026-06-01 16:29:00+00:00,2026-06-01 21:29:00+00:00,BUY,1971.18,,,1995.21,TRANSITION,0.012190667518948027,0.0007000882719995683,0.0192879392039286,300,2
2026-06-01 21:29:00+00:00,2026-06-01 22:29:00+00:00,SELL,1995.21,,,1999.79,TRANSITION,-0.0022954977170322557,0.00390435092045447,0.005367856015156318,60,3
2026-06-01 22:29:00+00:00,2026-06-01 23:29:00+00:00,BUY,1999.79,,,1998.67,TRANSITION,-0.0005600588061745938,0.0037253911660724602,0.0039004095430019924,60,1
2026-06-01 23:29:00+00:00,2026-06-01 23:59:00+00:00,SELL,1998.67,,,2006.73,TRANSITION,-0.004032681733352652,0.0048582307234311,0.00027017966948018614,30,2
2026-06-01 23:59:00+00:00,2026-06-01 23:59:00+00:00,BUY,2006.73,,,2006.73,SESSION_RESET,0.0,0.0,0.0,0,2
2026-06-02 00:59:00+00:00,2026-06-02 02:29:00+00:00,SELL,1996.44,,,1988.78,TRANSITION,0.003836829556610808,0.0012822824627837276,0.01687002865099881,90,1
2026-06-02 02:29:00+00:00,2026-06-02 04:59:00+00:00,BUY,1988.78,,,1996.85,TRANSITION,0.004057764056356126,0.0020464807570470017,0.008879815766449825,150,2
2026-06-02 04:59:00+00:00,2026-06-02 08:29:00+00:00,SELL,1996.85,,,1985.71,TRANSITION,0.005578786588877419,0.002193454691138598,0.011503117409920525,210,2
2026-06-02 08:29:00+00:00,2026-06-02 08:59:00+00:00,BUY,1985.71,,,1979.21,TRANSITION,-0.003273388359830992,0.004386340402173548,0.0014906506992461317,30,5
2026-06-02 08:59:00+00:00,2026-06-02 10:29:00+00:00,SELL,1979.21,,,1979.53,TRANSITION,-0.00016168067057054902,0.0005355672212650226,0.00632575623607398,90,3
2026-06-02 10:29:00+00:00,2026-06-02 11:29:00+00:00,BUY,1979.53,,,1977.62,TRANSITION,-0.0009648755007502194,0.002035836789540938,0.0021974913236981184,60,1
2026-06-02 11:29:00+00:00,2026-06-02 13:29:00+00:00,SELL,1977.62,,,1979.69,TRANSITION,-0.001046712715284111,0.002594027163964821,0.002553574498639756,120,2
2026-06-02 13:29:00+00:00,2026-06-02 13:59:00+00:00,BUY,1979.69,,,1974.33,TRANSITION,-0.0027074946077416803,0.004642140941258507,0.0010607721410927514,30,5
2026-06-02 13:59:00+00:00,2026-06-02 23:59:00+00:00,SELL,1974.33,,,1859.84,SESSION_RESET,0.05798929257013773,0.00045078583620777684,0.06853464213176112,600,8
2026-06-03 01:29:00+00:00,2026-06-03 02:29:00+00:00,BUY,1867.93,,,1853.64,TRANSITION,-0.007650179610584959,0.009598860771013937,0.0011135320916736318,60,3
2026-06-03 02:29:00+00:00,2026-06-03 04:29:00+00:00,SELL,1853.64,,,1844.78,TRANSITION,0.004779784639951731,0.003236874474007898,0.01980967178092835,120,10
2026-06-03 04:29:00+00:00,2026-06-03 06:59:00+00:00,BUY,1844.78,,,1871.87,TRANSITION,0.014684677847765,0.0031656891336635904,0.02148223636422777,150,1
2026-06-03 06:59:00+00:00,2026-06-03 07:29:00+00:00,SELL,1871.87,,,1877.14,TRANSITION,-0.0028153664517302,0.004241747557255608,0.0020834780193068237,30,4
2026-06-03 07:29:00+00:00,2026-06-03 09:59:00+00:00,BUY,1877.14,,,1876.28,TRANSITION,-0.0004581437719083964,0.0038302950232801253,0.005028926984668073,150,1
2026-06-03 09:59:00+00:00,2026-06-03 10:29:00+00:00,SELL,1876.28,,,1886.5,TRANSITION,-0.005446948216684092,0.008948557784552393,0.0006768712558893032,30,1
2026-06-03 10:29:00+00:00,2026-06-03 11:59:00+00:00,BUY,1886.5,,,1878.16,TRANSITION,-0.0044208852372117245,0.005502252849191682,0.0009488470712960316,90,1
2026-06-03 11:59:00+00:00,2026-06-03 12:59:00+00:00,SELL,1878.16,,,1876.4,TRANSITION,0.0009370873620990709,0.0009796822421944446,0.005398901052093592,60,5
2026-06-03 12:59:00+00:00,2026-06-03 13:29:00+00:00,BUY,1876.4,,,1867.83,TRANSITION,-0.004567256448518527,0.004652526113835012,0.00174802813898954,30,10
2026-06-03 13:29:00+00:00,2026-06-03 21:59:00+00:00,SELL,1867.83,,,1850.1,TRANSITION,0.009492298549653886,0.004909440366628694,0.052579731560152713,510,2
2026-06-03 21:59:00+00:00,2026-06-03 23:29:00+00:00,BUY,1850.1,,,1822.35,TRANSITION,-0.014999189233014432,0.018144965137019586,0.0011350737797957604,90,2
2026-06-03 23:29:00+00:00,2026-06-03 23:59:00+00:00,SELL,1822.35,,,1813.05,SESSION_RESET,0.005103300683183777,0.0017175624879963286,0.005218536505062141,30,30
2026-06-04 00:59:00+00:00,2026-06-04 01:29:00+00:00,BUY,1793.85,,,1773.6,TRANSITION,-0.011288569278367758,0.01608272709535352,0.004019288123310219,30,1
2026-06-04 01:29:00+00:00,2026-06-04 02:29:00+00:00,SELL,1773.6,,,1766.55,TRANSITION,0.003974966170500651,0.009100135317997351,0.031754623364907496,60,2
2026-06-04 02:29:00+00:00,2026-06-04 04:59:00+00:00,BUY,1766.55,,,1805.49,TRANSITION,0.022042965101468998,0.0019416376553168966,0.029124564829752935,150,6
2026-06-04 04:59:00+00:00,2026-06-04 06:29:00+00:00,SELL,1805.49,,,1797.43,TRANSITION,0.004464162083423306,0.0,0.01379126995995552,90,20
2026-06-04 06:29:00+00:00,2026-06-04 07:29:00+00:00,BUY,1797.43,,,1778.02,TRANSITION,-0.010798751550825391,0.013302326098930185,0.002420122063167917,60,13
2026-06-04 07:29:00+00:00,2026-06-04 09:59:00+00:00,SELL,1778.02,,,1766.52,TRANSITION,0.0064678687528824195,0.005219288871891189,0.018835558655133245,150,1
2026-06-04 09:59:00+00:00,2026-06-04 10:59:00+00:00,BUY,1766.52,,,1736.86,TRANSITION,-0.016790073138147364,0.02059982338156368,0.00039625931209385997,60,1
2026-06-04 10:59:00+00:00,2026-06-04 11:59:00+00:00,SELL,1736.86,,,1751.51,TRANSITION,-0.008434761581244368,0.010254136775560594,0.002493004617528141,60,3
2026-06-04 11:59:00+00:00,2026-06-04 13:29:00+00:00,BUY,1751.51,,,1763.13,TRANSITION,0.006634275567938589,0.004122157452712247,0.017927388367751308,90,2
2026-06-04 13:29:00+00:00,2026-06-04 13:59:00+00:00,SELL,1763.13,,,1785.52,TRANSITION,-0.012699006879810265,0.015239942602076926,0.0006295621990438183,30,2
2026-06-04 13:59:00+00:00,2026-06-04 15:29:00+00:00,BUY,1785.52,,,1778.88,TRANSITION,-0.003718804605941055,0.010747569335543737,0.004990142927550564,90,1
2026-06-04 15:29:00+00:00,2026-06-04 17:59:00+00:00,SELL,1778.88,,,1768.05,TRANSITION,0.0060881003777658715,0.0013322989746356645,0.013986328476344727,150,2
2026-06-04 17:59:00+00:00,2026-06-04 20:29:00+00:00,BUY,1768.05,,,1770.25,TRANSITION,0.0012443087016770146,0.004547382709764975,0.01078023811543788,150,9
2026-06-04 20:29:00+00:00,2026-06-04 20:59:00+00:00,SELL,1770.25,,,1774.88,TRANSITION,-0.0026154497952267245,0.0026154497952267245,0.0007230617144470965,30,2
2026-06-04 20:59:00+00:00,2026-06-04 21:29:00+00:00,BUY,1774.88,,,1769.94,TRANSITION,-0.0027832867574146165,0.003628414315334025,0.004586225547642585,30,1
2026-06-04 21:29:00+00:00,2026-06-04 22:59:00+00:00,SELL,1769.94,,,1768.73,TRANSITION,0.0006836389934122266,0.00033334463315136,0.00987604099573998,90,2
2026-06-04 22:59:00+00:00,2026-06-04 23:59:00+00:00,BUY,1768.73,,,1770.77,SESSION_RESET,0.0011533699320981515,0.006433995013371238,0.004686978792693042,60,3
2026-06-05 00:59:00+00:00,2026-06-05 04:29:00+00:00,SELL,1759.42,,,1736.57,TRANSITION,0.01298723442952799,0.0026429164156368938,0.02339975673801598,210,2
2026-06-05 04:29:00+00:00,2026-06-05 05:59:00+00:00,BUY,1736.57,,,1684.16,TRANSITION,-0.03018018277408907,0.03183286593687555,0.006466770703167749,90,1
2026-06-05 05:59:00+00:00,2026-06-05 07:59:00+00:00,SELL,1684.16,,,1679.21,TRANSITION,0.0029391506745202623,0.0031707201216035993,0.03466416492494781,120,4
2026-06-05 07:59:00+00:00,2026-06-05 08:59:00+00:00,BUY,1679.21,,,1663.87,TRANSITION,-0.00913524812262918,0.011779348622268789,0.00025607279613631625,60,1
2026-06-05 08:59:00+00:00,2026-06-05 09:29:00+00:00,SELL,1663.87,,,1684.94,TRANSITION,-0.012663248931707505,0.01574642249694991,0.0006130286620949845,30,9
2026-06-05 09:29:00+00:00,2026-06-05 11:59:00+00:00,BUY,1684.94,,,1663.44,TRANSITION,-0.012760098282431421,0.013021235177513772,0.0004985340724298302,150,2
2026-06-05 11:59:00+00:00,2026-06-05 16:59:00+00:00,SELL,1663.44,,,1608.49,TRANSITION,0.03303395373442988,0.00857259654691482,0.06999350743038527,300,2
2026-06-05 16:59:00+00:00,2026-06-05 17:29:00+00:00,BUY,1608.49,,,1589.42,TRANSITION,-0.011855839949269151,0.01273865550920429,0.0027354848336017573,30,4
2026-06-05 17:29:00+00:00,2026-06-05 19:29:00+00:00,SELL,1589.42,,,1560.99,TRANSITION,0.017887027972467984,0.008984409407205126,0.030973562683242955,120,14
2026-06-05 19:29:00+00:00,2026-06-05 22:29:00+00:00,BUY,1560.99,,,1594.67,TRANSITION,0.021576051095779,0.010153812644539625,0.03735449938820873,180,2
2026-06-05 22:29:00+00:00,2026-06-05 23:59:00+00:00,SELL,1594.67,,,1583.4,TRANSITION,0.0070672929195382,0.0067537484244389,0.021070190070673015,90,6
2026-06-05 23:59:00+00:00,2026-06-05 23:59:00+00:00,BUY,1583.4,,,1583.4,SESSION_RESET,0.0,0.0,0.0,0,1
2026-06-06 01:59:00+00:00,2026-06-06 05:29:00+00:00,SELL,1583.16,,,1549.6,TRANSITION,0.02119811010889624,0.0016928168978497663,0.048940094494555206,210,2
2026-06-06 05:29:00+00:00,2026-06-06 06:59:00+00:00,BUY,1549.6,,,1560.16,TRANSITION,0.006814661848219007,0.0003226639132679401,0.020663397005678874,90,2
2026-06-06 06:59:00+00:00,2026-06-06 07:59:00+00:00,SELL,1560.16,,,1575.14,TRANSITION,-0.009601579325197427,0.01285765562506406,0.0026215259973337,60,10
2026-06-06 07:59:00+00:00,2026-06-06 09:59:00+00:00,BUY,1575.14,,,1570.69,TRANSITION,-0.0028251457013345133,0.005821704737356726,0.011364069225592558,120,2
2026-06-06 09:59:00+00:00,2026-06-06 11:29:00+00:00,SELL,1570.69,,,1564.21,TRANSITION,0.004125575384066886,6.366628679109757e-06,0.022289567005583526,90,3
2026-06-06 11:29:00+00:00,2026-06-06 12:29:00+00:00,BUY,1564.21,,,1554.92,TRANSITION,-0.005939100248687813,0.005939100248687813,0.002039368115534394,60,1
2026-06-06 12:29:00+00:00,2026-06-06 12:59:00+00:00,SELL,1554.92,,,1571.32,TRANSITION,-0.010547166413706083,0.013441205978442533,0.0021608828750032975,30,2
2026-06-06 12:59:00+00:00,2026-06-06 13:59:00+00:00,BUY,1571.32,,,1557.03,TRANSITION,-0.009094264694651608,0.011073492350380486,0.0012982715169411474,60,3
2026-06-06 13:59:00+00:00,2026-06-06 15:59:00+00:00,SELL,1557.03,,,1560.45,TRANSITION,-0.002196489470337805,0.006377526444577217,0.0078097403389787495,120,10
2026-06-06 15:59:00+00:00,2026-06-06 17:59:00+00:00,BUY,1560.45,,,1553.54,TRANSITION,-0.004428209811272441,0.008587266493639714,0.0038834951456310327,120,24
2026-06-06 17:59:00+00:00,2026-06-06 18:29:00+00:00,SELL,1553.54,,,1563.82,TRANSITION,-0.006617145358342864,0.008181314932348081,0.0022722298749951546,30,2
2026-06-06 18:29:00+00:00,2026-06-06 19:29:00+00:00,BUY,1563.82,,,1556.14,TRANSITION,-0.00491105114399345,0.007142765791459276,-6.394597843735792e-06,60,2
2026-06-06 19:29:00+00:00,2026-06-06 20:59:00+00:00,SELL,1556.14,,,1557.61,TRANSITION,-0.0009446450833471281,0.002474070456385614,0.003399437068644332,90,5
2026-06-06 20:59:00+00:00,2026-06-06 22:29:00+00:00,BUY,1557.61,,,1553.48,TRANSITION,-0.0026514981285430126,0.003877735761840232,0.004879270163905045,90,2
2026-06-06 22:29:00+00:00,2026-06-06 23:29:00+00:00,SELL,1553.48,,,1560.62,TRANSITION,-0.004596132554007694,0.006771892782655703,0.00016736617143445098,60,6
2026-06-06 23:29:00+00:00,2026-06-06 23:59:00+00:00,BUY,1560.62,,,1569.69,SESSION_RESET,0.005811792749035745,0.00022426984147320237,0.006048878010021693,30,1
2026-06-07 00:59:00+00:00,2026-06-07 01:29:00+00:00,SELL,1565.03,,,1596.16,TRANSITION,-0.01989099250493608,0.02013379935208909,0.0005558998869030567,30,1
2026-06-07 01:29:00+00:00,2026-06-07 02:29:00+00:00,BUY,1596.16,,,1585.25,TRANSITION,-0.006835154370489225,0.0082635825982358,0.00011903568564544105,60,1
2026-06-07 02:29:00+00:00,2026-06-07 02:59:00+00:00,SELL,1585.25,,,1592.67,TRANSITION,-0.004680649739788723,0.006099984229616826,0.0018041318404036586,30,15
2026-06-07 02:59:00+00:00,2026-06-07 04:29:00+00:00,BUY,1592.67,,,1586.81,TRANSITION,-0.003679356049903701,0.004815812440744205,0.004922551438778854,90,2
2026-06-07 04:29:00+00:00,2026-06-07 04:59:00+00:00,SELL,1586.81,,,1597.0,TRANSITION,-0.006421688797020472,0.007745098657054067,0.00032770148915117867,30,2
2026-06-07 04:59:00+00:00,2026-06-07 10:59:00+00:00,BUY,1597.0,,,1625.7,TRANSITION,0.01797119599248594,0.00234815278647464,0.0323731997495304,360,2
2026-06-07 10:59:00+00:00,2026-06-07 11:29:00+00:00,SELL,1625.7,,,1628.51,TRANSITION,-0.0017284861905640311,0.002891062311619638,0.002140616349880063,30,2
2026-06-07 11:29:00+00:00,2026-06-07 12:29:00+00:00,BUY,1628.51,,,1610.93,TRANSITION,-0.010795144027362391,0.011918870624067449,0.003365039207619246,60,15
2026-06-07 12:29:00+00:00,2026-06-07 12:59:00+00:00,SELL,1610.93,,,1620.17,TRANSITION,-0.005735817198760969,0.00710148796037061,0.0024395845877847352,30,25
2026-06-07 12:59:00+00:00,2026-06-07 13:59:00+00:00,BUY,1620.17,,,1617.46,TRANSITION,-0.0016726639797058557,0.004203262620589304,0.0017467302813901795,60,3
2026-06-07 13:59:00+00:00,2026-06-07 14:29:00+00:00,SELL,1617.46,,,1630.47,TRANSITION,-0.008043475572811687,0.010034251233415366,0.00034003932091053533,30,1
2026-06-07 14:29:00+00:00,2026-06-07 16:29:00+00:00,BUY,1630.47,,,1628.26,TRANSITION,-0.0013554373892190818,0.005900139223659508,0.0058449404159536655,120,10
2026-06-07 16:29:00+00:00,2026-06-07 17:29:00+00:00,SELL,1628.26,,,1635.33,TRANSITION,-0.004342058393622601,0.005711618537579966,0.0014985321754511286,60,3
2026-06-07 17:29:00+00:00,2026-06-07 18:59:00+00:00,BUY,1635.33,,,1630.36,TRANSITION,-0.003039141946885355,0.003870778375006835,0.001632697987562188,90,2
2026-06-07 18:59:00+00:00,2026-06-07 20:29:00+00:00,SELL,1630.36,,,1624.93,TRANSITION,0.0033305527613532206,0.0007912362913713481,0.016168208248484937,90,2
2026-06-07 20:29:00+00:00,2026-06-07 23:59:00+00:00,BUY,1624.93,,,1690.51,SESSION_RESET,0.040358661603884426,0.0014339079221875124,0.05969487916402552,210,2
2026-06-08 01:29:00+00:00,2026-06-08 01:59:00+00:00,SELL,1674.68,,,1687.34,TRANSITION,-0.0075596531874745345,0.008192609931449607,0.0022332624740248937,30,1
2026-06-08 01:59:00+00:00,2026-06-08 03:29:00+00:00,BUY,1687.34,,,1680.94,TRANSITION,-0.003792952220654915,0.00549385423210496,0.003129185582040355,90,4
2026-06-08 03:29:00+00:00,2026-06-08 06:29:00+00:00,SELL,1680.94,,,1667.92,TRANSITION,0.007745666115387808,0.0014694159220436345,0.021380894023582075,180,2
2026-06-08 06:29:00+00:00,2026-06-08 08:29:00+00:00,BUY,1667.92,,,1667.06,TRANSITION,-0.0005156122595808716,0.0037711640846083525,0.009334980094968545,120,13
2026-06-08 08:29:00+00:00,2026-06-08 09:59:00+00:00,SELL,1667.06,,,1671.1,TRANSITION,-0.002423428070975228,0.0029633006610440263,0.005908605569085641,90,30
2026-06-08 09:59:00+00:00,2026-06-08 13:59:00+00:00,BUY,1671.1,,,1681.59,TRANSITION,0.006277302375680695,0.004655616061276987,0.016635748907905083,240,3
2026-06-08 13:59:00+00:00,2026-06-08 14:29:00+00:00,SELL,1681.59,,,1684.75,TRANSITION,-0.001879173877104456,0.004501691851164769,0.002997163398925995,30,3
2026-06-08 14:29:00+00:00,2026-06-08 16:59:00+00:00,BUY,1684.75,,,1682.7,TRANSITION,-0.0012167977444724467,0.0013117673245288835,0.012743730523816606,150,290
2026-06-08 16:59:00+00:00,2026-06-08 17:29:00+00:00,SELL,1682.7,,,1686.67,TRANSITION,-0.0023593035003268716,0.0030665002674272624,0.004100552683187788,30,1
2026-06-08 17:29:00+00:00,2026-06-08 20:29:00+00:00,BUY,1686.67,,,1679.63,TRANSITION,-0.004173904794654534,0.0054841788850219664,0.003480230276224686,180,2
2026-06-08 20:29:00+00:00,2026-06-08 20:59:00+00:00,SELL,1679.63,,,1689.71,TRANSITION,-0.006001321719664407,0.006001321719664407,0.0002262403029239232,30,1
2026-06-08 20:59:00+00:00,2026-06-08 23:59:00+00:00,BUY,1689.71,,,1690.49,TRANSITION,0.00046161767403872424,0.00176953441714851,0.014671156589000457,180,2
2026-06-08 23:59:00+00:00,2026-06-08 23:59:00+00:00,SELL,1690.49,,,1690.49,SESSION_RESET,0.0,0.0,0.0,0,3
2026-06-09 01:29:00+00:00,2026-06-09 02:29:00+00:00,BUY,1670.32,,,1665.37,TRANSITION,-0.002963503999233707,0.005645624790459216,0.0023648163226208424,60,9
2026-06-09 02:29:00+00:00,2026-06-09 02:59:00+00:00,SELL,1665.37,,,1667.89,TRANSITION,-0.0015131772519021054,0.0019154902514156341,0.006449017335486878,30,1
2026-06-09 02:59:00+00:00,2026-06-09 04:29:00+00:00,BUY,1667.89,,,1666.18,TRANSITION,-0.001025247468358247,0.0024342132874471175,0.0027459844474155533,90,2
2026-06-09 04:29:00+00:00,2026-06-09 05:29:00+00:00,SELL,1666.18,,,1687.96,TRANSITION,-0.013071816970555386,0.018143297842970158,0.0011103242146707657,60,2
2026-06-09 05:29:00+00:00,2026-06-09 06:59:00+00:00,BUY,1687.96,,,1685.98,TRANSITION,-0.0011730135785208288,0.0023104812910259074,0.0044610061849806705,90,55
2026-06-09 06:59:00+00:00,2026-06-09 10:29:00+00:00,SELL,1685.98,,,1673.29,TRANSITION,0.007526779677101777,0.003327441606661941,0.012443801231331344,210,10
2026-06-09 10:29:00+00:00,2026-06-09 11:29:00+00:00,BUY,1673.29,,,1668.73,TRANSITION,-0.002725170173729566,0.004284971523166978,0.0018645901188676908,60,5
2026-06-09 11:29:00+00:00,2026-06-09 11:59:00+00:00,SELL,1668.73,,,1671.96,TRANSITION,-0.0019356037225914428,0.0029663276863243575,0.0007790355539841403,30,23
2026-06-09 11:59:00+00:00,2026-06-09 13:29:00+00:00,BUY,1671.96,,,1670.57,TRANSITION,-0.0008313596019044116,0.002745280987583522,0.006794420919160686,90,3
2026-06-09 13:29:00+00:00,2026-06-09 17:29:00+00:00,SELL,1670.57,,,1645.03,TRANSITION,0.015288195047199438,0.0047289248579826595,0.03385072160998938,240,3
2026-06-09 17:29:00+00:00,2026-06-09 21:29:00+00:00,BUY,1645.03,,,1651.39,TRANSITION,0.0038661908901358195,0.003355561904646105,0.011391889509613812,240,14
2026-06-09 21:29:00+00:00,2026-06-09 23:59:00+00:00,SELL,1651.39,,,1639.52,SESSION_RESET,0.007187884146083068,0.0021860372171321734,0.01273472650312779,150,3
2026-06-10 01:59:00+00:00,2026-06-10 03:29:00+00:00,SELL,1638.98,,,1636.32,TRANSITION,0.001622960621850225,0.0021476772138769125,0.01050043319625623,90,24
2026-06-10 03:29:00+00:00,2026-06-10 04:29:00+00:00,BUY,1636.32,,,1630.46,TRANSITION,-0.0035812066099539823,0.006172386819204012,6.111274078428207e-05,60,1
2026-06-10 04:29:00+00:00,2026-06-10 05:29:00+00:00,SELL,1630.46,,,1625.99,TRANSITION,0.0027415575972425128,6.133238472572713e-06,0.008666265961753192,60,2
2026-06-10 05:29:00+00:00,2026-06-10 08:29:00+00:00,BUY,1625.99,,,1633.86,TRANSITION,0.004840128168069847,0.00259534191477194,0.010818024711099035,180,2
2026-06-10 08:29:00+00:00,2026-06-10 09:59:00+00:00,SELL,1633.86,,,1623.67,TRANSITION,0.006236764471864069,0.0011200470052514626,0.017045524096311746,90,2
2026-06-10 09:59:00+00:00,2026-06-10 11:29:00+00:00,BUY,1623.67,,,1616.88,TRANSITION,-0.00418188424987834,0.0071874210892607935,0.004034070962695593,90,1
2026-06-10 11:29:00+00:00,2026-06-10 12:29:00+00:00,SELL,1616.88,,,1625.44,TRANSITION,-0.005294146751768805,0.00551061303250696,0.0009710058878829372,60,5
2026-06-10 12:29:00+00:00,2026-06-10 16:29:00+00:00,BUY,1625.44,,,1648.9,TRANSITION,0.014433015060537477,0.0005783049512747653,0.026159070774682536,240,2
2026-06-10 16:29:00+00:00,2026-06-10 18:29:00+00:00,SELL,1648.9,,,1636.31,TRANSITION,0.007635393292498117,0.001880041239614233,0.016004609133361696,120,2
2026-06-10 18:29:00+00:00,2026-06-10 19:29:00+00:00,BUY,1636.31,,,1627.41,TRANSITION,-0.005439067169423804,0.008427498456893842,6.111311426313416e-06,60,1
2026-06-10 19:29:00+00:00,2026-06-10 20:29:00+00:00,SELL,1627.41,,,1632.91,TRANSITION,-0.003379603173140143,0.0054073650770242,0.002617656275923087,60,5
2026-06-10 20:29:00+00:00,2026-06-10 21:29:00+00:00,BUY,1632.91,,,1618.96,TRANSITION,-0.008543030540568706,0.010661947076078952,4.899228983834212e-05,60,2
2026-06-10 21:29:00+00:00,2026-06-10 23:29:00+00:00,SELL,1618.96,,,1622.03,TRANSITION,-0.0018962790927508624,0.0037307901368779733,0.009586401146414972,120,1
2026-06-10 23:29:00+00:00,2026-06-10 23:59:00+00:00,BUY,1622.03,,,1621.59,SESSION_RESET,-0.0002712650197592243,0.0018433691115454147,0.0018865249101434286,30,1
2026-06-11 02:29:00+00:00,2026-06-11 02:59:00+00:00,SELL,1634.77,,,1641.07,TRANSITION,-0.0038537531273512204,0.006563614453409359,0.0023673054925157,30,1
2026-06-11 02:59:00+00:00,2026-06-11 05:29:00+00:00,BUY,1641.07,,,1649.26,TRANSITION,0.004990646346590977,0.003034605470820878,0.012327323027049437,150,4
2026-06-11 05:29:00+00:00,2026-06-11 06:29:00+00:00,SELL,1649.26,,,1658.87,TRANSITION,-0.005826855680729479,0.00789444963195614,0.0018553775632707671,60,3
2026-06-11 06:29:00+00:00,2026-06-11 09:29:00+00:00,BUY,1658.87,,,1657.23,TRANSITION,-0.0009886247867523512,0.004322219342082168,0.003176861357430184,180,15
2026-06-11 09:29:00+00:00,2026-06-11 10:59:00+00:00,SELL,1657.23,,,1658.85,TRANSITION,-0.0009775348020491367,0.0028782969171448633,0.0017800788062007358,90,15
2026-06-11 10:59:00+00:00,2026-06-11 12:29:00+00:00,BUY,1658.85,,,1648.58,TRANSITION,-0.006191035958646039,0.007667962745275221,0.008831419356783369,90,4
2026-06-11 12:29:00+00:00,2026-06-11 17:29:00+00:00,SELL,1648.58,,,1654.23,TRANSITION,-0.003427191886350733,0.006636014024190549,0.009626466413519448,300,2
2026-06-11 17:29:00+00:00,2026-06-11 19:59:00+00:00,BUY,1654.23,,,1681.26,TRANSITION,0.01633992854681633,4.8360868802964065e-05,0.023793547451079897,150,1
2026-06-11 19:59:00+00:00,2026-06-11 21:29:00+00:00,SELL,1681.26,,,1678.78,TRANSITION,0.001475084163068186,0.0012074277625114336,0.008374671377419273,90,2
2026-06-11 21:29:00+00:00,2026-06-11 23:29:00+00:00,BUY,1678.78,,,1670.34,TRANSITION,-0.005027460417684303,0.005116811017524582,0.0026388210486186776,120,5
2026-06-11 23:29:00+00:00,2026-06-11 23:59:00+00:00,SELL,1670.34,,,1673.46,SESSION_RESET,-0.0018678831854593188,0.005334243327705786,-5.986805081594709e-06,30,1
2026-06-12 00:59:00+00:00,2026-06-12 01:59:00+00:00,SELL,1672.74,,,1667.09,TRANSITION,0.003377691691476315,0.0,0.007060272367492824,60,1
2026-06-12 01:59:00+00:00,2026-06-12 03:29:00+00:00,BUY,1667.09,,,1671.64,TRANSITION,0.0027293067560840638,0.00013196648051396582,0.00679627374646849,90,1
2026-06-12 03:29:00+00:00,2026-06-12 03:59:00+00:00,SELL,1671.64,,,1673.25,TRANSITION,-0.0009631260319206886,0.0016570553468450034,0.0006341078222584844,30,2
2026-06-12 03:59:00+00:00,2026-06-12 05:29:00+00:00,BUY,1673.25,,,1668.66,TRANSITION,-0.002743164500224066,0.0035798595547587085,0.005229344090841177,90,2
2026-06-12 05:29:00+00:00,2026-06-12 07:59:00+00:00,SELL,1668.66,,,1662.12,TRANSITION,0.003919312502247426,0.0005513405966463182,0.009930123572207737,150,6
2026-06-12 07:59:00+00:00,2026-06-12 10:29:00+00:00,BUY,1662.12,,,1673.01,TRANSITION,0.006551873510937899,0.0,0.014156619257334128,150,4
2026-06-12 10:29:00+00:00,2026-06-12 14:29:00+00:00,SELL,1673.01,,,1670.55,TRANSITION,0.001470403643731978,0.0032874878213519343,0.011518161875900313,240,5
2026-06-12 14:29:00+00:00,2026-06-12 15:59:00+00:00,BUY,1670.55,,,1660.08,TRANSITION,-0.0062673969650714,0.00706354194726285,0.01228337972524018,90,5
2026-06-12 15:59:00+00:00,2026-06-12 16:29:00+00:00,SELL,1660.08,,,1670.54,TRANSITION,-0.006300901161389835,0.009192328080574425,0.0016264276420412378,30,1
2026-06-12 16:29:00+00:00,2026-06-12 18:59:00+00:00,BUY,1670.54,,,1666.87,TRANSITION,-0.0021968944173740663,0.004154345301519302,0.00452548277802384,150,1
2026-06-12 18:59:00+00:00,2026-06-12 23:59:00+00:00,SELL,1666.87,,,1666.41,TRANSITION,0.00027596633210736835,0.0033595901300042218,0.004709425450095034,300,2
2026-06-12 23:59:00+00:00,2026-06-12 23:59:00+00:00,BUY,1666.41,,,1666.41,SESSION_RESET,0.0,0.0,0.0,0,2
2026-06-13 00:59:00+00:00,2026-06-13 03:29:00+00:00,BUY,1667.47,,,1664.7,TRANSITION,-0.0016611993019364558,0.00246481196063505,0.005055563218528707,150,2
2026-06-13 03:29:00+00:00,2026-06-13 05:59:00+00:00,SELL,1664.7,,,1665.22,TRANSITION,-0.00031236859494202066,0.0021505376344085583,0.0015017720910674595,150,10
2026-06-13 05:59:00+00:00,2026-06-13 08:59:00+00:00,BUY,1665.22,,,1674.57,TRANSITION,0.005614873710380556,0.0008046984782790972,0.00882766241097275,180,1
2026-06-13 08:59:00+00:00,2026-06-13 11:29:00+00:00,SELL,1674.57,,,1678.43,TRANSITION,-0.0023050693610897886,0.002621568522068412,0.0010569877640229921,150,3
2026-06-13 11:29:00+00:00,2026-06-13 12:29:00+00:00,BUY,1678.43,,,1677.03,TRANSITION,-0.0008341128316343791,0.0008579446268239095,7.745333436597401e-05,60,2
2026-06-13 12:29:00+00:00,2026-06-13 12:59:00+00:00,SELL,1677.03,,,1680.53,TRANSITION,-0.00208702289165966,0.004019009797081751,5.9629225475936065e-06,30,2
2026-06-13 12:59:00+00:00,2026-06-13 13:59:00+00:00,BUY,1680.53,,,1678.02,TRANSITION,-0.0014935764312448995,0.0022849934246933516,0.0006248028895645746,60,1
2026-06-13 13:59:00+00:00,2026-06-13 14:59:00+00:00,SELL,1678.02,,,1679.97,TRANSITION,-0.0011620838845782802,0.00205599456502309,0.00011918809072600177,60,2
2026-06-13 14:59:00+00:00,2026-06-13 16:29:00+00:00,BUY,1679.97,,,1673.07,TRANSITION,-0.004107216200289345,0.005077471621517035,0.003922689095638564,90,5
2026-06-13 16:29:00+00:00,2026-06-13 16:59:00+00:00,SELL,1673.07,,,1676.74,TRANSITION,-0.002193572295241725,0.004369213481803017,0.0006395428762693351,30,9
2026-06-13 16:59:00+00:00,2026-06-13 17:59:00+00:00,BUY,1676.74,,,1674.31,TRANSITION,-0.0014492407886732969,0.0020933478058613683,0.000990016341233633,60,4
2026-06-13 17:59:00+00:00,2026-06-13 18:29:00+00:00,SELL,1674.31,,,1679.82,TRANSITION,-0.0032909078963871633,0.0033147983348364132,6.569870573543726e-05,30,1
2026-06-13 18:29:00+00:00,2026-06-13 19:29:00+00:00,BUY,1679.82,,,1676.89,TRANSITION,-0.0017442345013155198,0.0023573954352252243,0.0016727982760058654,60,2
2026-06-13 19:29:00+00:00,2026-06-13 20:59:00+00:00,SELL,1676.89,,,1676.53,TRANSITION,0.0002146831336582169,0.0018546237379911024,0.0010614888275320385,90,3
2026-06-13 20:59:00+00:00,2026-06-13 22:59:00+00:00,BUY,1676.53,,,1681.63,TRANSITION,0.003041997459037498,0.0009662815458118202,0.012376754367652234,120,10
2026-06-13 22:59:00+00:00,2026-06-13 23:59:00+00:00,SELL,1681.63,,,1681.18,TRANSITION,0.00026759750955920473,0.0015282791101490435,0.0020991537972087793,60,2
2026-06-13 23:59:00+00:00,2026-06-13 23:59:00+00:00,BUY,1681.18,,,1681.18,SESSION_RESET,0.0,0.0,0.0,0,2
2026-06-14 02:29:00+00:00,2026-06-14 08:29:00+00:00,SELL,1683.07,,,1677.97,TRANSITION,0.0030301769979857694,0.000552561687868041,0.005555324496307289,360,2
2026-06-14 08:29:00+00:00,2026-06-14 08:59:00+00:00,BUY,1677.97,,,1675.58,TRANSITION,-0.0014243401252704757,0.0016925213204049645,0.0005661603008397323,30,1
2026-06-14 08:59:00+00:00,2026-06-14 09:59:00+00:00,SELL,1675.58,,,1678.49,TRANSITION,-0.0017367120638824062,0.0020410842812638445,0.003837477172083599,60,2
2026-06-14 09:59:00+00:00,2026-06-14 10:59:00+00:00,BUY,1678.49,,,1673.13,TRANSITION,-0.0031933464006338435,0.0031933464006338435,3.5746414932436554e-05,60,3
2026-06-14 10:59:00+00:00,2026-06-14 11:29:00+00:00,SELL,1673.13,,,1674.94,TRANSITION,-0.0010818047611362808,0.0014045531429117337,0.000460215285124413,30,1
2026-06-14 11:29:00+00:00,2026-06-14 12:29:00+00:00,BUY,1674.94,,,1672.98,TRANSITION,-0.0011701911710270436,0.0012716873440243286,0.0013194502489641637,60,1
2026-06-14 12:29:00+00:00,2026-06-14 16:29:00+00:00,SELL,1672.98,,,1667.3,TRANSITION,0.003395139212662473,0.00015541130198806375,0.010807062845939536,240,1
2026-06-14 16:29:00+00:00,2026-06-14 16:59:00+00:00,BUY,1667.3,,,1661.38,TRANSITION,-0.003550650752713876,0.004762190367660322,0.0007617105499909925,30,6
2026-06-14 16:59:00+00:00,2026-06-14 18:59:00+00:00,SELL,1661.38,,,1662.08,TRANSITION,-0.00042133647931226936,0.003093813576665105,0.0014626394924701534,120,6
2026-06-14 18:59:00+00:00,2026-06-14 23:59:00+00:00,BUY,1662.08,,,1725.62,SESSION_RESET,0.038229206777050426,0.0005715729688100562,0.04223623411628805,300,1
2026-06-15 03:29:00+00:00,2026-06-15 04:29:00+00:00,BUY,1721.11,,,1718.83,TRANSITION,-0.0013247264846523307,0.0022485489015808932,0.0017779223872966708,60,3
2026-06-15 04:29:00+00:00,2026-06-15 05:29:00+00:00,SELL,1718.83,,,1721.09,TRANSITION,-0.0013148478907163543,0.0022108061879302678,0.0016755583740101592,60,5
2026-06-15 05:29:00+00:00,2026-06-15 06:59:00+00:00,BUY,1721.09,,,1719.82,TRANSITION,-0.0007379044675176672,0.0023241085591107964,0.0012782597075109642,90,10
2026-06-15 06:59:00+00:00,2026-06-15 10:29:00+00:00,SELL,1719.82,,,1724.64,TRANSITION,-0.002802618878719961,0.00492493400472144,0.0044481399216196255,210,1
2026-06-15 10:29:00+00:00,2026-06-15 18:59:00+00:00,BUY,1724.64,,,1828.13,TRANSITION,0.06000672604137675,0.0002435290843306851,0.07242091103070777,510,14
2026-06-15 18:59:00+00:00,2026-06-15 23:59:00+00:00,SELL,1828.13,,,1796.13,TRANSITION,0.01750422562946836,0.003451614491310763,0.024784889477225455,300,1
2026-06-15 23:59:00+00:00,2026-06-15 23:59:00+00:00,BUY,1796.13,,,1796.13,SESSION_RESET,0.0,0.0,0.0,0,6
2026-06-16 01:29:00+00:00,2026-06-16 02:29:00+00:00,BUY,1795.81,,,1773.43,TRANSITION,-0.012462342898190723,0.012841002110468227,0.0008965313702452527,60,3
2026-06-16 02:29:00+00:00,2026-06-16 03:29:00+00:00,SELL,1773.43,,,1778.07,TRANSITION,-0.0026163987301443376,0.003969708418150118,0.004843720924987254,60,2
2026-06-16 03:29:00+00:00,2026-06-16 04:29:00+00:00,BUY,1778.07,,,1768.37,TRANSITION,-0.0054553532763052335,0.005460977351847811,0.002952639659855911,60,5
2026-06-16 04:29:00+00:00,2026-06-16 06:29:00+00:00,SELL,1768.37,,,1768.08,TRANSITION,0.00016399282955488028,0.00013006327861251785,0.00586415738787691,120,2
2026-06-16 06:29:00+00:00,2026-06-16 11:29:00+00:00,BUY,1768.08,,,1793.44,TRANSITION,0.01434324238722237,0.001125514682593553,0.02256119632595816,300,1
2026-06-16 11:29:00+00:00,2026-06-16 11:59:00+00:00,SELL,1793.44,,,1799.59,TRANSITION,-0.0034291640645908775,0.003652199125702535,0.0010705682933357529,30,2
2026-06-16 11:59:00+00:00,2026-06-16 13:29:00+00:00,BUY,1799.59,,,1801.9,TRANSITION,0.0012836257147462327,0.004456570663317746,0.022327307886796474,90,1
2026-06-16 13:29:00+00:00,2026-06-16 17:59:00+00:00,SELL,1801.9,,,1795.1,TRANSITION,0.0037737943282092133,0.00345191187080293,0.0213885343248794,270,1
2026-06-16 17:59:00+00:00,2026-06-16 20:29:00+00:00,BUY,1795.1,,,1790.09,TRANSITION,-0.0027909308673611448,0.0031028912038326205,0.00743134087237488,150,15
2026-06-16 20:29:00+00:00,2026-06-16 20:59:00+00:00,SELL,1790.09,,,1797.82,TRANSITION,-0.004318218637051779,0.004698087805641103,0.00022903876341404873,30,2
2026-06-16 20:59:00+00:00,2026-06-16 23:59:00+00:00,BUY,1797.82,,,1792.99,SESSION_RESET,-0.0026865870888075154,0.004032661779266,0.0014795697010824677,180,2
2026-06-17 01:59:00+00:00,2026-06-17 03:29:00+00:00,BUY,1797.76,,,1790.94,TRANSITION,-0.0037936098255606622,0.005623665005339923,0.00692528479886083,90,2
2026-06-17 03:29:00+00:00,2026-06-17 03:59:00+00:00,SELL,1790.94,,,1793.58,TRANSITION,-0.0014740862340446204,0.0035847097055176865,5.5836599774369356e-06,30,3
2026-06-17 03:59:00+00:00,2026-06-17 06:29:00+00:00,BUY,1793.58,,,1788.84,TRANSITION,-0.002642759174388658,0.0027709943242007757,0.004577437304162645,150,2
2026-06-17 06:29:00+00:00,2026-06-17 15:29:00+00:00,SELL,1788.84,,,1763.42,TRANSITION,0.01421032624494077,0.0021131012276111743,0.026715636949084305,540,2
2026-06-17 15:29:00+00:00,2026-06-17 16:59:00+00:00,BUY,1763.42,,,1772.02,TRANSITION,0.004876886958296894,0.001168184550475878,0.016054031370858868,90,6
2026-06-17 16:59:00+00:00,2026-06-17 17:29:00+00:00,SELL,1772.02,,,1777.92,TRANSITION,-0.0033295335267096824,0.004238101150099881,0.0025281881694337637,30,1
2026-06-17 17:29:00+00:00,2026-06-17 18:29:00+00:00,BUY,1777.92,,,1766.96,TRANSITION,-0.006164506839452864,0.017717332613390927,0.010214182865370689,60,5
2026-06-17 18:29:00+00:00,2026-06-17 20:59:00+00:00,SELL,1766.96,,,1747.36,TRANSITION,0.01109249784941376,0.012467741205233833,0.021336080047086547,150,30
2026-06-17 20:59:00+00:00,2026-06-17 21:59:00+00:00,BUY,1747.36,,,1738.9,TRANSITION,-0.00484158959802205,0.006278042303818217,0.00037198974452894135,60,2
2026-06-17 21:59:00+00:00,2026-06-17 22:29:00+00:00,SELL,1738.9,,,1743.59,TRANSITION,-0.002697107366725992,0.003392949565817392,0.00779803323940432,30,15
2026-06-17 22:29:00+00:00,2026-06-17 23:59:00+00:00,BUY,1743.59,,,1750.6,SESSION_RESET,0.004020440585229321,0.002024558525800201,0.004628381672296907,90,5
2026-06-18 03:29:00+00:00,2026-06-18 05:59:00+00:00,SELL,1745.01,,,1730.97,TRANSITION,0.008045799164474681,0.0018796453888516242,0.013048635824436525,150,2
2026-06-18 05:59:00+00:00,2026-06-18 08:59:00+00:00,BUY,1730.97,,,1747.67,TRANSITION,0.009647769747598194,0.0031427465525110513,0.013079371681773729,180,4
2026-06-18 08:59:00+00:00,2026-06-18 10:59:00+00:00,SELL,1747.67,,,1746.9,TRANSITION,0.00044058660960020015,0.0029582243787441825,0.004697683201062006,120,2
2026-06-18 10:59:00+00:00,2026-06-18 13:59:00+00:00,BUY,1746.9,,,1736.78,TRANSITION,-0.005793119239796278,0.010200927357032551,0.003526246493788914,180,2
2026-06-18 13:59:00+00:00,2026-06-18 14:59:00+00:00,SELL,1736.78,,,1739.79,TRANSITION,-0.0017330922742085878,0.0049977544651597,0.004099540529024915,60,4
2026-06-18 14:59:00+00:00,2026-06-18 15:29:00+00:00,BUY,1739.79,,,1720.5,TRANSITION,-0.01108754504854032,0.012725673788215746,0.00017243460417634,30,2
2026-06-18 15:29:00+00:00,2026-06-18 19:29:00+00:00,SELL,1720.5,,,1691.68,TRANSITION,0.01675094449287994,0.003243243243243201,0.02831153734379543,240,2
2026-06-18 19:29:00+00:00,2026-06-18 21:29:00+00:00,BUY,1691.68,,,1705.79,TRANSITION,0.008340820959046568,0.0008098458337274887,0.015103329234843442,120,3
2026-06-18 21:29:00+00:00,2026-06-18 21:59:00+00:00,SELL,1705.79,,,1708.39,TRANSITION,-0.0015242204491761216,0.002380128855251787,0.00046312852109577595,30,2
2026-06-18 21:59:00+00:00,2026-06-18 22:29:00+00:00,BUY,1708.39,,,1703.49,TRANSITION,-0.0028681975427157095,0.0037462171986490734,9.95088943390241e-05,30,5
2026-06-18 22:29:00+00:00,2026-06-18 23:29:00+00:00,SELL,1703.49,,,1709.09,TRANSITION,-0.0032873688721389085,0.0036924196795989194,0.0019371995139390043,60,15
2026-06-18 23:29:00+00:00,2026-06-18 23:59:00+00:00,BUY,1709.09,,,1711.11,SESSION_RESET,0.00118191552229548,0.00036276615040746295,0.0019250010239368267,30,2
2026-06-19 01:29:00+00:00,2026-06-19 01:59:00+00:00,SELL,1709.31,,,1713.5,TRANSITION,-0.0024512815112531106,0.0027145456353733963,0.0018252979272337323,30,1
2026-06-19 01:59:00+00:00,2026-06-19 02:29:00+00:00,BUY,1713.5,,,1704.09,TRANSITION,-0.005491683688357211,0.005491683688357211,0.0009979573971403773,30,2
2026-06-19 02:29:00+00:00,2026-06-19 02:59:00+00:00,SELL,1704.09,,,1707.15,TRANSITION,-0.0017956798056441695,0.0023472938635870173,0.0016431057045108853,30,1
2026-06-19 02:59:00+00:00,2026-06-19 03:29:00+00:00,BUY,1707.15,,,1699.95,TRANSITION,-0.0042175555750813025,0.0145271358697245,0.000661921916644631,30,9
2026-06-19 03:29:00+00:00,2026-06-19 05:59:00+00:00,SELL,1699.95,,,1697.51,TRANSITION,0.0014353363334216032,0.001776522838907016,0.008206123709520894,150,5
2026-06-19 05:59:00+00:00,2026-06-19 07:29:00+00:00,BUY,1697.51,,,1696.15,TRANSITION,-0.0008011734835140293,0.0020736254867423356,0.0034697881013956325,90,2
2026-06-19 07:29:00+00:00,2026-06-19 08:59:00+00:00,SELL,1696.15,,,1697.94,TRANSITION,-0.0010553311912271696,0.0021637237272645964,0.0035727972172273515,90,2
2026-06-19 08:59:00+00:00,2026-06-19 09:29:00+00:00,BUY,1697.94,,,1691.89,TRANSITION,-0.0035631412181820056,0.004676254755762898,0.0011072240479639338,30,1
2026-06-19 09:29:00+00:00,2026-06-19 10:59:00+00:00,SELL,1691.89,,,1692.61,TRANSITION,-0.00042555958129653814,0.001855912618432565,0.002860706074272054,90,1
2026-06-19 10:59:00+00:00,2026-06-19 11:59:00+00:00,BUY,1692.61,,,1691.74,TRANSITION,-0.0005139990901624656,0.0022273293907042863,0.0009630097896149197,60,1
2026-06-19 11:59:00+00:00,2026-06-19 12:59:00+00:00,SELL,1691.74,,,1695.36,TRANSITION,-0.002139808717651584,0.0025890503268823114,0.007465686216558165,60,6
2026-06-19 12:59:00+00:00,2026-06-19 15:29:00+00:00,BUY,1695.36,,,1699.56,TRANSITION,0.0024773499433748854,0.004488722159305339,0.00957318799547,150,2
2026-06-19 15:29:00+00:00,2026-06-19 15:59:00+00:00,SELL,1699.56,,,1707.86,TRANSITION,-0.004883616936148153,0.007354844783355692,5.8838758266792026e-06,30,10
2026-06-19 15:59:00+00:00,2026-06-19 16:59:00+00:00,BUY,1707.86,,,1696.8,TRANSITION,-0.00647594065087299,0.007477193680980866,0.0022835595423513,60,20
2026-06-19 16:59:00+00:00,2026-06-19 17:59:00+00:00,SELL,1696.8,,,1704.85,TRANSITION,-0.0047442244224422175,0.005569306930693096,0.0018269684111267735,60,5
2026-06-19 17:59:00+00:00,2026-06-19 19:59:00+00:00,BUY,1704.85,,,1701.2,TRANSITION,-0.002140950816787321,0.003929964513006903,0.0003519371205678719,120,2
2026-06-19 19:59:00+00:00,2026-06-19 20:29:00+00:00,SELL,1701.2,,,1702.79,TRANSITION,-0.0009346343757347273,0.0020926404890665093,0.0013578650364448304,30,4
2026-06-19 20:29:00+00:00,2026-06-19 21:59:00+00:00,BUY,1702.79,,,1702.03,TRANSITION,-0.0004463263232694524,0.0008456709283000573,0.003864246325148684,90,2
2026-06-19 21:59:00+00:00,2026-06-19 22:29:00+00:00,SELL,1702.03,,,1708.39,TRANSITION,-0.00373671439398843,0.004905906476384163,0.00092830326139958,30,6
2026-06-19 22:29:00+00:00,2026-06-19 23:59:00+00:00,BUY,1708.39,,,1711.19,SESSION_RESET,0.0016389700244089198,0.0020545659948840666,0.0038691399504796327,90,6
2026-06-20 00:59:00+00:00,2026-06-20 01:29:00+00:00,SELL,1708.8,,,1709.21,TRANSITION,-0.00023993445692888687,0.0010007022471910326,0.0012757490636704492,30,2
2026-06-20 01:29:00+00:00,2026-06-20 02:29:00+00:00,BUY,1709.21,,,1704.5,TRANSITION,-0.0027556590471621606,0.0030130879178100357,0.002428022302701168,60,1
2026-06-20 02:29:00+00:00,2026-06-20 03:29:00+00:00,SELL,1704.5,,,1707.96,TRANSITION,-0.002029920797887965,0.0024112643003812847,0.0,60,2
2026-06-20 03:29:00+00:00,2026-06-20 07:59:00+00:00,BUY,1707.96,,,1725.82,TRANSITION,0.01045691936579305,0.0009484999648704409,0.01518185437598074,270,14
2026-06-20 07:59:00+00:00,2026-06-20 09:59:00+00:00,SELL,1725.82,,,1728.47,TRANSITION,-0.0015355019642836977,0.002422037060643673,0.0026480165950098717,120,1
2026-06-20 09:59:00+00:00,2026-06-20 11:29:00+00:00,BUY,1728.47,,,1726.61,TRANSITION,-0.0010760962006862297,0.0018571337657003223,0.0006132591251221864,90,1
2026-06-20 11:29:00+00:00,2026-06-20 12:29:00+00:00,SELL,1726.61,,,1729.08,TRANSITION,-0.0014305488790172809,0.002982723371230383,0.00028958479332333304,60,2
2026-06-20 12:29:00+00:00,2026-06-20 13:29:00+00:00,BUY,1729.08,,,1714.85,TRANSITION,-0.00822981007240846,0.009409628241608244,0.0,60,50
2026-06-20 13:29:00+00:00,2026-06-20 14:59:00+00:00,SELL,1714.85,,,1733.48,TRANSITION,-0.01086392395836377,0.01855555879523,0.003930372918914196,90,6
2026-06-20 14:59:00+00:00,2026-06-20 16:29:00+00:00,BUY,1733.48,,,1733.45,TRANSITION,-1.7306227934543642e-05,0.002330572028520643,0.00927036943027894,90,15
2026-06-20 16:29:00+00:00,2026-06-20 16:59:00+00:00,SELL,1733.45,,,1733.92,TRANSITION,-0.0002711355966425494,0.0007211053102195045,0.0014710548328477628,30,6
2026-06-20 16:59:00+00:00,2026-06-20 17:29:00+00:00,BUY,1733.92,,,1729.88,TRANSITION,-0.0023299806219433212,0.004060164252099268,5.767278767181245e-06,30,2
2026-06-20 17:29:00+00:00,2026-06-20 18:29:00+00:00,SELL,1729.88,,,1729.7,TRANSITION,0.0001040534603556684,0.0012255185330773757,0.005115961800818632,60,1
2026-06-20 18:29:00+00:00,2026-06-20 18:59:00+00:00,BUY,1729.7,,,1726.63,TRANSITION,-0.0017748742556512322,0.0021390992657686564,0.00046250794935535325,30,5
2026-06-20 18:59:00+00:00,2026-06-20 19:59:00+00:00,SELL,1726.63,,,1729.27,TRANSITION,-0.0015289899978570235,0.0020560282168153887,0.0008050364003869387,60,6
2026-06-20 19:59:00+00:00,2026-06-20 23:29:00+00:00,BUY,1729.27,,,1740.99,TRANSITION,0.0067774263128372245,0.0015844836260387385,0.009772909956224355,210,2
2026-06-20 23:29:00+00:00,2026-06-20 23:59:00+00:00,SELL,1740.99,,,1741.08,TRANSITION,-5.1694725414803154e-05,0.001166003251023827,0.0002699613438331221,30,3
2026-06-20 23:59:00+00:00,2026-06-20 23:59:00+00:00,BUY,1741.08,,,1741.08,SESSION_RESET,0.0,0.0,0.0,0,40
2026-06-21 01:29:00+00:00,2026-06-21 04:29:00+00:00,SELL,1735.27,,,1739.16,TRANSITION,-0.0022417260714471523,0.003561405429702619,0.0010142513845107625,180,15
2026-06-21 04:29:00+00:00,2026-06-21 04:59:00+00:00,BUY,1739.16,,,1732.85,TRANSITION,-0.0036281883207986455,0.00432967639550126,0.0012937280066238873,30,3
2026-06-21 04:59:00+00:00,2026-06-21 05:29:00+00:00,SELL,1732.85,,,1735.08,TRANSITION,-0.0012868973079031758,0.0014715641861674017,0.0017601061834549758,30,2
2026-06-21 05:29:00+00:00,2026-06-21 07:29:00+00:00,BUY,1735.08,,,1733.29,TRANSITION,-0.0010316527191829563,0.0017751342877561423,0.0020633054383660436,120,2
2026-06-21 07:29:00+00:00,2026-06-21 09:59:00+00:00,SELL,1733.29,,,1732.78,TRANSITION,0.0002942381251838936,0.0006923250004327294,0.005359749378349822,150,3
2026-06-21 09:59:00+00:00,2026-06-21 10:59:00+00:00,BUY,1732.78,,,1731.38,TRANSITION,-0.0008079502302657369,0.0010099377878322695,0.002446934983090761,60,24
2026-06-21 10:59:00+00:00,2026-06-21 12:59:00+00:00,SELL,1731.38,,,1726.0,TRANSITION,0.0031073478958981325,0.0019810786771245112,0.008224653166838018,120,4
2026-06-21 12:59:00+00:00,2026-06-21 14:29:00+00:00,BUY,1726.0,,,1722.39,TRANSITION,-0.0020915411355735226,0.002444959443800711,0.0012398609501738703,90,10
2026-06-21 14:29:00+00:00,2026-06-21 14:59:00+00:00,SELL,1722.39,,,1728.44,TRANSITION,-0.0035125610343766244,0.0035241728063910823,0.00013934126417362448,30,1
2026-06-21 14:59:00+00:00,2026-06-21 16:29:00+00:00,BUY,1728.44,,,1726.99,TRANSITION,-0.0008389067598528415,0.001388535326652988,0.0023894378746151914,90,2
2026-06-21 16:29:00+00:00,2026-06-21 18:59:00+00:00,SELL,1726.99,,,1735.39,TRANSITION,-0.0048639540472151495,0.00626523604653179,0.0030805042299028576,150,2
2026-06-21 18:59:00+00:00,2026-06-21 19:59:00+00:00,BUY,1735.39,,,1734.14,TRANSITION,-0.0007202991834688456,0.0010372308241952425,0.0022646206328259563,60,2
2026-06-21 19:59:00+00:00,2026-06-21 23:59:00+00:00,SELL,1734.14,,,1706.94,SESSION_RESET,0.015685008130831447,0.000691985652830693,0.018533682401651597,240,2
2026-06-22 02:59:00+00:00,2026-06-22 04:29:00+00:00,SELL,1737.28,,,1734.51,TRANSITION,0.0015944464910664844,0.0021297660710996764,0.0061820777307054755,90,1
2026-06-22 04:29:00+00:00,2026-06-22 08:29:00+00:00,BUY,1734.51,,,1746.39,TRANSITION,0.006849196603075283,0.0019544424650189966,0.01021614173455329,240,9
2026-06-22 08:29:00+00:00,2026-06-22 08:59:00+00:00,SELL,1746.39,,,1747.79,TRANSITION,-0.0008016536970549897,0.0025252091457233805,0.0014086200676824972,30,2
2026-06-22 08:59:00+00:00,2026-06-22 09:29:00+00:00,BUY,1747.79,,,1746.21,TRANSITION,-0.0009039987641535467,0.0013388336127337485,0.0014818713918721045,30,108
2026-06-22 09:29:00+00:00,2026-06-22 11:29:00+00:00,SELL,1746.21,,,1752.68,TRANSITION,-0.0037051671906586417,0.00643679740695564,0.001408765268782126,120,5
2026-06-22 11:29:00+00:00,2026-06-22 14:29:00+00:00,BUY,1752.68,,,1755.39,TRANSITION,0.0015462035283109502,-5.70554807494289e-06,0.015530501860008688,180,1
2026-06-22 14:29:00+00:00,2026-06-22 17:59:00+00:00,SELL,1755.39,,,1740.93,TRANSITION,0.008237485686941383,0.0022046382855091407,0.01371205259230152,210,2
2026-06-22 17:59:00+00:00,2026-06-22 18:59:00+00:00,BUY,1740.93,,,1733.51,TRANSITION,-0.0042620898025768255,0.006611408844697944,0.0038887261406259765,60,6
2026-06-22 18:59:00+00:00,2026-06-22 20:59:00+00:00,SELL,1733.51,,,1734.61,TRANSITION,-0.0006345507092545812,0.0037842296842821475,0.002515128265772854,120,5
2026-06-22 20:59:00+00:00,2026-06-22 22:29:00+00:00,BUY,1734.61,,,1722.28,TRANSITION,-0.0071082260565775175,0.009575639480920725,0.0016833755138042977,90,1
2026-06-22 22:29:00+00:00,2026-06-22 23:29:00+00:00,SELL,1722.28,,,1726.76,TRANSITION,-0.002601203056413602,0.003065703602201717,0.003054091088557024,60,2
2026-06-22 23:29:00+00:00,2026-06-22 23:59:00+00:00,BUY,1726.76,,,1728.19,SESSION_RESET,0.0008281405638305634,0.0011119090087794903,0.002223818017558849,30,3
2026-06-23 00:59:00+00:00,2026-06-23 04:59:00+00:00,BUY,1731.27,,,1719.07,TRANSITION,-0.007046850000288832,0.007809296065893813,0.0028765010656916705,240,1
2026-06-23 04:59:00+00:00,2026-06-23 11:29:00+00:00,SELL,1719.07,,,1660.65,TRANSITION,0.03398349107366183,0.0013437498182157638,0.0485262380240478,390,5
2026-06-23 11:29:00+00:00,2026-06-23 12:59:00+00:00,BUY,1660.65,,,1654.53,TRANSITION,-0.003685303947249642,0.004245325625508193,0.0019570650046668472,90,2
2026-06-23 12:59:00+00:00,2026-06-23 13:59:00+00:00,SELL,1654.53,,,1662.83,TRANSITION,-0.005016530374184786,0.005802251999057217,0.005445655261615076,60,10
2026-06-23 13:59:00+00:00,2026-06-23 14:59:00+00:00,BUY,1662.83,,,1662.1,TRANSITION,-0.00043901060240675126,0.002880631213052425,0.005514694827492932,60,2
2026-06-23 14:59:00+00:00,2026-06-23 15:59:00+00:00,SELL,1662.1,,,1659.78,TRANSITION,0.001395824559292423,0.0007761265868480784,0.006443655616388791,60,75
2026-06-23 15:59:00+00:00,2026-06-23 16:59:00+00:00,BUY,1659.78,,,1659.35,TRANSITION,-0.000259070479220176,0.0016809456674980803,0.008501126655339942,60,2
2026-06-23 16:59:00+00:00,2026-06-23 17:29:00+00:00,SELL,1659.35,,,1662.8,TRANSITION,-0.0020791273691505986,0.002476873474553366,0.0024166089131286293,30,10
2026-06-23 17:29:00+00:00,2026-06-23 17:59:00+00:00,BUY,1662.8,,,1656.85,TRANSITION,-0.0035783016598508813,0.00488934327640118,0.0012448881404858892,30,5
2026-06-23 17:59:00+00:00,2026-06-23 19:29:00+00:00,SELL,1656.85,,,1661.92,TRANSITION,-0.003060023538642704,0.003060023538642704,0.004134351329329698,90,8
2026-06-23 19:29:00+00:00,2026-06-23 22:29:00+00:00,BUY,1661.92,,,1665.34,TRANSITION,0.002057860787522772,0.0027317801097525535,0.006618850486184653,180,1
2026-06-23 22:29:00+00:00,2026-06-23 23:59:00+00:00,SELL,1665.34,,,1667.13,TRANSITION,-0.001074855585045811,0.002528012297789062,0.003044423360995314,90,2
2026-06-23 23:59:00+00:00,2026-06-23 23:59:00+00:00,BUY,1667.13,,,1667.13,SESSION_RESET,0.0,0.0,0.0,0,15
2026-06-24 00:59:00+00:00,2026-06-24 02:29:00+00:00,BUY,1671.37,,,1667.79,TRANSITION,-0.0021419554018559193,0.003823210898843388,0.005438652123706987,90,60
2026-06-24 02:29:00+00:00,2026-06-24 03:29:00+00:00,SELL,1667.79,,,1664.17,TRANSITION,0.002170537058022827,0.0010253089417732667,0.0057621163335910995,60,1
2026-06-24 03:29:00+00:00,2026-06-24 04:29:00+00:00,BUY,1664.17,,,1659.58,TRANSITION,-0.0027581316812586125,0.00357535588311293,0.00355732887866014,60,1
2026-06-24 04:29:00+00:00,2026-06-24 04:59:00+00:00,SELL,1659.58,,,1669.0,TRANSITION,-0.005676134925704138,0.006887284734691948,1.2051241880464822e-05,30,6
2026-06-24 04:59:00+00:00,2026-06-24 07:29:00+00:00,BUY,1669.0,,,1673.41,TRANSITION,0.0026423007789095755,0.0007189934092271094,0.0063331336129418435,150,2
2026-06-24 07:29:00+00:00,2026-06-24 11:59:00+00:00,SELL,1673.41,,,1679.57,TRANSITION,-0.0036811062441361375,0.01210701501724024,0.010547325520942322,270,1
2026-06-24 11:59:00+00:00,2026-06-24 12:59:00+00:00,BUY,1679.57,,,1671.53,TRANSITION,-0.004786939514280419,0.005388283905999723,0.0010240716373833942,60,2
2026-06-24 12:59:00+00:00,2026-06-24 19:59:00+00:00,SELL,1671.53,,,1584.58,TRANSITION,0.05201821086070848,0.0003828827481409846,0.07094099417898568,420,10
2026-06-24 19:59:00+00:00,2026-06-24 22:59:00+00:00,BUY,1584.58,,,1615.46,TRANSITION,0.019487813805551066,0.0028903558040615984,0.028550152090774848,180,2
2026-06-24 22:59:00+00:00,2026-06-24 23:59:00+00:00,SELL,1615.46,,,1622.17,TRANSITION,-0.004153615688410754,0.004952149852054523,0.0010585220308766768,60,2
2026-06-24 23:59:00+00:00,2026-06-24 23:59:00+00:00,BUY,1622.17,,,1622.17,SESSION_RESET,0.0,0.0,0.0,0,1
2026-06-25 02:59:00+00:00,2026-06-25 03:29:00+00:00,BUY,1621.0,,,1619.21,TRANSITION,-0.0011042566317087993,0.0029426280074028267,0.001924737816162795,30,1
2026-06-25 03:29:00+00:00,2026-06-25 03:59:00+00:00,SELL,1619.21,,,1619.6,TRANSITION,-0.00024085819628082378,0.0008831467196966815,0.0016736556715929597,30,1
2026-06-25 03:59:00+00:00,2026-06-25 09:29:00+00:00,BUY,1619.6,,,1648.27,TRANSITION,0.01770190170412452,0.0015312422820449607,0.02527784638182271,330,6
2026-06-25 09:29:00+00:00,2026-06-25 15:59:00+00:00,SELL,1648.27,,,1570.01,TRANSITION,0.047480085180219254,0.0013286658132466492,0.06999460039920638,390,10
2026-06-25 15:59:00+00:00,2026-06-25 16:59:00+00:00,BUY,1570.01,,,1562.04,TRANSITION,-0.005076400787256149,0.00754135323978823,0.011267444156406682,60,4
2026-06-25 16:59:00+00:00,2026-06-25 17:29:00+00:00,SELL,1562.04,,,1570.29,TRANSITION,-0.0052815548897595455,0.008572123633197678,0.0028680443522573163,30,2
2026-06-25 17:29:00+00:00,2026-06-25 18:59:00+00:00,BUY,1570.29,,,1567.56,TRANSITION,-0.001738532373001177,0.006552929713619754,0.004585140324398707,90,15
2026-06-25 18:59:00+00:00,2026-06-25 21:29:00+00:00,SELL,1567.56,,,1568.19,TRANSITION,-0.00040189849192382376,0.0020286304830437517,0.008267626119574394,150,2
2026-06-25 21:29:00+00:00,2026-06-25 22:59:00+00:00,BUY,1568.19,,,1570.3,TRANSITION,0.0013455002263755666,0.0010011541968767584,0.00985849928898924,90,2
2026-06-25 22:59:00+00:00,2026-06-25 23:29:00+00:00,SELL,1570.3,,,1577.51,TRANSITION,-0.00459147933515891,0.005591288288861984,0.0015856842641533524,30,690
2026-06-25 23:29:00+00:00,2026-06-25 23:59:00+00:00,BUY,1577.51,,,1567.84,TRANSITION,-0.006129913598012103,0.008202800616160947,0.0014643330311693398,30,15
2026-06-25 23:59:00+00:00,2026-06-25 23:59:00+00:00,SELL,1567.84,,,1567.84,SESSION_RESET,0.0,0.0,0.0,0,3
2026-06-26 00:59:00+00:00,2026-06-26 03:59:00+00:00,SELL,1564.72,,,1557.93,TRANSITION,0.0043394345314177385,0.002511631474001779,0.03369292908635412,180,6
2026-06-26 03:59:00+00:00,2026-06-26 08:29:00+00:00,BUY,1557.93,,,1572.9,TRANSITION,0.009608904122778318,0.009307221762210112,0.018338436258368434,270,4
2026-06-26 08:29:00+00:00,2026-06-26 12:29:00+00:00,SELL,1572.9,,,1551.8,TRANSITION,0.013414711679064235,0.0003115264797507846,0.020274651916841566,240,3
2026-06-26 12:29:00+00:00,2026-06-26 12:59:00+00:00,BUY,1551.8,,,1536.28,TRANSITION,-0.010001288825879612,0.015459466426085842,0.0056772779997422,30,2
2026-06-26 12:59:00+00:00,2026-06-26 13:59:00+00:00,SELL,1536.28,,,1569.4,TRANSITION,-0.02155857005233429,0.02286041606998732,0.009594605150102851,60,2
2026-06-26 13:59:00+00:00,2026-06-26 14:59:00+00:00,BUY,1569.4,,,1559.98,TRANSITION,-0.006002293870268938,0.010029310564546966,0.0037976296673886893,60,5
2026-06-26 14:59:00+00:00,2026-06-26 15:29:00+00:00,SELL,1559.98,,,1580.02,TRANSITION,-0.012846318542545393,0.017455351991692212,0.0002692342209515973,30,6
2026-06-26 15:29:00+00:00,2026-06-26 18:29:00+00:00,BUY,1580.02,,,1575.55,TRANSITION,-0.0028290781129352966,0.004797407627751502,0.009291021632637602,180,2
2026-06-26 18:29:00+00:00,2026-06-26 20:29:00+00:00,SELL,1575.55,,,1578.79,TRANSITION,-0.002056424740566792,0.0054901462981181755,0.003319475738630966,120,2
2026-06-26 20:29:00+00:00,2026-06-26 20:59:00+00:00,BUY,1578.79,,,1571.03,TRANSITION,-0.00491515654393554,0.006834347823333036,8.234154004022646e-05,30,2
2026-06-26 20:59:00+00:00,2026-06-26 21:29:00+00:00,SELL,1571.03,,,1574.87,TRANSITION,-0.0024442563159200767,0.002527004576615359,0.001654965213904196,30,28
2026-06-26 21:29:00+00:00,2026-06-26 22:29:00+00:00,BUY,1574.87,,,1573.37,TRANSITION,-0.0009524595680913346,0.0034479036364905274,0.0028764278956359573,60,1
2026-06-26 22:29:00+00:00,2026-06-26 22:59:00+00:00,SELL,1573.37,,,1577.95,TRANSITION,-0.0029109491092369597,0.003864316721432438,0.0011249737823906532,30,3
2026-06-26 22:59:00+00:00,2026-06-26 23:59:00+00:00,BUY,1577.95,,,1578.68,SESSION_RESET,0.0004626255584777833,0.002224405082543801,0.0017807915333185116,60,1
2026-06-27 01:29:00+00:00,2026-06-27 04:59:00+00:00,BUY,1577.13,,,1579.48,TRANSITION,0.0014900483790175247,0.0015788172186186357,0.006365993925675095,210,2
2026-06-27 04:59:00+00:00,2026-06-27 06:29:00+00:00,SELL,1579.48,,,1578.94,TRANSITION,0.00034188467090432524,0.0010383164079316438,0.0027097525767974095,90,2
2026-06-27 06:29:00+00:00,2026-06-27 09:29:00+00:00,BUY,1578.94,,,1580.78,TRANSITION,0.0011653387715808822,6.333362889021055e-06,0.004712021989435985,180,5
2026-06-27 09:29:00+00:00,2026-06-27 09:59:00+00:00,SELL,1580.78,,,1582.93,TRANSITION,-0.001360088057794311,0.0014170219764926234,6.325990966479147e-06,30,3
2026-06-27 09:59:00+00:00,2026-06-27 11:29:00+00:00,BUY,1582.93,,,1580.57,TRANSITION,-0.0014909061045024904,0.002135280776787419,0.0013835103257881442,90,1
2026-06-27 11:29:00+00:00,2026-06-27 11:59:00+00:00,SELL,1580.57,,,1584.0,TRANSITION,-0.0021701031906211452,0.0027584985163581033,0.0009933125391472293,30,3
2026-06-27 11:59:00+00:00,2026-06-27 17:29:00+00:00,BUY,1584.0,,,1594.84,TRANSITION,0.006843434343434292,0.001628787878787833,0.017058080808080796,330,4
2026-06-27 17:29:00+00:00,2026-06-27 18:29:00+00:00,SELL,1594.84,,,1592.7,TRANSITION,0.0013418273933434532,0.0011411803064885278,0.003536404905821194,60,5
2026-06-27 18:29:00+00:00,2026-06-27 19:29:00+00:00,BUY,1592.7,,,1581.67,TRANSITION,-0.006925346895209375,0.009888867960067809,0.0016010548125823785,60,1
2026-06-27 19:29:00+00:00,2026-06-27 21:29:00+00:00,SELL,1581.67,,,1584.83,TRANSITION,-0.0019978883079276046,0.002149626660428448,0.0052539404553416155,120,1
2026-06-27 21:29:00+00:00,2026-06-27 21:59:00+00:00,BUY,1584.83,,,1575.38,TRANSITION,-0.005962784651981486,0.006877709281121549,0.0005426449524555488,30,2
2026-06-27 21:59:00+00:00,2026-06-27 23:59:00+00:00,SELL,1575.38,,,1573.99,SESSION_RESET,0.0008823268036918711,0.003935558404956149,0.007947288908073105,120,4
2026-06-28 02:29:00+00:00,2026-06-28 03:29:00+00:00,SELL,1571.77,,,1574.7,TRANSITION,-0.0018641404276707556,0.0027612182443995737,0.0006107763858580049,60,3
2026-06-28 03:29:00+00:00,2026-06-28 04:29:00+00:00,BUY,1574.7,,,1574.37,TRANSITION,-0.00020956372642417896,0.0014034419254461397,0.0006286911792722481,60,21
2026-06-28 04:29:00+00:00,2026-06-28 07:59:00+00:00,SELL,1574.37,,,1575.96,TRANSITION,-0.0010099277806361565,0.0018864688732636086,0.007596689469438448,210,2
2026-06-28 07:59:00+00:00,2026-06-28 09:59:00+00:00,BUY,1575.96,,,1579.09,TRANSITION,0.0019860910175384413,0.0014023198558339276,0.006592806924033524,120,1
2026-06-28 09:59:00+00:00,2026-06-28 10:59:00+00:00,SELL,1579.09,,,1577.16,TRANSITION,0.0012222229258622601,0.001475533376818392,0.004344274233894141,60,2
2026-06-28 10:59:00+00:00,2026-06-28 13:59:00+00:00,BUY,1577.16,,,1579.68,TRANSITION,0.001597808719470429,0.0013441882878085407,0.00739303558294647,180,10
2026-06-28 13:59:00+00:00,2026-06-28 14:29:00+00:00,SELL,1579.68,,,1582.41,TRANSITION,-0.0017281981160741531,0.004228704547756404,0.0011141497012053015,30,3
2026-06-28 14:29:00+00:00,2026-06-28 16:29:00+00:00,BUY,1582.41,,,1576.61,TRANSITION,-0.0036652953406513997,0.005599054606581181,0.0023508445977970483,120,435
2026-06-28 16:29:00+00:00,2026-06-28 17:59:00+00:00,SELL,1576.61,,,1572.35,TRANSITION,0.0027019998604600956,0.00047570420078522907,0.00829628126169435,90,2
2026-06-28 17:59:00+00:00,2026-06-28 18:59:00+00:00,BUY,1572.35,,,1571.78,TRANSITION,-0.0003625147072852332,0.002079689636531295,0.0017807740006997056,60,2
2026-06-28 18:59:00+00:00,2026-06-28 23:29:00+00:00,SELL,1571.78,,,1570.05,TRANSITION,0.0011006629426510187,0.006686686431943396,0.014893941900265993,270,190
2026-06-28 23:29:00+00:00,2026-06-28 23:59:00+00:00,BUY,1570.05,,,1571.96,SESSION_RESET,0.001216521766822765,0.0002420305085824539,0.006401070029616863,30,1
2026-06-29 00:59:00+00:00,2026-06-29 01:59:00+00:00,BUY,1573.53,,,1568.7,TRANSITION,-0.003069531562791893,0.008477753840091971,0.00047663533583725763,60,1
2026-06-29 01:59:00+00:00,2026-06-29 02:29:00+00:00,SELL,1568.7,,,1573.06,TRANSITION,-0.002779371454070185,0.004258303053483817,0.011646586345381514,30,2
2026-06-29 02:29:00+00:00,2026-06-29 04:59:00+00:00,BUY,1573.06,,,1575.5,TRANSITION,0.0015511169313313254,0.0021296072622785586,0.010609894091770215,150,3
2026-06-29 04:59:00+00:00,2026-06-29 05:59:00+00:00,SELL,1575.5,,,1583.1,TRANSITION,-0.004823865439542945,0.004823865439542945,0.008403681370993342,60,5
2026-06-29 05:59:00+00:00,2026-06-29 07:59:00+00:00,BUY,1583.1,,,1580.16,TRANSITION,-0.0018571157854840677,0.00327206114585297,0.003777398774556262,120,1
2026-06-29 07:59:00+00:00,2026-06-29 09:29:00+00:00,SELL,1580.16,,,1576.71,TRANSITION,0.0021833232077764562,0.0013732786553259451,0.0065246557310653175,90,1
2026-06-29 09:29:00+00:00,2026-06-29 11:29:00+00:00,BUY,1576.71,,,1574.05,TRANSITION,-0.0016870572267570331,0.004052742736457624,0.006526247692980931,120,3
2026-06-29 11:29:00+00:00,2026-06-29 11:59:00+00:00,SELL,1574.05,,,1574.93,TRANSITION,-0.0005590673739716712,0.0053937295511578475,0.002204504304183493,30,5
2026-06-29 11:59:00+00:00,2026-06-29 13:29:00+00:00,BUY,1574.93,,,1575.25,TRANSITION,0.00020318363355827643,0.005289123961065035,0.014191106906338636,90,1
2026-06-29 13:29:00+00:00,2026-06-29 14:59:00+00:00,SELL,1575.25,,,1572.9,TRANSITION,0.00149182669417547,0.006106967148071666,0.011363275670528545,90,2
2026-06-29 14:59:00+00:00,2026-06-29 18:29:00+00:00,BUY,1572.9,,,1619.05,TRANSITION,0.0293407082459151,0.007120605251446401,0.0411214953271027,210,6
2026-06-29 18:29:00+00:00,2026-06-29 18:59:00+00:00,SELL,1619.05,,,1621.1,TRANSITION,-0.001266174608566724,0.003205583521200738,0.0003211759982705796,30,1
2026-06-29 18:59:00+00:00,2026-06-29 20:59:00+00:00,BUY,1621.1,,,1617.66,TRANSITION,-0.002122015915119257,0.003004132996113683,0.0038615754734439523,120,10
2026-06-29 20:59:00+00:00,2026-06-29 23:59:00+00:00,SELL,1617.66,,,1613.07,TRANSITION,0.0028374318459998675,0.0033010645005748535,0.006336312945860069,180,2
2026-06-29 23:59:00+00:00,2026-06-29 23:59:00+00:00,BUY,1613.07,,,1613.07,SESSION_RESET,0.0,0.0,0.0,0,3
2026-06-30 01:29:00+00:00,2026-06-30 02:59:00+00:00,BUY,1599.35,,,1590.57,TRANSITION,-0.005489730202894909,0.008040766561415513,3.7515240566588184e-05,90,5
2026-06-30 02:59:00+00:00,2026-06-30 04:29:00+00:00,SELL,1590.57,,,1587.4,TRANSITION,0.001992996221480253,0.00352703747713092,0.00677744456389846,90,1
2026-06-30 04:29:00+00:00,2026-06-30 05:29:00+00:00,BUY,1587.4,,,1585.79,TRANSITION,-0.0010142371172988077,0.0011339296963589402,0.002261559783293384,60,2
2026-06-30 05:29:00+00:00,2026-06-30 05:59:00+00:00,SELL,1585.79,,,1591.6,TRANSITION,-0.0036637890262897015,0.00392864124505768,0.0003594422968992971,30,2
2026-06-30 05:59:00+00:00,2026-06-30 07:29:00+00:00,BUY,1591.6,,,1591.37,TRANSITION,-0.00014450867052024266,0.001633576275446035,0.002921588338778645,90,2
2026-06-30 07:29:00+00:00,2026-06-30 07:59:00+00:00,SELL,1591.37,,,1592.51,TRANSITION,-0.0007163638877194494,0.0018034775068023895,0.000138245662542212,30,3
2026-06-30 07:59:00+00:00,2026-06-30 08:29:00+00:00,BUY,1592.51,,,1589.42,TRANSITION,-0.0019403331847209237,0.0033845941312771037,0.0011114529893061782,30,96
2026-06-30 08:29:00+00:00,2026-06-30 13:59:00+00:00,SELL,1589.42,,,1567.29,TRANSITION,0.013923317939877508,0.00016358168388468176,0.02467566785368249,330,2
2026-06-30 13:59:00+00:00,2026-06-30 14:59:00+00:00,BUY,1567.29,,,1563.52,TRANSITION,-0.0024054259262803832,0.0038027423131647854,0.006833451371475628,60,1
2026-06-30 14:59:00+00:00,2026-06-30 16:59:00+00:00,SELL,1563.52,,,1572.38,TRANSITION,-0.005666700777732378,0.008583196889070862,0.00394622390503484,120,2
2026-06-30 16:59:00+00:00,2026-06-30 17:59:00+00:00,BUY,1572.38,,,1570.86,TRANSITION,-0.0009666874419670875,0.002378559890102907,0.003001818898739363,60,2
2026-06-30 17:59:00+00:00,2026-06-30 18:29:00+00:00,SELL,1570.86,,,1576.93,TRANSITION,-0.00386412538354797,0.006983435824962141,0.0008084743388971531,30,2
2026-06-30 18:29:00+00:00,2026-06-30 20:29:00+00:00,BUY,1576.93,,,1577.29,TRANSITION,0.00022829168067060678,0.0024034040826161995,0.003836568522382068,120,2
2026-06-30 20:29:00+00:00,2026-06-30 23:59:00+00:00,SELL,1577.29,,,1572.01,TRANSITION,0.0033475137736243637,0.0008115184905755902,0.00715784668640514,210,2
2026-06-30 23:59:00+00:00,2026-06-30 23:59:00+00:00,BUY,1572.01,,,1572.01,SESSION_RESET,0.0,0.0,0.0,0,3
2026-07-01 00:59:00+00:00,2026-07-01 05:29:00+00:00,BUY,1575.07,,,1593.74,TRANSITION,0.011853441434348997,0.01406286704717877,0.01838013548604192,270,2
2026-07-01 05:29:00+00:00,2026-07-01 08:59:00+00:00,SELL,1593.74,,,1582.37,TRANSITION,0.007134162410430885,0.000577258523975098,0.01583068756509846,210,2
2026-07-01 08:59:00+00:00,2026-07-01 10:29:00+00:00,BUY,1582.37,,,1575.53,TRANSITION,-0.0043226299790819584,0.005927817135056834,0.0018706118038132906,90,1
2026-07-01 10:29:00+00:00,2026-07-01 13:29:00+00:00,SELL,1575.53,,,1578.44,TRANSITION,-0.0018469975182954827,0.002507092851294514,0.00651844141336565,180,2
2026-07-01 13:29:00+00:00,2026-07-01 18:29:00+00:00,BUY,1578.44,,,1617.88,TRANSITION,0.024986695724892965,0.0053470515192215445,0.03329869998226093,300,2
2026-07-01 18:29:00+00:00,2026-07-01 20:59:00+00:00,SELL,1617.88,,,1617.68,TRANSITION,0.0001236185625633826,0.0037827280144385805,0.004635696096125794,150,2
2026-07-01 20:59:00+00:00,2026-07-01 22:59:00+00:00,BUY,1617.68,,,1621.63,TRANSITION,0.002441768458533236,8.036199990116039e-05,0.01766727659364023,120,420
2026-07-01 22:59:00+00:00,2026-07-01 23:59:00+00:00,SELL,1621.63,,,1609.58,SESSION_RESET,0.007430794940892917,0.0,0.008189291021996508,60,10
2026-07-02 01:29:00+00:00,2026-07-02 05:29:00+00:00,BUY,1611.66,,,1632.42,TRANSITION,0.012881128774059038,-6.204782646458251e-06,0.019023863594058207,240,15
2026-07-02 05:29:00+00:00,2026-07-02 08:59:00+00:00,SELL,1632.42,,,1624.92,TRANSITION,0.004594405851435292,0.0,0.01108783278813059,210,2
2026-07-02 08:59:00+00:00,2026-07-02 16:29:00+00:00,BUY,1624.92,,,1689.68,TRANSITION,0.039854269748664545,0.0028186003003225725,0.06159072446643522,450,27
2026-07-02 16:29:00+00:00,2026-07-02 16:59:00+00:00,SELL,1689.68,,,1699.67,TRANSITION,-0.0059123621040670475,0.008474977510534502,0.00034917854268272423,30,3
2026-07-02 16:59:00+00:00,2026-07-02 17:59:00+00:00,BUY,1699.67,,,1695.89,TRANSITION,-0.0022239611218648164,0.003035883436196486,0.0036889513846805446,60,4
2026-07-02 17:59:00+00:00,2026-07-02 18:29:00+00:00,SELL,1695.89,,,1703.89,TRANSITION,-0.004717287088195578,0.0048352192654003605,0.000259450789850789,30,2
2026-07-02 18:29:00+00:00,2026-07-02 19:59:00+00:00,BUY,1703.89,,,1700.15,TRANSITION,-0.002194977375300054,0.005364196045519428,0.001907400125594962,90,1
2026-07-02 19:59:00+00:00,2026-07-02 20:59:00+00:00,SELL,1700.15,,,1705.75,TRANSITION,-0.0032938270152633054,0.0038408375731552938,0.0023939064200218588,60,1
2026-07-02 20:59:00+00:00,2026-07-02 22:29:00+00:00,BUY,1705.75,,,1696.58,TRANSITION,-0.005375934339733298,0.00544628462553127,8.207533343110071e-05,90,3
2026-07-02 22:29:00+00:00,2026-07-02 23:29:00+00:00,SELL,1696.58,,,1698.37,TRANSITION,-0.001055063716417713,0.0025934527107475576,0.0026229237642786184,60,2
2026-07-02 23:29:00+00:00,2026-07-02 23:59:00+00:00,BUY,1698.37,,,1700.57,SESSION_RESET,0.0012953596683879518,0.0013954556427632912,0.002019583482986666,30,10
